z, Pressure_0, Pressure_1, Pressure_2, Pressure_3, Velocity_0, GasTemperature_0, SolidTemperature_0, CH4_0, CO_0, O2_0, CO2_0, H2_0, H2O_0, AR_0, H(s)_0, O(s)_0, CH4(s)_0, H2O(s)_0, CO2(s)_0, CO(s)_0, OH(s)_0, C(s)_0, HCO(s)_0, CH(s)_0, CH3(s)_0, CH2(s)_0, COOH(s)_0, Ni(s)_0, Velocity_1, GasTemperature_1, SolidTemperature_1, CH4_1, CO_1, O2_1, CO2_1, H2_1, H2O_1, AR_1, H(s)_1, O(s)_1, CH4(s)_1, H2O(s)_1, CO2(s)_1, CO(s)_1, OH(s)_1, C(s)_1, HCO(s)_1, CH(s)_1, CH3(s)_1, CH2(s)_1, COOH(s)_1, Ni(s)_1, Velocity_2, GasTemperature_2, SolidTemperature_2, CH4_2, CO_2, O2_2, CO2_2, H2_2, H2O_2, AR_2, H(s)_2, O(s)_2, CH4(s)_2, H2O(s)_2, CO2(s)_2, CO(s)_2, OH(s)_2, C(s)_2, HCO(s)_2, CH(s)_2, CH3(s)_2, CH2(s)_2, COOH(s)_2, Ni(s)_2, Velocity_3, GasTemperature_3, SolidTemperature_3, CH4_3, CO_3, O2_3, CO2_3, H2_3, H2O_3, AR_3, H(s)_3, O(s)_3, CH4(s)_3, H2O(s)_3, CO2(s)_3, CO(s)_3, OH(s)_3, C(s)_3, HCO(s)_3, CH(s)_3, CH3(s)_3, CH2(s)_3, COOH(s)_3, Ni(s)_3, 
0.000526316, 1.00023e+06, 1.00023e+06, 1.00022e+06, 1.00018e+06, 0.14207, 1173, 1173, 0.174232, 0.0183113, 4.78252e-17, 0.0285879, 0.190307, 0.588553, 8.8682e-06, 0.256617, 0.00749287, 4.25058e-09, 0.00427906, 2.35929e-05, 0.260353, 0.000236667, 8.3852e-08, 6.42602e-11, 1.47082e-11, 1.22578e-09, 3.79203e-10, 4.9054e-08, 0.470998, 0.142096, 1173, 1173, 0.17422, 0.0182982, 4.76945e-17, 0.0284989, 0.190533, 0.588441, 8.86486e-06, 0.256751, 0.00748204, 4.25e-09, 0.00427794, 2.35419e-05, 0.260265, 0.000236465, 8.39009e-08, 6.42475e-11, 1.46972e-11, 1.22542e-09, 3.78956e-10, 4.89769e-08, 0.470964, 0.14215, 1173, 1173, 0.174132, 0.0183056, 4.74796e-17, 0.02841, 0.190899, 0.588245, 8.86263e-06, 0.256915, 0.00746282, 4.24648e-09, 0.00427513, 2.34908e-05, 0.260274, 0.000236084, 8.40959e-08, 6.43145e-11, 1.46706e-11, 1.22407e-09, 3.78324e-10, 4.89177e-08, 0.470813, 0.14307, 1173, 1173, 0.173635, 0.0185695, 4.74272e-17, 0.0288655, 0.190925, 0.587996, 8.8807e-06, 0.256445, 0.0074446, 4.22624e-09, 0.00426512, 2.37703e-05, 0.261657, 0.000235519, 8.51848e-08, 6.51196e-11, 1.45989e-11, 1.21805e-09, 3.76454e-10, 4.95021e-08, 0.469929, 
0.00157895, 1.00022e+06, 1.00022e+06, 1.00021e+06, 1.00017e+06, 0.150817, 1173, 1173, 0.132303, 0.0344145, 1.62103e-17, 0.042358, 0.282579, 0.508338, 8.37433e-06, 0.269852, 0.00376173, 2.78553e-09, 0.00318951, 2.22917e-05, 0.316557, 0.000144779, 2.32906e-07, 1.26998e-10, 7.97685e-12, 7.64921e-10, 2.09542e-10, 5.64143e-08, 0.406472, 0.150663, 1173, 1173, 0.132448, 0.0344242, 1.63856e-17, 0.0425588, 0.281473, 0.509087, 8.39103e-06, 0.269481, 0.00378427, 2.79022e-09, 0.00319607, 2.24315e-05, 0.316661, 0.000145361, 2.31855e-07, 1.26859e-10, 8.00355e-12, 7.66377e-10, 2.10204e-10, 5.6657e-08, 0.406709, 0.150162, 1173, 1173, 0.132865, 0.0344921, 1.69304e-17, 0.0432552, 0.278096, 0.511284, 8.44184e-06, 0.268295, 0.00385302, 2.80354e-09, 0.00321508, 2.28836e-05, 0.317095, 0.000147111, 2.28914e-07, 1.2655e-10, 8.0831e-12, 7.70538e-10, 2.12161e-10, 5.74519e-08, 0.407371, 0.145967, 1173, 1173, 0.134121, 0.0346851, 1.84588e-17, 0.0450069, 0.269249, 0.516929, 8.56713e-06, 0.26512, 0.00404077, 2.84207e-09, 0.00326437, 2.41307e-05, 0.318282, 0.000151803, 2.21388e-07, 1.25747e-10, 8.30848e-12, 7.82576e-10, 2.17704e-10, 5.96128e-08, 0.409117, 
0.00263158, 1.00021e+06, 1.0002e+06, 1.0002e+06, 1.00016e+06, 0.155955, 1173, 1173, 0.108761, 0.0461812, 1.00277e-17, 0.0480035, 0.330007, 0.467039, 8.13013e-06, 0.271709, 0.00275747, 2.13355e-09, 0.0027303, 2.19354e-05, 0.343943, 0.000114687, 3.69889e-07, 1.71591e-10, 5.84844e-12, 5.82005e-10, 1.51838e-10, 5.99724e-08, 0.378723, 0.155552, 1173, 1173, 0.108984, 0.0462756, 1.02346e-17, 0.0485665, 0.327614, 0.468552, 8.16758e-06, 0.270963, 0.00278909, 2.13983e-09, 0.00274158, 2.22321e-05, 0.344308, 0.000115581, 3.67097e-07, 1.71469e-10, 5.87979e-12, 5.83752e-10, 1.52654e-10, 6.05631e-08, 0.37906, 0.15457, 1173, 1173, 0.109574, 0.0465166, 1.07912e-17, 0.0500197, 0.321633, 0.472249, 8.25957e-06, 0.269078, 0.00286977, 2.1562e-09, 0.00276939, 2.2994e-05, 0.345233, 0.000117833, 3.60245e-07, 1.71163e-10, 5.96132e-12, 5.88314e-10, 1.54767e-10, 6.20649e-08, 0.379908, 0.149684, 1173, 1173, 0.110971, 0.0470296, 1.20246e-17, 0.0528881, 0.309475, 0.479628, 8.43924e-06, 0.265155, 0.00304306, 2.19369e-09, 0.00282551, 2.4649e-05, 0.34717, 0.000122562, 3.46647e-07, 1.70521e-10, 6.14533e-12, 5.98849e-10, 1.59511e-10, 6.52639e-08, 0.381659, 
0.00368421, 1.00019e+06, 1.00019e+06, 1.00019e+06, 1.00015e+06, 0.159146, 1173, 1173, 0.092884, 0.0554416, 7.59841e-18, 0.0514417, 0.358536, 0.441688, 8.00727e-06, 0.271125, 0.00229792, 1.74434e-09, 0.00247191, 2.1948e-05, 0.361418, 9.96186e-05, 4.88238e-07, 2.05554e-10, 4.78573e-12, 4.76564e-10, 1.21238e-10, 6.25397e-08, 0.362565, 0.158561, 1173, 1173, 0.0931261, 0.0556397, 7.81393e-18, 0.052319, 0.355176, 0.443731, 8.06119e-06, 0.270125, 0.00233275, 1.75066e-09, 0.00248586, 2.23601e-05, 0.361998, 0.000100654, 4.8365e-07, 2.05528e-10, 4.81382e-12, 4.78179e-10, 1.2202e-10, 6.34151e-08, 0.362934, 0.157225, 1173, 1173, 0.0937081, 0.0561108, 8.33569e-18, 0.0543957, 0.347482, 0.448295, 8.18322e-06, 0.267804, 0.00241452, 1.76569e-09, 0.00251726, 2.33395e-05, 0.363362, 0.000103047, 4.73421e-07, 2.05486e-10, 4.88127e-12, 4.82043e-10, 1.23881e-10, 6.54724e-08, 0.363776, 0.147039, 1173, 1173, 0.0949747, 0.0570113, 9.37402e-18, 0.0581056, 0.333452, 0.456448, 8.39882e-06, 0.263461, 0.00257285, 1.79715e-09, 0.00257393, 2.52667e-05, 0.365923, 0.000107562, 4.55287e-07, 2.0539e-10, 5.02123e-12, 4.9028e-10, 1.27685e-10, 6.94344e-08, 0.365336, 
0.00473684, 1.00018e+06, 1.00018e+06, 1.00018e+06, 1.00014e+06, 0.161182, 1173, 1173, 0.0811084, 0.0630737, 6.36087e-18, 0.0541631, 0.376843, 0.424804, 7.95832e-06, 0.269713, 0.00204036, 1.478e-09, 0.00230687, 2.21717e-05, 0.374016, 9.06823e-05, 5.8892e-07, 2.3263e-10, 4.14307e-12, 4.05641e-10, 1.01768e-10, 6.47665e-08, 0.35181, 0.160437, 1173, 1173, 0.0813188, 0.063394, 6.57221e-18, 0.0553101, 0.3728, 0.42717, 8.02473e-06, 0.268531, 0.00207606, 1.48332e-09, 0.00232204, 2.26741e-05, 0.374794, 9.17722e-05, 5.829e-07, 2.32786e-10, 4.16487e-12, 4.06873e-10, 1.02432e-10, 6.58778e-08, 0.352163, 0.158828, 1173, 1173, 0.0818295, 0.0640978, 7.06162e-18, 0.0578927, 0.363928, 0.432243, 8.16872e-06, 0.265914, 0.00215677, 1.49599e-09, 0.0023549, 2.38168e-05, 0.3765, 9.41988e-05, 5.69878e-07, 2.33076e-10, 4.2168e-12, 4.09865e-10, 1.03986e-10, 6.83701e-08, 0.352956, 0.147713, 1173, 1173, 0.0828878, 0.0653831, 7.99885e-18, 0.0622802, 0.348671, 0.44077, 8.41026e-06, 0.261286, 0.00230445, 1.52116e-09, 0.00241059, 2.59555e-05, 0.379548, 9.85147e-05, 5.4827e-07, 2.33603e-10, 4.3206e-12, 4.16e-10, 1.07001e-10, 7.29326e-08, 0.354326, 
0.00578947, 1.00017e+06, 1.00017e+06, 1.00017e+06, 1.00013e+06, 0.162358, 1173, 1173, 0.0718292, 0.0696305, 5.65003e-18, 0.0566946, 0.388785, 0.413053, 7.95764e-06, 0.267902, 0.00188053, 1.27999e-09, 0.0021935, 2.25597e-05, 0.383874, 8.48921e-05, 6.74527e-07, 2.55085e-10, 3.7073e-12, 3.5342e-10, 8.80083e-11, 6.69337e-08, 0.344042, 0.16151, 1173, 1173, 0.0720005, 0.0700588, 5.85635e-18, 0.0580609, 0.384249, 0.415623, 8.03351e-06, 0.266594, 0.00191644, 1.2843e-09, 0.0022093, 2.31318e-05, 0.384793, 8.60069e-05, 6.6726e-07, 2.55401e-10, 3.72305e-12, 3.54293e-10, 8.85556e-11, 6.82296e-08, 0.344377, 0.159716, 1173, 1173, 0.072412, 0.0709784, 6.32319e-18, 0.0610621, 0.37455, 0.420989, 8.19421e-06, 0.263772, 0.00199572, 1.2944e-09, 0.00224261, 2.44047e-05, 0.38676, 8.8427e-05, 6.51955e-07, 2.56014e-10, 3.76051e-12, 3.56422e-10, 8.98137e-11, 7.10702e-08, 0.345116, 0.143159, 1173, 1173, 0.0732516, 0.0726057, 7.19255e-18, 0.066016, 0.35843, 0.429688, 8.45571e-06, 0.258946, 0.00213612, 1.31401e-09, 0.002297, 2.67179e-05, 0.390159, 9.2587e-05, 6.27485e-07, 2.57082e-10, 3.83526e-12, 3.60791e-10, 9.21923e-11, 7.61158e-08, 0.346342, 
0.00684211, 1.00016e+06, 1.00016e+06, 1.00015e+06, 1.00012e+06, 0.162977, 1173, 1173, 0.0642407, 0.0753667, 5.21773e-18, 0.0591839, 0.39643, 0.404771, 7.99298e-06, 0.265911, 0.0017765, 1.12525e-09, 0.00211286, 2.30675e-05, 0.391916, 8.09799e-05, 7.46685e-07, 2.74044e-10, 3.38867e-12, 3.12823e-10, 7.76397e-11, 6.91085e-08, 0.338179, 0.162039, 1173, 1173, 0.0643594, 0.0759024, 5.42082e-18, 0.0607435, 0.391533, 0.407453, 8.07622e-06, 0.264506, 0.0018123, 1.12836e-09, 0.00212881, 2.36996e-05, 0.392958, 8.20998e-05, 7.38492e-07, 2.74533e-10, 3.39853e-12, 3.13311e-10, 7.80651e-11, 7.05621e-08, 0.338488, 0.160092, 1173, 1173, 0.0646529, 0.0770291, 5.87358e-18, 0.064115, 0.381229, 0.412966, 8.24992e-06, 0.261526, 0.00189026, 1.13578e-09, 0.00216194, 2.50857e-05, 0.395142, 8.4497e-05, 7.21437e-07, 2.75469e-10, 3.4228e-12, 3.1459e-10, 7.90428e-11, 7.37002e-08, 0.339169, 0.142555, 1173, 1173, 0.0652842, 0.0789511, 6.70054e-18, 0.0695651, 0.364471, 0.42172, 8.52687e-06, 0.256556, 0.00202576, 1.15062e-09, 0.00221501, 2.75523e-05, 0.398794, 8.854e-05, 6.94536e-07, 2.76967e-10, 3.4739e-12, 3.1749e-10, 8.09037e-11, 7.91496e-08, 0.340293, 
0.00789474, 1.00015e+06, 1.00014e+06, 1.00014e+06, 1.00011e+06, 0.163105, 1173, 1173, 0.057817, 0.0805575, 4.9538e-18, 0.0617764, 0.400957, 0.398884, 8.05394e-06, 0.263766, 0.00170724, 9.98868e-10, 0.00205363, 2.3695e-05, 0.398816, 7.82652e-05, 8.07894e-07, 2.90552e-10, 3.14035e-12, 2.79735e-10, 6.93969e-11, 7.13912e-08, 0.333554, 0.162113, 1173, 1173, 0.0578885, 0.0811797, 5.15428e-18, 0.0635016, 0.395788, 0.401634, 8.14302e-06, 0.262293, 0.001743, 1.00099e-09, 0.00206962, 2.43781e-05, 0.39994, 7.93878e-05, 7.98846e-07, 2.91161e-10, 3.14515e-12, 2.79906e-10, 6.97195e-11, 7.29745e-08, 0.33385, 0.16007, 1173, 1173, 0.0580792, 0.0824696, 5.5991e-18, 0.0671917, 0.385027, 0.407224, 8.32716e-06, 0.259206, 0.00182018, 1.00624e-09, 0.00210251, 2.5862e-05, 0.402264, 8.17685e-05, 7.80153e-07, 2.92305e-10, 3.15842e-12, 2.80505e-10, 7.04683e-11, 7.63569e-08, 0.334499, 0.137116, 1173, 1173, 0.0585136, 0.0846355, 6.4033e-18, 0.0730886, 0.367792, 0.415962, 8.61709e-06, 0.254135, 0.00195251, 1.01693e-09, 0.00215434, 2.84682e-05, 0.406085, 8.5726e-05, 7.51087e-07, 2.94103e-10, 3.18965e-12, 2.82152e-10, 7.18946e-11, 8.21511e-08, 0.335558, 
0.00894737, 1.00013e+06, 1.00013e+06, 1.00013e+06, 1.0001e+06, 0.162923, 1173, 1173, 0.0523, 0.0852302, 4.80157e-18, 0.0644435, 0.403157, 0.394861, 8.13754e-06, 0.261577, 0.0016623, 8.93601e-10, 0.00201052, 2.44095e-05, 0.404765, 7.64136e-05, 8.58612e-07, 3.0485e-10, 2.93873e-12, 2.52164e-10, 6.26588e-11, 7.37445e-08, 0.329884, 0.161881, 1173, 1173, 0.0523216, 0.0859337, 5.00181e-18, 0.0663228, 0.397779, 0.397634, 8.23125e-06, 0.260048, 0.00169806, 8.94731e-10, 0.00202637, 2.51403e-05, 0.40596, 7.75347e-05, 8.48917e-07, 3.05569e-10, 2.93896e-12, 2.52032e-10, 6.28846e-11, 7.54441e-08, 0.330165, 0.159752, 1173, 1173, 0.0524094, 0.0873711, 5.4437e-18, 0.0703098, 0.386665, 0.403236, 8.42369e-06, 0.256874, 0.00177482, 8.97925e-10, 0.0020588, 2.67162e-05, 0.408396, 7.98996e-05, 8.28911e-07, 3.06888e-10, 2.9425e-12, 2.52007e-10, 6.34265e-11, 7.90454e-08, 0.330789, 0.135893, 1173, 1173, 0.05266, 0.0897457, 6.23469e-18, 0.0766307, 0.369055, 0.4119, 8.72408e-06, 0.251723, 0.00190529, 9.04958e-10, 0.00210942, 2.94569e-05, 0.412343, 8.37957e-05, 7.97995e-07, 3.08898e-10, 2.95681e-12, 2.5257e-10, 6.44814e-11, 8.51491e-08, 0.331805, 
0.01, 1.00012e+06, 1.00012e+06, 1.00012e+06, 1.00009e+06, 0.162416, 1173, 1173, 0.0474358, 0.0895954, 4.72852e-18, 0.067301, 0.40349, 0.39217, 8.23647e-06, 0.259286, 0.00163451, 8.03057e-10, 0.00197851, 2.52304e-05, 0.410138, 7.51664e-05, 9.01165e-07, 3.17653e-10, 2.76738e-12, 2.28392e-10, 5.69393e-11, 7.62553e-08, 0.326862, 0.161351, 1173, 1173, 0.0474165, 0.0903569, 4.93025e-18, 0.0693162, 0.397951, 0.394951, 8.33418e-06, 0.25772, 0.00167044, 8.03416e-10, 0.00199424, 2.60042e-05, 0.41137, 7.62895e-05, 8.90799e-07, 3.18418e-10, 2.76372e-12, 2.28023e-10, 5.70861e-11, 7.80525e-08, 0.327141, 0.159178, 1173, 1173, 0.0474089, 0.0919063, 5.374e-18, 0.073576, 0.386565, 0.400535, 8.53401e-06, 0.254487, 0.00174725, 8.04805e-10, 0.00202626, 2.76662e-05, 0.413872, 7.86477e-05, 8.69522e-07, 3.19815e-10, 2.75868e-12, 2.27458e-10, 5.74474e-11, 8.18447e-08, 0.32776, 0.130023, 1173, 1173, 0.0475013, 0.0944247, 6.16324e-18, 0.0802854, 0.368669, 0.409111, 8.84359e-06, 0.249291, 0.00187707, 8.08842e-10, 0.00207598, 3.05336e-05, 0.417868, 8.25109e-05, 8.36692e-07, 3.2186e-10, 2.75868e-12, 2.27143e-10, 5.81953e-11, 8.8214e-08, 0.328774, 
0.0110526, 1.00011e+06, 1.00011e+06, 1.00011e+06, 1.00008e+06, 0.161735, 1173, 1173, 0.0431557, 0.0935398, 4.71788e-18, 0.0702361, 0.402394, 0.390666, 8.3523e-06, 0.257017, 0.00162061, 7.25186e-10, 0.00195632, 2.61169e-05, 0.414859, 7.44253e-05, 9.34901e-07, 3.28732e-10, 2.61874e-12, 2.07865e-10, 5.20552e-11, 7.88266e-08, 0.324445, 0.160642, 1173, 1173, 0.0430914, 0.0943603, 4.92279e-18, 0.0723886, 0.396723, 0.393428, 8.45323e-06, 0.255416, 0.0016568, 7.24721e-10, 0.00197183, 2.69344e-05, 0.416131, 7.55495e-05, 9.24066e-07, 3.2955e-10, 2.61146e-12, 2.07253e-10, 5.2124e-11, 8.07191e-08, 0.32472, 0.158422, 1173, 1173, 0.0429925, 0.0960116, 5.37242e-18, 0.0769172, 0.385113, 0.398957, 8.65882e-06, 0.252129, 0.00173402, 7.24429e-10, 0.00200333, 2.86829e-05, 0.418689, 7.79048e-05, 9.01783e-07, 3.31001e-10, 2.59886e-12, 2.06198e-10, 5.23224e-11, 8.4692e-08, 0.325337, 0.128519, 1173, 1173, 0.0429312, 0.0986581, 6.16882e-18, 0.0840192, 0.366983, 0.407399, 8.97576e-06, 0.246889, 0.00186399, 7.25637e-10, 0.00205206, 3.16802e-05, 0.422725, 8.17481e-05, 8.67405e-07, 3.33046e-10, 2.58614e-12, 2.05072e-10, 5.27921e-11, 9.13162e-08, 0.326355, 
0.0121053, 1.0001e+06, 1.0001e+06, 1.00009e+06, 1.00007e+06, 0.160807, 1173, 1173, 0.0392448, 0.0973531, 4.7568e-18, 0.0734494, 0.400003, 0.389941, 8.4784e-06, 0.254627, 0.00161697, 6.55282e-10, 0.0019403, 2.71203e-05, 0.419323, 7.40367e-05, 9.62863e-07, 3.38948e-10, 2.48356e-12, 1.8934e-10, 4.76881e-11, 8.16108e-08, 0.32239, 0.159709, 1173, 1173, 0.0391493, 0.0982015, 4.96671e-18, 0.0757209, 0.394234, 0.392686, 8.58219e-06, 0.253011, 0.00165365, 6.54272e-10, 0.0019557, 2.79773e-05, 0.420598, 7.51684e-05, 9.51406e-07, 3.3973e-10, 2.47331e-12, 1.88566e-10, 4.76986e-11, 8.35804e-08, 0.322678, 0.15748, 1173, 1173, 0.0389803, 0.099901, 5.42528e-18, 0.0804888, 0.382462, 0.39816, 8.79314e-06, 0.249701, 0.00173175, 6.52743e-10, 0.00198691, 2.98056e-05, 0.423152, 7.75343e-05, 9.27905e-07, 3.41088e-10, 2.45429e-12, 1.87149e-10, 4.77676e-11, 8.77028e-08, 0.32332, 0.12247, 1173, 1173, 0.0387964, 0.1026, 6.23563e-18, 0.0879476, 0.364168, 0.406478, 9.11694e-06, 0.244453, 0.00186283, 6.51779e-10, 0.00203503, 3.29254e-05, 0.427152, 8.13829e-05, 8.91728e-07, 3.42933e-10, 2.43078e-12, 1.85404e-10, 4.80122e-11, 9.454e-08, 0.324382, 
0.0131579, 1.00008e+06, 1.00008e+06, 1.00008e+06, 1.00006e+06, 0.159806, 1173, 1173, 0.0358126, 0.100699, 4.84029e-18, 0.076663, 0.396711, 0.390106, 8.6176e-06, 0.252343, 0.00162315, 5.9506e-10, 0.00193166, 2.81593e-05, 0.423177, 7.40127e-05, 9.82514e-07, 3.47447e-10, 2.3627e-12, 1.73273e-10, 4.39198e-11, 8.43872e-08, 0.320822, 0.158692, 1173, 1173, 0.035676, 0.101589, 5.05574e-18, 0.0790662, 0.390852, 0.392808, 8.72379e-06, 0.2507, 0.0016604, 5.93328e-10, 0.00194681, 2.906e-05, 0.424473, 7.51501e-05, 9.70721e-07, 3.48235e-10, 2.3495e-12, 1.72295e-10, 4.38647e-11, 8.6441e-08, 0.321114, 0.156438, 1173, 1173, 0.0354231, 0.103356, 5.5277e-18, 0.0840958, 0.378932, 0.398184, 8.93901e-06, 0.247351, 0.00173961, 5.90323e-10, 0.00197747, 3.09759e-05, 0.427053, 7.75253e-05, 9.46488e-07, 3.4956e-10, 2.32432e-12, 1.70467e-10, 4.37971e-11, 9.07242e-08, 0.321769, 0.120885, 1173, 1173, 0.0351023, 0.106128, 6.35856e-18, 0.0919467, 0.360491, 0.406323, 9.26821e-06, 0.242073, 0.00187229, 5.86947e-10, 0.00202469, 3.42301e-05, 0.431052, 8.13818e-05, 9.09113e-07, 3.51266e-10, 2.29059e-12, 1.68057e-10, 4.38138e-11, 9.77879e-08, 0.322861, 
0.0142105, 1.00007e+06, 1.00007e+06, 1.00007e+06, 1.00005e+06, 0.158574, 1173, 1173, 0.0325116, 0.104126, 4.963e-18, 0.0803153, 0.392359, 0.39068, 8.76574e-06, 0.249854, 0.00163636, 5.37837e-10, 0.001926, 2.93543e-05, 0.427062, 7.42046e-05, 9.98909e-07, 3.55722e-10, 2.24496e-12, 1.57909e-10, 4.03305e-11, 8.7484e-08, 0.319416, 0.157472, 1173, 1173, 0.0323568, 0.105011, 5.18592e-18, 0.0828233, 0.386449, 0.393351, 8.87386e-06, 0.248212, 0.00167441, 5.3581e-10, 0.0019411, 3.02923e-05, 0.42833, 7.5356e-05, 9.86474e-07, 3.5639e-10, 2.22957e-12, 1.56844e-10, 4.02368e-11, 8.9597e-08, 0.319735, 0.155235, 1173, 1173, 0.0320644, 0.106759, 5.67382e-18, 0.0880616, 0.374451, 0.398655, 9.09265e-06, 0.244873, 0.00175526, 5.32149e-10, 0.00197165, 3.22834e-05, 0.430842, 7.77587e-05, 9.6096e-07, 3.57446e-10, 2.19979e-12, 1.54828e-10, 4.00858e-11, 9.39922e-08, 0.320447, 0.114811, 1173, 1173, 0.0316733, 0.10948, 6.53256e-18, 0.0962253, 0.355958, 0.406654, 9.42646e-06, 0.239627, 0.00189044, 5.27582e-10, 0.00201859, 3.56534e-05, 0.434718, 8.16519e-05, 9.21726e-07, 3.58696e-10, 2.1585e-12, 1.52089e-10, 3.99581e-11, 1.01211e-07, 0.321628, 
0.0152632, 1.00006e+06, 1.00006e+06, 1.00006e+06, 1.00004e+06, 0.157383, 1173, 1173, 0.0297545, 0.106884, 5.1226e-18, 0.083752, 0.387571, 0.39203, 8.92109e-06, 0.247617, 0.00165758, 4.9082e-10, 0.00192713, 3.05222e-05, 0.430184, 7.4706e-05, 1.00648e-06, 3.61872e-10, 2.1418e-12, 1.45158e-10, 3.73559e-11, 9.04073e-08, 0.318508, 0.156271, 1173, 1173, 0.0295572, 0.107801, 5.3528e-18, 0.0863954, 0.381595, 0.394643, 9.03133e-06, 0.245952, 0.00169649, 4.88064e-10, 0.00194196, 3.15067e-05, 0.431468, 7.5868e-05, 9.93855e-07, 3.62521e-10, 2.12382e-12, 1.43898e-10, 3.72007e-11, 9.2601e-08, 0.318834, 0.154021, 1173, 1173, 0.0291759, 0.1096, 5.86111e-18, 0.0919092, 0.369488, 0.399818, 9.25386e-06, 0.242572, 0.00177912, 4.82869e-10, 0.00197193, 3.35927e-05, 0.434001, 7.82907e-05, 9.67933e-07, 3.63508e-10, 2.08853e-12, 1.41472e-10, 3.69187e-11, 9.71531e-08, 0.319563, 0.113279, 1173, 1173, 0.0286487, 0.112362, 6.7545e-18, 0.100489, 0.350895, 0.407596, 9.59194e-06, 0.237292, 0.00191712, 4.75948e-10, 0.00201794, 3.71084e-05, 0.437867, 8.2213e-05, 9.27933e-07, 3.6455e-10, 2.03837e-12, 1.3811e-10, 3.65828e-11, 1.04588e-07, 0.320785, 
0.0163158, 1.00005e+06, 1.00005e+06, 1.00005e+06, 1.00003e+06, 0.1559, 1173, 1173, 0.0267986, 0.110074, 5.32144e-18, 0.0879963, 0.381621, 0.393501, 9.09168e-06, 0.244979, 0.00168473, 4.40745e-10, 0.00192861, 3.19479e-05, 0.433735, 7.53444e-05, 1.01375e-06, 3.68698e-10, 2.0298e-12, 1.3152e-10, 3.41678e-11, 9.39001e-08, 0.317564, 0.154814, 1173, 1173, 0.0266042, 0.110948, 5.56492e-18, 0.0907224, 0.375646, 0.39607, 9.20241e-06, 0.243335, 0.00172469, 4.38054e-10, 0.00194344, 3.29655e-05, 0.434956, 7.65253e-05, 1.00044e-06, 3.69132e-10, 2.01059e-12, 1.30277e-10, 3.39993e-11, 9.61294e-08, 0.317931, 0.152609, 1173, 1173, 0.0262296, 0.112648, 6.09418e-18, 0.0963951, 0.363562, 0.401155, 9.42589e-06, 0.240004, 0.00180953, 4.32995e-10, 0.00197345, 3.5117e-05, 0.437351, 7.89877e-05, 9.73122e-07, 3.69657e-10, 1.97282e-12, 1.2789e-10, 3.36903e-11, 1.00743e-07, 0.318747, 0.107272, 1173, 1173, 0.0257034, 0.115239, 7.02508e-18, 0.10521, 0.345052, 0.408786, 9.76536e-06, 0.234808, 0.00195114, 4.26109e-10, 0.00201953, 3.87336e-05, 0.440993, 8.29719e-05, 9.31116e-07, 3.69965e-10, 1.91856e-12, 1.24548e-10, 3.33002e-11, 1.08255e-07, 0.320105, 
0.0173684, 1.00004e+06, 1.00004e+06, 1.00003e+06, 1.00002e+06, 0.154659, 1173, 1173, 0.0247148, 0.112148, 5.54326e-18, 0.0914407, 0.376012, 0.395676, 9.25102e-06, 0.24291, 0.00171747, 4.06033e-10, 0.00193716, 3.31817e-05, 0.436102, 7.62415e-05, 1.01097e-06, 3.72465e-10, 1.9438e-12, 1.21906e-10, 3.19235e-11, 9.68068e-08, 0.317223, 0.153562, 1173, 1173, 0.0244689, 0.113051, 5.79891e-18, 0.0943192, 0.369962, 0.39819, 9.3647e-06, 0.241234, 0.00175873, 4.0247e-10, 0.00195179, 3.42525e-05, 0.437344, 7.74425e-05, 9.97565e-07, 3.72874e-10, 1.92195e-12, 1.20434e-10, 3.1688e-11, 9.91236e-08, 0.3176, 0.151338, 1173, 1173, 0.0239817, 0.114807, 6.35662e-18, 0.100312, 0.357748, 0.403142, 9.5934e-06, 0.237841, 0.00184624, 3.95493e-10, 0.00198125, 3.65153e-05, 0.439779, 7.99423e-05, 9.70128e-07, 3.73342e-10, 1.87842e-12, 1.17546e-10, 3.12311e-11, 1.03913e-07, 0.318434, 0.105901, 1173, 1173, 0.0232758, 0.117456, 7.33545e-18, 0.109634, 0.339105, 0.410519, 9.93866e-06, 0.232573, 0.00199205, 3.85526e-10, 0.00202631, 4.03065e-05, 0.443455, 8.39781e-05, 9.27922e-07, 3.73493e-10, 1.81467e-12, 1.13405e-10, 3.05976e-11, 1.11676e-07, 0.319828, 
0.0184211, 1.00002e+06, 1.00002e+06, 1.00002e+06, 1.00002e+06, 0.15287, 1173, 1173, 0.0217993, 0.115286, 5.84406e-18, 0.0966906, 0.368286, 0.397929, 9.45755e-06, 0.23996, 0.00176027, 3.57476e-10, 0.00194461, 3.49602e-05, 0.439578, 7.73337e-05, 1.01027e-06, 3.78236e-10, 1.82478e-12, 1.08505e-10, 2.87616e-11, 1.00941e-07, 0.316643, 0.15182, 1173, 1173, 0.0215788, 0.116113, 6.11145e-18, 0.099617, 0.362331, 0.40035, 9.56888e-06, 0.238331, 0.00180249, 3.54333e-10, 0.00195906, 3.60557e-05, 0.440725, 7.85459e-05, 9.96348e-07, 3.78363e-10, 1.80279e-12, 1.07157e-10, 2.8537e-11, 1.03259e-07, 0.317067, 0.149686, 1173, 1173, 0.0211615, 0.117684, 6.69444e-18, 0.105671, 0.350335, 0.405139, 9.79261e-06, 0.235047, 0.00189211, 3.48511e-10, 0.00198838, 3.83602e-05, 0.442944, 8.10749e-05, 9.67709e-07, 3.78197e-10, 1.75965e-12, 1.04602e-10, 2.81227e-11, 1.08025e-07, 0.318008, 0.0999919, 1173, 1173, 0.0205923, 0.119993, 7.71702e-18, 0.115015, 0.332068, 0.412321, 1.01307e-05, 0.229969, 0.00204162, 3.40811e-10, 0.00203362, 4.22017e-05, 0.446247, 8.51697e-05, 9.23506e-07, 3.77284e-10, 1.69774e-12, 1.01105e-10, 2.75893e-11, 1.15706e-07, 0.319581, 
0.0194737, 1.00001e+06, 1.00001e+06, 1.00001e+06, 1.00001e+06, 0.151856, 1173, 1173, 0.0205755, 0.116501, 6.07956e-18, 0.0994271, 0.363206, 0.40028, 9.5874e-06, 0.238366, 0.00179594, 3.37499e-10, 0.00195664, 3.60437e-05, 0.441033, 7.83546e-05, 1.0012e-06, 3.79679e-10, 1.76667e-12, 1.02801e-10, 2.74281e-11, 1.0335e-07, 0.316733, 0.150779, 1173, 1173, 0.0203074, 0.117342, 6.36648e-18, 0.102524, 0.357098, 0.402719, 9.70399e-06, 0.236689, 0.00184041, 3.33575e-10, 0.00197136, 3.72026e-05, 0.442197, 7.96165e-05, 9.86857e-07, 3.79727e-10, 1.74215e-12, 1.01242e-10, 2.71457e-11, 1.05772e-07, 0.317184, 0.148588, 1173, 1173, 0.0197547, 0.118966, 6.9932e-18, 0.108991, 0.344772, 0.407507, 9.93914e-06, 0.233292, 0.00193486, 3.25505e-10, 0.00200099, 3.96533e-05, 0.44448, 8.22453e-05, 9.576e-07, 3.79456e-10, 1.69238e-12, 9.8086e-11, 2.65688e-11, 1.10776e-07, 0.31817, 0.0989189, 1173, 1173, 0.0188839, 0.121403, 8.09364e-18, 0.119144, 0.326004, 0.414555, 1.02948e-05, 0.228012, 0.00209227, 3.12744e-10, 0.002046, 4.37562e-05, 0.447923, 8.64816e-05, 9.12952e-07, 3.78464e-10, 1.61636e-12, 9.32473e-11, 2.567e-11, 1.18867e-07, 0.319796, 
0.0205263, 1e+06, 1e+06, 1e+06, 1e+06, 0.149399, 1173, 1173, 0.0172807, 0.119767, 6.60516e-18, 0.106977, 0.351823, 0.404142, 9.88366e-06, 0.234574, 0.00187174, 2.83421e-10, 0.00197527, 3.86186e-05, 0.44476, 8.03713e-05, 9.87349e-07, 3.84109e-10, 1.61761e-12, 8.76237e-11, 2.37979e-11, 1.08981e-07, 0.316699, 0.148392, 1173, 1173, 0.0170223, 0.120523, 6.90709e-18, 0.110131, 0.34595, 0.406364, 9.9955e-06, 0.232965, 0.00191692, 2.79611e-10, 0.00198918, 3.98003e-05, 0.445821, 8.16212e-05, 9.73143e-07, 3.83881e-10, 1.59287e-12, 8.61308e-11, 2.35069e-11, 1.11374e-07, 0.317185, 0.146364, 1173, 1173, 0.0165364, 0.121928, 7.55682e-18, 0.116586, 0.334255, 0.410685, 1.02166e-05, 0.229756, 0.00201176, 2.72534e-10, 0.00201703, 4.22564e-05, 0.447846, 8.41993e-05, 9.4433e-07, 3.83005e-10, 1.54472e-12, 8.3319e-11, 2.29636e-11, 1.16231e-07, 0.318241, 0.0929724, 1173, 1173, 0.0159472, 0.123891, 8.66948e-18, 0.126256, 0.316873, 0.417021, 1.05387e-05, 0.224916, 0.00216653, 2.64249e-10, 0.00205926, 4.62387e-05, 0.450755, 8.8288e-05, 9.00685e-07, 3.80976e-10, 1.47914e-12, 7.98081e-11, 2.23202e-11, 1.23837e-07, 0.319968, 
