z, Pressure_0, Velocity_0, GasTemperature_0, SolidTemperature_0, CH4_0, CO_0, O2_0, CO2_0, H2_0, H2O_0, AR_0, H(s)_0, O(s)_0, CH4(s)_0, H2O(s)_0, CO2(s)_0, CO(s)_0, OH(s)_0, C(s)_0, HCO(s)_0, CH(s)_0, CH3(s)_0, CH2(s)_0, COOH(s)_0, Ni(s)_0, Annular_Density_ch, Annular_Velocity_ch, Annular_Temperature_ch, 
0.000526316, 1.00021e+06, 0.143106, 1173, 1173, 0.173155, 0.0184696, 4.51821e-17, 0.0279841, 0.194783, 0.585599, 8.82493e-06, 0.258484, 0.00725226, 4.20585e-09, 0.00423895, 2.30324e-05, 0.260824, 0.000231742, 8.66045e-08, 6.52856e-11, 1.43774e-11, 1.20863e-09, 3.71315e-10, 4.84475e-08, 0.468946, 0.0206708, 0.01, 1173, 
0.00157895, 1.00019e+06, 0.148516, 1173, 1173, 0.133679, 0.0343181, 1.74559e-17, 0.0433104, 0.275278, 0.513406, 8.47248e-06, 0.267564, 0.0039179, 2.82738e-09, 0.00323604, 2.31502e-05, 0.31677, 0.000148827, 2.25057e-07, 1.25566e-10, 8.18641e-12, 7.7761e-10, 2.14802e-10, 5.78274e-08, 0.40834, 0.0206708, 0.018299, 1173, 
0.00263158, 1.00018e+06, 0.152556, 1173, 1173, 0.110632, 0.0463567, 1.12517e-17, 0.0505995, 0.316954, 0.475449, 8.31677e-06, 0.267907, 0.00294058, 2.18348e-09, 0.0027964, 2.34791e-05, 0.345172, 0.000119859, 3.52452e-07, 1.69829e-10, 6.06332e-12, 5.95883e-10, 1.57497e-10, 6.29129e-08, 0.38104, 0.0206708, 0.0285708, 1173, 
0.00368421, 1.00017e+06, 0.152787, 1173, 1173, 0.0947424, 0.0560626, 8.76462e-18, 0.0553642, 0.341929, 0.451893, 8.25677e-06, 0.266414, 0.0024805, 1.79026e-09, 0.00254468, 2.39555e-05, 0.363613, 0.000105013, 4.63072e-07, 2.0424e-10, 4.96403e-12, 4.88579e-10, 1.26206e-10, 6.66624e-08, 0.364818, 0.0206708, 0.0400249, 1173, 
0.00473684, 1.00016e+06, 0.15395, 1173, 1173, 0.0827819, 0.0641824, 7.37867e-18, 0.0591661, 0.357819, 0.436043, 8.2538e-06, 0.264373, 0.00221877, 1.51741e-09, 0.00238189, 2.45326e-05, 0.377009, 9.60889e-05, 5.5764e-07, 2.32027e-10, 4.2827e-12, 4.15365e-10, 1.05943e-10, 6.98322e-08, 0.353897, 0.0206708, 0.052231, 1173, 
0.00578947, 1.00015e+06, 0.152339, 1173, 1173, 0.0732487, 0.0712021, 6.6687e-18, 0.0626062, 0.368017, 0.424918, 8.28981e-06, 0.262105, 0.00205516, 1.31257e-09, 0.0022691, 2.52096e-05, 0.387486, 9.02624e-05, 6.38227e-07, 2.55193e-10, 3.81181e-12, 3.60921e-10, 9.14433e-11, 7.27721e-08, 0.345968, 0.0206708, 0.0649196, 1173, 
0.00684211, 1.00014e+06, 0.152231, 1173, 1173, 0.0653981, 0.0773673, 6.31949e-18, 0.0658994, 0.374323, 0.417003, 8.35384e-06, 0.259758, 0.00194854, 1.15157e-09, 0.00218821, 2.59716e-05, 0.396021, 8.63093e-05, 7.06252e-07, 2.74803e-10, 3.46306e-12, 3.18355e-10, 8.0433e-11, 7.56097e-08, 0.339971, 0.0206708, 0.0779066, 1173, 
0.00789474, 1.00013e+06, 0.149704, 1173, 1173, 0.0587098, 0.0829168, 6.02246e-18, 0.0692135, 0.377791, 0.41136, 8.44038e-06, 0.257344, 0.00187817, 1.01947e-09, 0.00212869, 2.68294e-05, 0.403273, 8.35763e-05, 7.6364e-07, 2.91775e-10, 3.18822e-12, 2.8351e-10, 7.16261e-11, 7.84665e-08, 0.335265, 0.0206708, 0.0910576, 1173, 
0.00894737, 1.00012e+06, 0.148918, 1173, 1173, 0.0529394, 0.0879255, 6.37762e-18, 0.0725824, 0.37909, 0.407455, 8.54482e-06, 0.254914, 0.00183333, 9.09027e-10, 0.00208498, 2.77708e-05, 0.409526, 8.17205e-05, 8.1117e-07, 3.06475e-10, 2.96359e-12, 2.54376e-10, 6.43937e-11, 8.13581e-08, 0.331532, 0.0206708, 0.10427, 1173, 
0.01, 1.0001e+06, 0.145886, 1173, 1173, 0.0478679, 0.0925014, 5.71941e-18, 0.0760606, 0.378685, 0.404876, 8.66366e-06, 0.252467, 0.00180715, 8.14484e-10, 0.00205298, 2.87987e-05, 0.415036, 8.051e-05, 8.50096e-07, 3.19326e-10, 2.77275e-12, 2.29391e-10, 5.8277e-11, 8.43235e-08, 0.328527, 0.0206708, 0.117463, 1173, 
0.0110526, 1.00009e+06, 0.144717, 1173, 1173, 0.0433332, 0.0967151, 5.67652e-18, 0.0796943, 0.376879, 0.40337, 8.79702e-06, 0.249999, 0.00179567, 7.31861e-10, 0.00203018, 2.99191e-05, 0.419969, 7.98071e-05, 8.81286e-07, 3.30604e-10, 2.60484e-12, 2.07483e-10, 5.29697e-11, 8.7394e-08, 0.326095, 0.0206708, 0.13057, 1173, 
0.0121053, 1.00008e+06, 0.141401, 1173, 1173, 0.039263, 0.100602, 5.89103e-18, 0.0834902, 0.373922, 0.402714, 8.94036e-06, 0.247519, 0.00179608, 6.5913e-10, 0.00201469, 3.11284e-05, 0.424421, 7.95111e-05, 9.05497e-07, 3.40477e-10, 2.45447e-12, 1.88111e-10, 4.83118e-11, 9.05682e-08, 0.324137, 0.0206708, 0.143537, 1173, 
0.0131579, 1.00007e+06, 0.140028, 1173, 1173, 0.0355909, 0.104151, 5.9014e-18, 0.0874323, 0.370011, 0.402806, 9.09524e-06, 0.245052, 0.00180687, 5.94643e-10, 0.00200557, 3.24199e-05, 0.428423, 7.9569e-05, 9.22999e-07, 3.4897e-10, 2.31724e-12, 1.70839e-10, 4.41787e-11, 9.38304e-08, 0.322599, 0.0206708, 0.156319, 1173, 
0.0142105, 1.00006e+06, 0.136562, 1173, 1173, 0.0322092, 0.107481, 6.19335e-18, 0.0916136, 0.365247, 0.40344, 9.25763e-06, 0.242545, 0.00182638, 5.36096e-10, 0.00200109, 3.38175e-05, 0.432137, 7.99079e-05, 9.35189e-07, 3.5644e-10, 2.18849e-12, 1.55065e-10, 4.04125e-11, 9.72425e-08, 0.321376, 0.0206708, 0.168875, 1173, 
0.0152632, 1.00005e+06, 0.135105, 1173, 1173, 0.0291714, 0.110437, 6.35003e-18, 0.095893, 0.359826, 0.404663, 9.43033e-06, 0.24009, 0.00185452, 4.84227e-10, 0.00200174, 3.52826e-05, 0.435424, 8.05344e-05, 9.41242e-07, 3.62534e-10, 2.06908e-12, 1.40989e-10, 3.70533e-11, 1.00699e-07, 0.320513, 0.0206708, 0.181174, 1173, 
0.0163158, 1.00004e+06, 0.131572, 1173, 1173, 0.0262671, 0.113311, 6.53721e-18, 0.100538, 0.353699, 0.406175, 9.6085e-06, 0.237537, 0.00188968, 4.35106e-10, 0.00200495, 3.68884e-05, 0.438608, 8.13596e-05, 9.43775e-07, 3.68018e-10, 1.95173e-12, 1.27584e-10, 3.38453e-11, 1.04381e-07, 0.319841, 0.0206708, 0.193183, 1173, 
0.0173684, 1.00003e+06, 0.130131, 1173, 1173, 0.0237955, 0.115635, 7.17789e-18, 0.10508, 0.347224, 0.408255, 9.79434e-06, 0.235146, 0.00193318, 3.93799e-10, 0.00201352, 3.85077e-05, 0.441222, 8.24664e-05, 9.3979e-07, 3.7176e-10, 1.84628e-12, 1.16195e-10, 3.11162e-11, 1.0796e-07, 0.319563, 0.0206708, 0.204885, 1173, 
0.0184211, 1.00002e+06, 0.126556, 1173, 1173, 0.0211295, 0.118225, 7.23205e-18, 0.110397, 0.339963, 0.410275, 9.98953e-06, 0.232473, 0.00198251, 3.49376e-10, 0.0020217, 4.03787e-05, 0.444111, 8.36814e-05, 9.35164e-07, 3.75761e-10, 1.73088e-12, 1.0394e-10, 2.81495e-11, 1.12015e-07, 0.319287, 0.0206708, 0.216244, 1173, 
0.0194737, 1.00001e+06, 0.125281, 1173, 1173, 0.0194154, 0.119661, 8.02061e-18, 0.114713, 0.333115, 0.413084, 1.01713e-05, 0.230334, 0.00203887, 3.21356e-10, 0.00203731, 4.20308e-05, 0.445879, 8.51896e-05, 9.22221e-07, 3.76855e-10, 1.64795e-12, 9.60169e-11, 2.62436e-11, 1.15419e-07, 0.319583, 0.0206708, 0.227278, 1173, 
0.0205263, 1e+06, 0.121441, 1173, 1173, 0.0163547, 0.122295, 8.31494e-18, 0.122022, 0.323574, 0.415744, 1.04278e-05, 0.227088, 0.00211302, 2.7082e-10, 0.00205095, 4.45386e-05, 0.448923, 8.70148e-05, 9.09374e-07, 3.79711e-10, 1.50586e-12, 8.19848e-11, 2.27728e-11, 1.20538e-07, 0.319692, 0.0206708, 0.237861, 1173, 
