z, Velocity_0, GasTemperature_0, SolidTemperature_0, CH4_0, CO_0, O2_0, CO2_0, H2_0, H2O_0, AR_0, H(s)_0, O(s)_0, CH4(s)_0, H2O(s)_0, CO2(s)_0, CO(s)_0, OH(s)_0, C(s)_0, HCO(s)_0, CH(s)_0, CH3(s)_0, CH2(s)_0, COOH(s)_0, Ni(s)_0, Velocity_1, GasTemperature_1, SolidTemperature_1, CH4_1, CO_1, O2_1, CO2_1, H2_1, H2O_1, AR_1, H(s)_1, O(s)_1, CH4(s)_1, H2O(s)_1, CO2(s)_1, CO(s)_1, OH(s)_1, C(s)_1, HCO(s)_1, CH(s)_1, CH3(s)_1, CH2(s)_1, COOH(s)_1, Ni(s)_1, Velocity_2, GasTemperature_2, SolidTemperature_2, CH4_2, CO_2, O2_2, CO2_2, H2_2, H2O_2, AR_2, H(s)_2, O(s)_2, CH4(s)_2, H2O(s)_2, CO2(s)_2, CO(s)_2, OH(s)_2, C(s)_2, HCO(s)_2, CH(s)_2, CH3(s)_2, CH2(s)_2, COOH(s)_2, Ni(s)_2, Annular_Density, Annular_Velocity, Annular_Temperature, 
0.000526316, 0.142095, 1173, 1173, 0.179669, 0.0329588, 9.81178e-17, 0.0807003, 0.0246915, 0.681471, 2.27671e-05, 0.256734, 0.0074822, 4.24959e-09, 0.00427775, 2.35497e-05, 0.260296, 0.000236462, 8.39198e-08, 6.42634e-11, 1.46962e-11, 1.2253e-09, 3.78928e-10, 4.89916e-08, 0.470949, 0.142166, 1173, 1173, 0.179969, 0.0330168, 9.76346e-17, 0.0804319, 0.0248189, 0.682575, 2.27997e-05, 0.257024, 0.00745315, 4.24596e-09, 0.00427387, 2.34487e-05, 0.260211, 0.000235896, 8.41503e-08, 6.43099e-11, 1.4661e-11, 1.22373e-09, 3.78106e-10, 4.88544e-08, 0.470779, 0.143059, 1173, 1173, 0.179002, 0.0333883, 9.61496e-17, 0.0808906, 0.0249087, 0.680394, 2.27734e-05, 0.257085, 0.0073846, 4.22016e-09, 0.0042572, 2.35351e-05, 0.26138, 0.00023435, 8.56083e-08, 6.5161e-11, 1.45305e-11, 1.21519e-09, 3.74871e-10, 4.91651e-08, 0.469635, 0.0206708, 0.01, 1173, 
0.00157895, 0.150792, 1173, 1173, 0.144731, 0.0656642, 3.54376e-17, 0.127081, 0.0387939, 0.624392, 2.28104e-05, 0.269795, 0.0037672, 2.78742e-09, 0.0031914, 2.23121e-05, 0.316519, 0.000144927, 2.32544e-07, 1.26903e-10, 7.98508e-12, 7.65483e-10, 2.09753e-10, 5.64416e-08, 0.406561, 0.150444, 1173, 1173, 0.144448, 0.0654083, 3.61146e-17, 0.12782, 0.0382927, 0.623576, 2.28053e-05, 0.268989, 0.00381639, 2.798e-09, 0.00320558, 2.26158e-05, 0.31674, 0.000146194, 2.30266e-07, 1.26595e-10, 8.04436e-12, 7.6875e-10, 2.11223e-10, 5.69668e-08, 0.40708, 0.146804, 1173, 1173, 0.144151, 0.0649907, 3.89906e-17, 0.131571, 0.0366126, 0.623416, 2.28889e-05, 0.265745, 0.00400829, 2.83768e-09, 0.00325691, 2.38774e-05, 0.317917, 0.000151019, 2.22388e-07, 1.2573e-10, 8.27488e-12, 7.81121e-10, 2.169e-10, 5.91577e-08, 0.408898, 0.0206708, 0.0180872, 1173, 
0.00263158, 0.155847, 1173, 1173, 0.122658, 0.0908568, 2.26745e-17, 0.148761, 0.0466343, 0.591493, 2.2839e-05, 0.271526, 0.00276644, 2.1361e-09, 0.00273374, 2.20078e-05, 0.34399, 0.000114946, 3.68948e-07, 1.71484e-10, 5.85904e-12, 5.82711e-10, 1.5212e-10, 6.01107e-08, 0.378846, 0.155075, 1173, 1173, 0.122335, 0.0905382, 2.33598e-17, 0.151074, 0.0456417, 0.59105, 2.28797e-05, 0.270069, 0.00282968, 2.14957e-09, 0.00275616, 2.25911e-05, 0.344663, 0.000116728, 3.63329e-07, 1.71174e-10, 5.92405e-12, 5.86454e-10, 1.53814e-10, 6.12608e-08, 0.379542, 0.150583, 1173, 1173, 0.121436, 0.0895761, 2.58439e-17, 0.157219, 0.0428275, 0.588596, 2.29346e-05, 0.265821, 0.00301883, 2.19149e-09, 0.00281897, 2.43611e-05, 0.34666, 0.000121932, 3.47888e-07, 1.70308e-10, 6.12626e-12, 5.98205e-10, 1.59047e-10, 6.46847e-08, 0.381534, 0.0206708, 0.0280881, 1173, 
0.00368421, 0.158981, 1173, 1173, 0.106496, 0.110896, 1.74919e-17, 0.162281, 0.0514539, 0.568752, 2.28753e-05, 0.270863, 0.00230825, 1.74718e-09, 0.0024763, 2.20564e-05, 0.361524, 9.99306e-05, 4.8665e-07, 2.05447e-10, 4.79609e-12, 4.77302e-10, 1.21532e-10, 6.27636e-08, 0.362706, 0.157874, 1173, 1173, 0.105932, 0.110447, 1.82511e-17, 0.165732, 0.0500084, 0.567634, 2.29185e-05, 0.268976, 0.00237495, 1.75986e-09, 0.00250265, 2.28424e-05, 0.362601, 0.000101902, 4.77962e-07, 2.05354e-10, 4.85158e-12, 4.80561e-10, 1.23072e-10, 6.44215e-08, 0.363419, 0.148973, 1173, 1173, 0.10489, 0.109554, 2.03486e-17, 0.174266, 0.046573, 0.565179, 2.30256e-05, 0.264144, 0.00255176, 1.7955e-09, 0.00256754, 2.49584e-05, 0.365372, 0.000106988, 4.56932e-07, 2.05089e-10, 5.00777e-12, 4.8987e-10, 1.2734e-10, 6.87842e-08, 0.365232, 0.0206708, 0.0392314, 1173, 
0.00473684, 0.160967, 1173, 1173, 0.0938643, 0.127382, 1.48037e-17, 0.172662, 0.0545549, 0.552208, 2.29553e-05, 0.269394, 0.00205104, 1.48062e-09, 0.00231165, 2.2308e-05, 0.374182, 9.10133e-05, 5.86846e-07, 2.32566e-10, 4.15171e-12, 4.06284e-10, 1.02032e-10, 6.50622e-08, 0.351947, 0.159606, 1173, 1173, 0.0930322, 0.126681, 1.54859e-17, 0.176819, 0.0527037, 0.549916, 2.29729e-05, 0.267216, 0.00211842, 1.49165e-09, 0.00233996, 2.32457e-05, 0.37557, 9.30608e-05, 5.75491e-07, 2.32739e-10, 4.19541e-12, 4.08893e-10, 1.03353e-10, 6.71176e-08, 0.352638, 0.149795, 1173, 1173, 0.0917122, 0.12579, 1.73764e-17, 0.187014, 0.0487755, 0.54657, 2.30869e-05, 0.261984, 0.00228549, 1.52035e-09, 0.00240457, 2.56284e-05, 0.37895, 9.79863e-05, 5.5014e-07, 2.33192e-10, 4.31198e-12, 4.15862e-10, 1.06765e-10, 7.22208e-08, 0.354251, 0.0206708, 0.0510995, 1173, 
0.00578947, 0.162111, 1173, 1173, 0.0832831, 0.140902, 1.31894e-17, 0.181192, 0.0563658, 0.537984, 2.30014e-05, 0.267549, 0.00189134, 1.28246e-09, 0.00219853, 2.27152e-05, 0.384074, 8.52333e-05, 6.71979e-07, 2.5504e-10, 3.71438e-12, 3.53997e-10, 8.82466e-11, 6.72795e-08, 0.344179, 0.160567, 1173, 1173, 0.0825658, 0.140546, 1.3898e-17, 0.186641, 0.0544186, 0.536782, 2.30862e-05, 0.265155, 0.00195825, 1.29105e-09, 0.0022275, 2.37778e-05, 0.385731, 8.72975e-05, 6.58599e-07, 2.55542e-10, 3.74546e-12, 3.55795e-10, 8.93072e-11, 6.96678e-08, 0.344817, 0.146325, 1173, 1173, 0.0808707, 0.139333, 1.55928e-17, 0.197738, 0.05002, 0.531524, 2.31527e-05, 0.259647, 0.00211852, 1.31361e-09, 0.00229126, 2.63781e-05, 0.389545, 9.20898e-05, 6.29601e-07, 2.5661e-10, 3.82967e-12, 3.60793e-10, 9.20213e-11, 7.53642e-08, 0.346279, 0.0206708, 0.0634321, 1173, 
0.00684211, 0.162703, 1173, 1173, 0.0743712, 0.152348, 1.21723e-17, 0.189027, 0.0573789, 0.526515, 2.3077e-05, 0.265523, 0.00178731, 1.12728e-09, 0.00211793, 2.3243e-05, 0.392162, 8.13234e-05, 7.4385e-07, 2.74059e-10, 3.3938e-12, 3.13261e-10, 7.78363e-11, 6.95067e-08, 0.338305, 0.161011, 1173, 1173, 0.0735093, 0.151877, 1.28464e-17, 0.195002, 0.0552156, 0.52458, 2.31466e-05, 0.26297, 0.00185376, 1.13372e-09, 0.00214709, 2.44103e-05, 0.39402, 8.33894e-05, 7.28764e-07, 2.74838e-10, 3.41398e-12, 3.14365e-10, 7.86719e-11, 7.21689e-08, 0.3389, 0.145892, 1173, 1173, 0.0716651, 0.150573, 1.44335e-17, 0.207094, 0.0505529, 0.518514, 2.32041e-05, 0.257257, 0.00200925, 1.15076e-09, 0.00220961, 2.7201e-05, 0.398165, 8.8071e-05, 6.96786e-07, 2.76433e-10, 3.47114e-12, 3.17655e-10, 8.07968e-11, 7.83646e-08, 0.340244, 0.0206708, 0.0760518, 1173, 
0.00789474, 0.162812, 1173, 1173, 0.0666854, 0.162243, 1.15156e-17, 0.196649, 0.0578049, 0.516969, 2.31702e-05, 0.26336, 0.00171818, 1.00073e-09, 0.00205885, 2.38851e-05, 0.399076, 7.86152e-05, 8.04659e-07, 2.90571e-10, 3.14413e-12, 2.8011e-10, 6.95705e-11, 7.18256e-08, 0.333683, 0.161025, 1173, 1173, 0.0657339, 0.161668, 1.21694e-17, 0.203081, 0.0554891, 0.514494, 2.32302e-05, 0.260692, 0.00178433, 1.0052e-09, 0.00208794, 2.5144e-05, 0.40108, 8.06783e-05, 7.88092e-07, 2.91562e-10, 3.15468e-12, 2.80595e-10, 7.02057e-11, 7.47188e-08, 0.334248, 0.14154, 1173, 1173, 0.0638335, 0.160364, 1.37028e-17, 0.216185, 0.0506798, 0.508132, 2.32973e-05, 0.254829, 0.0019368, 1.01738e-09, 0.00214924, 2.81082e-05, 0.405455, 8.52795e-05, 7.5347e-07, 2.93537e-10, 3.18882e-12, 2.82411e-10, 7.18297e-11, 8.13437e-08, 0.335515, 0.0206708, 0.0888288, 1173, 
0.00894737, 0.162611, 1173, 1173, 0.0598583, 0.170423, 1.10889e-17, 0.203729, 0.0576783, 0.507984, 2.32413e-05, 0.261143, 0.00167338, 8.95021e-10, 0.00201574, 2.46183e-05, 0.405061, 7.6767e-05, 8.55162e-07, 3.04918e-10, 2.94081e-12, 2.52407e-10, 6.27948e-11, 7.42249e-08, 0.330005, 0.16074, 1173, 1173, 0.0588499, 0.169785, 1.17235e-17, 0.21059, 0.0552634, 0.505099, 2.32937e-05, 0.258381, 0.00173942, 8.97603e-10, 0.00204452, 2.59633e-05, 0.407185, 7.88239e-05, 8.37431e-07, 3.06095e-10, 2.94276e-12, 2.52319e-10, 6.32462e-11, 7.73259e-08, 0.330544, 0.14048, 1173, 1173, 0.0569178, 0.16842, 1.32199e-17, 0.224519, 0.0503626, 0.498375, 2.33607e-05, 0.252407, 0.00189024, 9.05716e-10, 0.00210463, 2.90901e-05, 0.411717, 8.33693e-05, 8.00464e-07, 3.08312e-10, 2.9577e-12, 2.52919e-10, 6.4455e-11, 8.43261e-08, 0.331768, 0.0206708, 0.101665, 1173, 
0.01, 0.162092, 1173, 1173, 0.0537994, 0.177523, 1.08236e-17, 0.21089, 0.0571926, 0.500001, 2.33142e-05, 0.258841, 0.00164591, 8.04361e-10, 0.0019839, 2.54534e-05, 0.410435, 7.55308e-05, 8.97294e-07, 3.17695e-10, 2.76837e-12, 2.28591e-10, 5.70589e-11, 7.67667e-08, 0.326992, 0.160178, 1173, 1173, 0.0526286, 0.17631, 1.14244e-17, 0.217506, 0.0545687, 0.495467, 2.32988e-05, 0.256018, 0.00171222, 8.05478e-10, 0.00201243, 2.6876e-05, 0.412623, 7.75892e-05, 8.78366e-07, 3.18944e-10, 2.76309e-12, 2.28057e-10, 5.73616e-11, 8.00419e-08, 0.327529, 0.135676, 1173, 1173, 0.0509112, 0.175662, 1.29581e-17, 0.233212, 0.0498666, 0.490716, 2.34758e-05, 0.249964, 0.00186254, 8.09824e-10, 0.00207149, 3.01604e-05, 0.41725, 8.21022e-05, 8.3922e-07, 3.21267e-10, 2.76087e-12, 2.27555e-10, 5.81982e-11, 8.73799e-08, 0.328739, 0.0206708, 0.114481, 1173, 
0.0110526, 0.161398, 1173, 1173, 0.0484947, 0.18374, 1.07124e-17, 0.218251, 0.0565225, 0.493717, 2.34375e-05, 0.256549, 0.00163233, 7.26081e-10, 0.00196175, 2.63596e-05, 0.415182, 7.47975e-05, 9.30818e-07, 3.28803e-10, 2.61822e-12, 2.07944e-10, 5.21414e-11, 7.93827e-08, 0.324573, 0.159435, 1173, 1173, 0.0473937, 0.182728, 1.13296e-17, 0.225559, 0.053944, 0.489673, 2.34522e-05, 0.253667, 0.00169913, 7.25714e-10, 0.00198988, 2.78613e-05, 0.417432, 7.68578e-05, 9.10994e-07, 3.30122e-10, 2.60634e-12, 2.06974e-10, 5.23023e-11, 8.28268e-08, 0.325106, 0.134304, 1173, 1173, 0.0454714, 0.181348, 1.2817e-17, 0.241183, 0.0490337, 0.482801, 2.35411e-05, 0.247543, 0.00184991, 7.26755e-10, 0.00204783, 3.13042e-05, 0.422128, 8.13546e-05, 8.70006e-07, 3.32475e-10, 2.58933e-12, 2.0552e-10, 5.28163e-11, 9.04812e-08, 0.326317, 0.0206708, 0.127216, 1173, 
0.0121053, 0.160461, 1173, 1173, 0.0435093, 0.188661, 1.06592e-17, 0.225228, 0.0554269, 0.486266, 2.34771e-05, 0.254151, 0.00162916, 6.56083e-10, 0.00194592, 2.73781e-05, 0.419641, 7.44229e-05, 9.58354e-07, 3.38972e-10, 2.4821e-12, 1.89384e-10, 4.77608e-11, 8.21963e-08, 0.322531, 0.158488, 1173, 1173, 0.0425581, 0.188136, 1.13185e-17, 0.233547, 0.0530137, 0.483591, 2.35645e-05, 0.251238, 0.00169685, 6.5454e-10, 0.00197382, 2.89538e-05, 0.421901, 7.64958e-05, 9.37469e-07, 3.40237e-10, 2.46442e-12, 1.8807e-10, 4.78036e-11, 8.57841e-08, 0.323083, 0.12929, 1173, 1173, 0.0405803, 0.186146, 1.27965e-17, 0.24922, 0.0480206, 0.475504, 2.36032e-05, 0.245095, 0.00184917, 6.53172e-10, 0.00203115, 3.25435e-05, 0.42656, 8.10067e-05, 8.94263e-07, 3.42353e-10, 2.43508e-12, 1.85924e-10, 4.80647e-11, 9.36977e-08, 0.32435, 0.0206708, 0.139815, 1173, 
0.0131579, 0.159445, 1173, 1173, 0.0392195, 0.192907, 1.07261e-17, 0.232462, 0.0543177, 0.480836, 2.35892e-05, 0.25184, 0.00163589, 5.95442e-10, 0.00193735, 2.84403e-05, 0.423518, 7.4412e-05, 9.7779e-07, 3.47488e-10, 2.35979e-12, 1.73196e-10, 4.39602e-11, 8.50218e-08, 0.320964, 0.157447, 1173, 1173, 0.0381898, 0.192004, 1.13817e-17, 0.240713, 0.0518135, 0.477108, 2.36309e-05, 0.248886, 0.00170463, 5.92616e-10, 0.00196479, 3.00955e-05, 0.425811, 7.64954e-05, 9.56265e-07, 3.48742e-10, 2.33677e-12, 1.71522e-10, 4.38847e-11, 8.87591e-08, 0.321526, 0.127796, 1173, 1173, 0.0362635, 0.190164, 1.28872e-17, 0.25738, 0.046931, 0.469393, 2.36966e-05, 0.242691, 0.001859, 5.88353e-10, 0.00202106, 3.38491e-05, 0.430489, 8.10198e-05, 9.11675e-07, 3.5073e-10, 2.29537e-12, 1.68576e-10, 4.38763e-11, 9.6957e-08, 0.322823, 0.0206708, 0.152237, 1173, 
0.0142105, 0.15821, 1173, 1173, 0.0351039, 0.196628, 1.08502e-17, 0.240124, 0.0529563, 0.474806, 2.36593e-05, 0.249348, 0.00164975, 5.38218e-10, 0.00193194, 2.96511e-05, 0.427387, 7.46221e-05, 9.93709e-07, 3.55682e-10, 2.24132e-12, 1.57824e-10, 4.03642e-11, 8.81448e-08, 0.319578, 0.156227, 1173, 1173, 0.0341274, 0.195613, 1.1521e-17, 0.248625, 0.050494, 0.471109, 2.37051e-05, 0.246396, 0.00172001, 5.34822e-10, 0.0019593, 3.13746e-05, 0.429625, 7.67325e-05, 9.71025e-07, 3.56709e-10, 2.21426e-12, 1.55984e-10, 4.02164e-11, 9.19882e-08, 0.32019, 0.122714, 1173, 1173, 0.0322773, 0.193412, 1.30489e-17, 0.265619, 0.0456811, 0.463204, 2.37646e-05, 0.24023, 0.00187751, 5.29166e-10, 0.00201532, 3.52688e-05, 0.434166, 8.13064e-05, 9.24177e-07, 3.58166e-10, 2.16397e-12, 1.52649e-10, 4.00396e-11, 1.00381e-07, 0.321593, 0.0206708, 0.164442, 1173, 
0.0152632, 0.157001, 1173, 1173, 0.0316861, 0.199287, 1.10543e-17, 0.247337, 0.0516238, 0.470373, 2.37759e-05, 0.24708, 0.00167179, 4.90717e-10, 0.00193321, 3.0848e-05, 0.430533, 7.51438e-05, 1.00104e-06, 3.61838e-10, 2.13659e-12, 1.44937e-10, 3.73539e-11, 9.11263e-08, 0.318675, 0.155003, 1173, 1173, 0.0306551, 0.198014, 1.17928e-17, 0.2559, 0.049124, 0.465927, 2.379e-05, 0.244085, 0.00174367, 4.85935e-10, 0.00196005, 3.26581e-05, 0.432801, 7.72732e-05, 9.78032e-07, 3.62827e-10, 2.10466e-12, 1.42726e-10, 3.70895e-11, 9.51176e-08, 0.319299, 0.121226, 1173, 1173, 0.0287611, 0.19559, 1.33076e-17, 0.273386, 0.0443493, 0.45739, 2.38254e-05, 0.237864, 0.00190458, 4.77423e-10, 0.00201492, 3.67301e-05, 0.437351, 8.18825e-05, 9.30364e-07, 3.64082e-10, 2.04385e-12, 1.38634e-10, 3.66637e-11, 1.03784e-07, 0.320745, 0.0206708, 0.176403, 1173, 
0.0163158, 0.155521, 1173, 1173, 0.0280614, 0.201723, 1.13048e-17, 0.255474, 0.0499667, 0.464212, 2.3823e-05, 0.244444, 0.0016997, 4.4074e-10, 0.00193492, 3.22895e-05, 0.434058, 7.5802e-05, 1.00784e-06, 3.68553e-10, 2.02414e-12, 1.3132e-10, 3.41659e-11, 9.464e-08, 0.317755, 0.153566, 1173, 1173, 0.0271282, 0.200234, 1.20031e-17, 0.264087, 0.0475363, 0.459808, 2.38345e-05, 0.241491, 0.00177356, 4.36144e-10, 0.00196183, 3.41583e-05, 0.436203, 7.7968e-05, 9.83552e-07, 3.69131e-10, 1.99013e-12, 1.29159e-10, 3.38819e-11, 9.86894e-08, 0.318457, 0.116163, 1173, 1173, 0.0254427, 0.197616, 1.36428e-17, 0.282025, 0.0429572, 0.451963, 2.38985e-05, 0.235368, 0.00193888, 4.27823e-10, 0.00201687, 3.83504e-05, 0.440485, 8.26565e-05, 9.33383e-07, 3.69498e-10, 1.92474e-12, 1.25129e-10, 3.34025e-11, 1.07451e-07, 0.320069, 0.0206708, 0.188084, 1173, 
0.0173684, 0.154257, 1173, 1173, 0.0255139, 0.202895, 1.16386e-17, 0.262228, 0.0485764, 0.460797, 2.3935e-05, 0.242338, 0.00173369, 4.05543e-10, 0.00194376, 3.3559e-05, 0.436446, 7.67309e-05, 1.00472e-06, 3.723e-10, 1.93651e-12, 1.21568e-10, 3.18862e-11, 9.76146e-08, 0.317427, 0.15228, 1173, 1173, 0.0245383, 0.201497, 1.23504e-17, 0.2714, 0.0461854, 0.456371, 2.39567e-05, 0.239321, 0.00181001, 3.99176e-10, 0.00197021, 3.55303e-05, 0.438639, 7.89332e-05, 9.80333e-07, 3.72847e-10, 1.89728e-12, 1.18943e-10, 3.14677e-11, 1.01832e-07, 0.318144, 0.114785, 1173, 1173, 0.0226906, 0.1985, 1.40548e-17, 0.289744, 0.0415783, 0.447226, 2.39705e-05, 0.233091, 0.00198045, 3.86948e-10, 0.00202399, 3.994e-05, 0.442991, 8.36852e-05, 9.30052e-07, 3.73091e-10, 1.82019e-12, 1.13896e-10, 3.06849e-11, 1.1092e-07, 0.319788, 0.0206708, 0.199477, 1173, 
0.0184211, 0.15248, 1173, 1173, 0.022079, 0.204553, 1.20397e-17, 0.27195, 0.04667, 0.454615, 2.40029e-05, 0.239397, 0.00177718, 3.57097e-10, 0.00195131, 3.53524e-05, 0.43989, 7.7838e-05, 1.00369e-06, 3.77952e-10, 1.81721e-12, 1.08198e-10, 2.87255e-11, 1.01761e-07, 0.316869, 0.150587, 1173, 1173, 0.021262, 0.202972, 1.28034e-17, 0.281055, 0.0444077, 0.450437, 2.40227e-05, 0.236476, 0.00185527, 3.51737e-10, 0.00197753, 3.73618e-05, 0.441896, 8.00624e-05, 9.78295e-07, 3.77952e-10, 1.77831e-12, 1.05864e-10, 2.83433e-11, 1.05963e-07, 0.317677, 0.109771, 1173, 1173, 0.019755, 0.199352, 1.45299e-17, 0.298835, 0.040022, 0.441593, 2.40195e-05, 0.230478, 0.00202997, 3.42452e-10, 0.00203151, 4.18265e-05, 0.445793, 8.48824e-05, 9.25584e-07, 3.76906e-10, 1.70397e-12, 1.01649e-10, 2.76957e-11, 1.14946e-07, 0.319539, 0.0206708, 0.210536, 1173, 
0.0194737, 0.151435, 1173, 1173, 0.0205849, 0.204437, 1.24059e-17, 0.276791, 0.045493, 0.452346, 2.40742e-05, 0.237759, 0.00181472, 3.36763e-10, 0.0019639, 3.64799e-05, 0.441361, 7.89093e-05, 9.94035e-07, 3.79329e-10, 1.75759e-12, 1.02386e-10, 2.73654e-11, 1.04251e-07, 0.316986, 0.149486, 1173, 1173, 0.0196717, 0.202687, 1.32026e-17, 0.286315, 0.043183, 0.447714, 2.4088e-05, 0.234732, 0.00189732, 3.29572e-10, 0.0019906, 3.86205e-05, 0.443418, 8.12318e-05, 9.67923e-07, 3.79212e-10, 1.7131e-12, 9.95586e-11, 2.68504e-11, 1.0867e-07, 0.317841, 0.108642, 1173, 1173, 0.0178763, 0.199083, 1.50644e-17, 0.305764, 0.0387553, 0.438291, 2.41008e-05, 0.22847, 0.00208216, 3.1423e-10, 0.0020446, 4.34132e-05, 0.447501, 8.62431e-05, 9.1447e-07, 3.78076e-10, 1.62179e-12, 9.37313e-11, 2.57679e-11, 1.18181e-07, 0.319772, 0.0206708, 0.221298, 1173, 
0.0205263, 0.14899, 1173, 1173, 0.0168261, 0.204685, 1.31325e-17, 0.290087, 0.0429227, 0.444888, 2.41764e-05, 0.233972, 0.00189163, 2.82542e-10, 0.00198255, 3.90801e-05, 0.445057, 8.09458e-05, 9.79963e-07, 3.83624e-10, 1.60775e-12, 8.71776e-11, 2.37189e-11, 1.09904e-07, 0.316976, 0.147183, 1173, 1173, 0.016067, 0.202866, 1.39511e-17, 0.299447, 0.0408252, 0.440462, 2.41824e-05, 0.2311, 0.00197471, 2.75942e-10, 0.00200754, 4.12365e-05, 0.446902, 8.32239e-05, 9.54333e-07, 3.83002e-10, 1.56403e-12, 8.45793e-11, 2.32144e-11, 1.14215e-07, 0.31789, 0.103517, 1173, 1173, 0.0147594, 0.198858, 1.57889e-17, 0.317236, 0.0368576, 0.431402, 2.41448e-05, 0.225353, 0.002156, 2.65279e-10, 0.00205775, 4.58913e-05, 0.450373, 8.80408e-05, 9.02432e-07, 3.80697e-10, 1.48377e-12, 8.01661e-11, 2.23912e-11, 1.23161e-07, 0.319925, 0.0206708, 0.231625, 1173, 
