z, Pressure_0, Pressure_1, Pressure_2, Pressure_3, Pressure_4, Velocity_0, GasTemperature_0, SolidTemperature_0, CH4_0, CO_0, O2_0, CO2_0, H2_0, H2O_0, AR_0, H(s)_0, O(s)_0, CH4(s)_0, H2O(s)_0, CO2(s)_0, CO(s)_0, OH(s)_0, C(s)_0, HCO(s)_0, CH(s)_0, CH3(s)_0, CH2(s)_0, COOH(s)_0, Ni(s)_0, Velocity_1, GasTemperature_1, SolidTemperature_1, CH4_1, CO_1, O2_1, CO2_1, H2_1, H2O_1, AR_1, H(s)_1, O(s)_1, CH4(s)_1, H2O(s)_1, CO2(s)_1, CO(s)_1, OH(s)_1, C(s)_1, HCO(s)_1, CH(s)_1, CH3(s)_1, CH2(s)_1, COOH(s)_1, Ni(s)_1, Velocity_2, GasTemperature_2, SolidTemperature_2, CH4_2, CO_2, O2_2, CO2_2, H2_2, H2O_2, AR_2, H(s)_2, O(s)_2, CH4(s)_2, H2O(s)_2, CO2(s)_2, CO(s)_2, OH(s)_2, C(s)_2, HCO(s)_2, CH(s)_2, CH3(s)_2, CH2(s)_2, COOH(s)_2, Ni(s)_2, Velocity_3_3, GasTemperature_3_3, SolidTemperature_3_3, CH4_3_3, CO_3_3, O2_3_3, CO2_3_3, H2_3_3, H2O_3_3, AR_3_3, H(s)_3_3, O(s)_3_3, CH4(s)_3_3, H2O(s)_3_3, CO2(s)_3_3, CO(s)_3_3, OH(s)_3_3, C(s)_3_3, HCO(s)_3_3, CH(s)_3_3, CH3(s)_3_3, CH2(s)_3_3, COOH(s)_3_3, Ni(s)_3_3, Velocity_4_4, GasTemperature_4_4, SolidTemperature_4_4, CH4_4_4, CO_4_4, O2_4_4, CO2_4_4, H2_4_4, H2O_4_4, AR_4_4, H(s)_4_4, O(s)_4_4, CH4(s)_4_4, H2O(s)_4_4, CO2(s)_4_4, CO(s)_4_4, OH(s)_4_4, C(s)_4_4, HCO(s)_4_4, CH(s)_4_4, CH3(s)_4_4, CH2(s)_4_4, COOH(s)_4_4, Ni(s)_4_4, 
0.000526316, 1.00024e+06, 1.00024e+06, 1.00024e+06, 1.00193e+06, 1.00156e+06, 0.141912, 1173, 1173, 0.179786, 0.033056, 9.95186e-17, 0.0816429, 0.0245544, 0.682338, 2.28203e-05, 0.25611, 0.00753681, 4.25346e-09, 0.00428429, 2.37873e-05, 0.260653, 0.000237505, 8.36167e-08, 6.42844e-11, 1.47538e-11, 1.22745e-09, 3.80243e-10, 4.93439e-08, 0.471155, 0.141784, 1173, 1173, 0.175328, 0.0321673, 9.83809e-17, 0.0800537, 0.0237529, 0.665429, 2.22657e-05, 0.255516, 0.00760582, 4.26376e-09, 0.00429473, 2.39871e-05, 0.260684, 0.00023888, 8.29695e-08, 6.40877e-11, 1.48419e-11, 1.23171e-09, 3.8232e-10, 4.95925e-08, 0.471636, 0.141225, 1173, 1173, 0.177325, 0.0321279, 1.06113e-16, 0.0823128, 0.0231723, 0.672682, 2.25081e-05, 0.253002, 0.00791911, 4.31308e-09, 0.00434232, 2.48288e-05, 0.260567, 0.000245097, 8.00042e-08, 6.30882e-11, 1.52502e-11, 1.25191e-09, 3.91979e-10, 5.05868e-08, 0.473899, 0.138896, 1173, 1173, 0.183443, 0.0246759, 1.50172e-16, 0.0639209, 0.019254, 0.676376, 2.20559e-05, 0.246425, 0.010063, 4.85089e-09, 0.00474687, 2.50701e-05, 0.240794, 0.000288869, 5.53842e-08, 4.88609e-11, 1.86989e-11, 1.45399e-09, 4.75563e-10, 4.74012e-08, 0.497658, 0.137693, 1173, 1173, 0.191394, 0.0256107, 1.70912e-16, 0.0686054, 0.019203, 0.706275, 2.30448e-05, 0.242795, 0.0105881, 4.90167e-09, 0.00480052, 2.63813e-05, 0.241351, 0.00029798, 5.31964e-08, 4.81504e-11, 1.93236e-11, 1.48143e-09, 4.90026e-10, 4.89046e-08, 0.500141, 
0.00157895, 1.00023e+06, 1.00023e+06, 1.00023e+06, 1.00185e+06, 1.00147e+06, 0.150514, 1173, 1173, 0.14343, 0.065408, 3.56709e-17, 0.127661, 0.0382515, 0.619807, 2.26812e-05, 0.269116, 0.00379292, 2.78721e-09, 0.00319646, 2.25762e-05, 0.317128, 0.000145536, 2.32157e-07, 1.27213e-10, 8.00266e-12, 7.65587e-10, 2.10133e-10, 5.69605e-08, 0.406598, 0.150211, 1173, 1173, 0.143616, 0.0654374, 3.63859e-17, 0.129108, 0.0378972, 0.620888, 2.27332e-05, 0.2683, 0.00383924, 2.79678e-09, 0.00320887, 2.28858e-05, 0.31744, 0.000146706, 2.30203e-07, 1.27016e-10, 8.05809e-12, 7.68531e-10, 2.11499e-10, 5.75038e-08, 0.407043, 0.149084, 1173, 1173, 0.146213, 0.0640458, 3.89095e-17, 0.130176, 0.0369228, 0.627473, 2.28924e-05, 0.266764, 0.00401201, 2.86776e-09, 0.00326616, 2.33997e-05, 0.315708, 0.000151303, 2.1879e-07, 1.23569e-10, 8.35141e-12, 7.89361e-10, 2.19047e-10, 5.8028e-08, 0.410075, 0.147724, 1173, 1173, 0.15857, 0.05185, 4.84541e-17, 0.11051, 0.034145, 0.647022, 2.28427e-05, 0.268209, 0.00465923, 3.2641e-09, 0.00353465, 2.2162e-05, 0.296302, 0.00016962, 1.6683e-07, 1.01351e-10, 9.79577e-12, 9.05729e-10, 2.56927e-10, 5.30655e-08, 0.427103, 0.144442, 1173, 1173, 0.161237, 0.0501684, 6.06474e-17, 0.11739, 0.0307454, 0.655966, 2.32012e-05, 0.260531, 0.00533375, 3.4206e-09, 0.00369322, 2.48786e-05, 0.295972, 0.000185508, 1.47807e-07, 9.65552e-11, 1.07149e-11, 9.57275e-10, 2.79381e-10, 5.69177e-08, 0.43426, 
0.00263158, 1.00022e+06, 1.00022e+06, 1.00021e+06, 1.00176e+06, 1.00138e+06, 0.155827, 1173, 1173, 0.121629, 0.0903939, 2.30602e-17, 0.148343, 0.0462843, 0.586871, 2.26675e-05, 0.271418, 0.0027646, 2.13327e-09, 0.00273168, 2.2045e-05, 0.344237, 0.000114864, 3.69794e-07, 1.71818e-10, 5.85226e-12, 5.81909e-10, 1.51917e-10, 6.0209e-08, 0.378711, 0.155338, 1173, 1173, 0.122596, 0.090414, 2.28672e-17, 0.150132, 0.0459954, 0.590469, 2.27952e-05, 0.270736, 0.00280392, 2.14911e-09, 0.00274701, 2.23128e-05, 0.3442, 0.000116002, 3.65144e-07, 1.71036e-10, 5.9099e-12, 5.86247e-10, 1.53469e-10, 6.06813e-08, 0.379374, 0.154399, 1173, 1173, 0.125697, 0.0873123, 2.47312e-17, 0.149071, 0.0448804, 0.595733, 2.28359e-05, 0.270154, 0.00292442, 2.22911e-09, 0.00280374, 2.25379e-05, 0.341299, 0.000119686, 3.4502e-07, 1.65292e-10, 6.15772e-12, 6.08249e-10, 1.60316e-10, 6.06355e-08, 0.382676, 0.153382, 1173, 1173, 0.137522, 0.0725832, 2.85704e-17, 0.130513, 0.042516, 0.611113, 2.26731e-05, 0.27345, 0.0032782, 2.54792e-09, 0.00300481, 2.1193e-05, 0.323965, 0.000131183, 2.76807e-07, 1.40367e-10, 7.09254e-12, 6.97103e-10, 1.86288e-10, 5.57563e-08, 0.396149, 0.145498, 1173, 1173, 0.139142, 0.0683825, 3.89905e-17, 0.142186, 0.0359043, 0.614974, 2.29338e-05, 0.262587, 0.00399767, 2.75057e-09, 0.0032263, 2.5381e-05, 0.324599, 0.000150108, 2.33567e-07, 1.32398e-10, 8.05529e-12, 7.57089e-10, 2.10706e-10, 6.2665e-08, 0.405413, 
0.00368421, 1.0002e+06, 1.0002e+06, 1.0002e+06, 1.00166e+06, 1.0013e+06, 0.159537, 1173, 1173, 0.107019, 0.111742, 1.7093e-17, 0.161822, 0.0523564, 0.570443, 2.28963e-05, 0.271708, 0.00227193, 1.73877e-09, 0.00245965, 2.16952e-05, 0.361256, 9.88075e-05, 4.92672e-07, 2.05949e-10, 4.76436e-12, 4.75089e-10, 1.20615e-10, 6.20167e-08, 0.362184, 0.159124, 1173, 1173, 0.107786, 0.110864, 1.75218e-17, 0.162358, 0.0518433, 0.571565, 2.29015e-05, 0.271283, 0.00230403, 1.75913e-09, 0.00247559, 2.18786e-05, 0.360827, 9.9825e-05, 4.85245e-07, 2.04477e-10, 4.82152e-12, 4.80491e-10, 1.22274e-10, 6.23049e-08, 0.362989, 0.158095, 1173, 1173, 0.111312, 0.106465, 1.85002e-17, 0.159762, 0.0507747, 0.576154, 2.28731e-05, 0.271394, 0.00239267, 1.83993e-09, 0.0025274, 2.19011e-05, 0.357316, 0.000102786, 4.58566e-07, 1.97189e-10, 5.03187e-12, 5.02175e-10, 1.28443e-10, 6.18408e-08, 0.366245, 0.157692, 1173, 1173, 0.123258, 0.0914573, 2.09102e-17, 0.14407, 0.049089, 0.593074, 2.28342e-05, 0.275119, 0.00262369, 2.1027e-09, 0.00268503, 2.06719e-05, 0.342241, 0.000110939, 3.81913e-07, 1.72076e-10, 5.7045e-12, 5.73751e-10, 1.48085e-10, 5.74561e-08, 0.377199, 0.146709, 1173, 1173, 0.123641, 0.0833632, 3.06273e-17, 0.159778, 0.0387828, 0.589225, 2.28823e-05, 0.261445, 0.00339641, 2.34197e-09, 0.00296197, 2.63037e-05, 0.343735, 0.000132572, 3.0744e-07, 1.60766e-10, 6.69206e-12, 6.40854e-10, 1.74119e-10, 6.74992e-08, 0.388303, 
0.00473684, 1.00019e+06, 1.00019e+06, 1.00019e+06, 1.00157e+06, 1.00121e+06, 0.162395, 1173, 1173, 0.0951655, 0.128435, 1.41164e-17, 0.169368, 0.0566432, 0.554834, 2.29198e-05, 0.271621, 0.00198062, 1.47293e-09, 0.00227898, 2.13578e-05, 0.372806, 8.88031e-05, 5.99942e-07, 2.32476e-10, 4.11738e-12, 4.04568e-10, 1.00927e-10, 6.29375e-08, 0.351203, 0.161969, 1173, 1173, 0.0963442, 0.127116, 1.43916e-17, 0.169354, 0.0562086, 0.556584, 2.29236e-05, 0.271466, 0.00200754, 1.49701e-09, 0.00229513, 2.14528e-05, 0.371985, 8.97207e-05, 5.89681e-07, 2.30247e-10, 4.17453e-12, 4.10881e-10, 1.02691e-10, 6.30143e-08, 0.352134, 0.161213, 1173, 1173, 0.0985499, 0.119602, 1.48301e-17, 0.162868, 0.0542897, 0.551441, 2.24705e-05, 0.272067, 0.00207814, 1.57798e-09, 0.00234327, 2.1336e-05, 0.36804, 9.22371e-05, 5.57396e-07, 2.21708e-10, 4.36114e-12, 4.3234e-10, 1.08453e-10, 6.2241e-08, 0.355358, 0.160886, 1173, 1173, 0.111108, 0.107228, 1.6687e-17, 0.15251, 0.0538695, 0.575918, 2.28356e-05, 0.275592, 0.00224213, 1.79471e-09, 0.00246881, 2.03097e-05, 0.355312, 9.834e-05, 4.79022e-07, 1.9815e-10, 4.86374e-12, 4.90553e-10, 1.23795e-10, 5.85491e-08, 0.364266, 0.144887, 1173, 1173, 0.112969, 0.0976104, 2.68181e-17, 0.177447, 0.0409402, 0.578782, 2.32712e-05, 0.259088, 0.00306532, 2.05246e-09, 0.00279068, 2.7492e-05, 0.35829, 0.000122249, 3.7098e-07, 1.84481e-10, 5.83085e-12, 5.60359e-10, 1.50283e-10, 7.20764e-08, 0.376616, 
0.00578947, 1.00018e+06, 1.00018e+06, 1.00018e+06, 1.00147e+06, 1.00112e+06, 0.164703, 1173, 1173, 0.0842551, 0.140659, 1.20509e-17, 0.172144, 0.059244, 0.534683, 2.26074e-05, 0.271381, 0.00178273, 1.27406e-09, 0.00214569, 2.10567e-05, 0.381502, 8.17495e-05, 6.96643e-07, 2.54405e-10, 3.68149e-12, 3.52578e-10, 8.69258e-11, 6.34603e-08, 0.343085, 0.164428, 1173, 1173, 0.0863297, 0.140222, 1.22876e-17, 0.173104, 0.0593943, 0.541076, 2.27938e-05, 0.271432, 0.00180445, 1.29902e-09, 0.00216068, 2.10844e-05, 0.380466, 8.25329e-05, 6.84643e-07, 2.5172e-10, 3.73424e-12, 3.59076e-10, 8.86393e-11, 6.33805e-08, 0.344033, 0.163661, 1173, 1173, 0.0896818, 0.133355, 1.27455e-17, 0.167789, 0.0581308, 0.541411, 2.25557e-05, 0.272303, 0.00186102, 1.37557e-09, 0.00220386, 2.08967e-05, 0.37647, 8.46496e-05, 6.49216e-07, 2.42678e-10, 3.89459e-12, 3.79181e-10, 9.38289e-11, 6.24701e-08, 0.347056, 0.16363, 1173, 1173, 0.0996307, 0.119449, 1.38819e-17, 0.156509, 0.056955, 0.554619, 2.25366e-05, 0.275603, 0.00198852, 1.5634e-09, 0.00230966, 2.00206e-05, 0.365306, 8.9577e-05, 5.69055e-07, 2.20237e-10, 4.29579e-12, 4.29093e-10, 1.06602e-10, 5.92749e-08, 0.354682, 0.144372, 1173, 1173, 0.101736, 0.108161, 2.41359e-17, 0.189746, 0.0414557, 0.559528, 2.32004e-05, 0.25636, 0.00285932, 1.82917e-09, 0.00266981, 2.87836e-05, 0.37, 0.000115485, 4.26041e-07, 2.04872e-10, 5.21624e-12, 4.99046e-10, 1.32878e-10, 7.64198e-08, 0.367967, 
0.00684211, 1.00017e+06, 1.00017e+06, 1.00017e+06, 1.00137e+06, 1.00103e+06, 0.166631, 1173, 1173, 0.0771783, 0.152666, 1.07324e-17, 0.176258, 0.0622529, 0.527776, 2.27173e-05, 0.271223, 0.00164596, 1.1287e-09, 0.00204837, 2.07637e-05, 0.387779, 7.6749e-05, 7.78417e-07, 2.71546e-10, 3.39011e-12, 3.15031e-10, 7.70667e-11, 6.36303e-08, 0.337205, 0.166307, 1173, 1173, 0.0787546, 0.150929, 1.09116e-17, 0.175611, 0.0620224, 0.530293, 2.27324e-05, 0.271413, 0.00166472, 1.15433e-09, 0.00206275, 2.07484e-05, 0.386585, 7.74559e-05, 7.64789e-07, 2.68475e-10, 3.43987e-12, 3.21671e-10, 7.87546e-11, 6.34455e-08, 0.338175, 0.165701, 1173, 1173, 0.0811061, 0.141712, 1.1056e-17, 0.167807, 0.0600014, 0.523431, 2.21896e-05, 0.272435, 0.001713, 1.22766e-09, 0.00210261, 2.05263e-05, 0.382593, 7.93262e-05, 7.26816e-07, 2.59092e-10, 3.58245e-12, 3.40796e-10, 8.35611e-11, 6.24712e-08, 0.341055, 0.165743, 1173, 1173, 0.0939454, 0.134911, 1.23264e-17, 0.165606, 0.0616677, 0.559132, 2.3186e-05, 0.275346, 0.00181383, 1.38723e-09, 0.0021911, 1.98129e-05, 0.373081, 8.33274e-05, 6.49507e-07, 2.38713e-10, 3.90099e-12, 3.82848e-10, 9.40988e-11, 5.98212e-08, 0.347464, 0.141368, 1173, 1173, 0.0926829, 0.117122, 2.2734e-17, 0.201982, 0.0414056, 0.545495, 2.32509e-05, 0.253316, 0.00274353, 1.65722e-09, 0.00258851, 3.02569e-05, 0.379501, 0.000111387, 4.69984e-07, 2.21774e-10, 4.77299e-12, 4.52162e-10, 1.20107e-10, 8.07484e-08, 0.361709, 
0.00736842, 1.00016e+06, 1.00016e+06, 1.00016e+06, 1.00132e+06, 1.00099e+06, 0.167461, 1173, 1173, 0.0747454, 0.159925, 1.03281e-17, 0.179885, 0.0643185, 0.530307, 2.30113e-05, 0.271154, 0.00158869, 1.06549e-09, 0.00200617, 2.0619e-05, 0.390488, 7.46215e-05, 8.17253e-07, 2.79299e-10, 3.27111e-12, 2.98831e-10, 7.28823e-11, 6.36492e-08, 0.334667, 0.16725, 1173, 1173, 0.074571, 0.154221, 1.02276e-17, 0.174775, 0.0625648, 0.520072, 2.24713e-05, 0.271405, 0.00160642, 1.09161e-09, 0.00202039, 2.05858e-05, 0.389219, 7.53021e-05, 8.02745e-07, 2.76027e-10, 3.31995e-12, 3.0558e-10, 7.45728e-11, 6.34186e-08, 0.335653, 0.166609, 1173, 1173, 0.0800839, 0.151057, 1.08843e-17, 0.174019, 0.0631112, 0.534602, 2.28494e-05, 0.272451, 0.00165039, 1.16164e-09, 0.00205793, 2.036e-05, 0.385344, 7.70316e-05, 7.64582e-07, 2.66755e-10, 3.45149e-12, 3.23788e-10, 7.90981e-11, 6.24548e-08, 0.338399, 0.166691, 1173, 1173, 0.0896383, 0.139742, 1.175e-17, 0.166733, 0.0627263, 0.551314, 2.3073e-05, 0.275203, 0.00174277, 1.31152e-09, 0.0021407, 1.97123e-05, 0.376416, 8.07341e-05, 6.87646e-07, 2.47053e-10, 3.74127e-12, 3.63127e-10, 8.88719e-11, 6.00157e-08, 0.344396, 0.141237, 1173, 1173, 0.087379, 0.119419, 2.19085e-17, 0.204811, 0.0407018, 0.531726, 2.29562e-05, 0.251848, 0.00270089, 1.58245e-09, 0.00255559, 3.09852e-05, 0.383656, 0.000109813, 4.89445e-07, 2.29357e-10, 4.58538e-12, 4.31846e-10, 1.14662e-10, 8.28097e-08, 0.359098, 
0.00763158, 1.00016e+06, 1.00016e+06, 1.00016e+06, 1.0013e+06, 1.00096e+06, 0.167908, 1173, 1173, 0.0730706, 0.162444, 1.00823e-17, 0.180463, 0.064902, 0.528089, 2.30047e-05, 0.271112, 0.00156222, 1.03564e-09, 0.00198631, 2.05501e-05, 0.391773, 7.36301e-05, 8.36338e-07, 2.83037e-10, 3.21662e-12, 2.91205e-10, 7.09288e-11, 6.3654e-08, 0.333471, 0.167625, 1173, 1173, 0.0732315, 0.157195, 1.00455e-17, 0.175918, 0.063381, 0.51985, 2.25473e-05, 0.271393, 0.00157944, 1.06187e-09, 0.00200044, 2.05081e-05, 0.390467, 7.42977e-05, 8.21408e-07, 2.79671e-10, 3.26476e-12, 2.97977e-10, 7.26133e-11, 6.34012e-08, 0.334464, 0.167041, 1173, 1173, 0.0782524, 0.153166, 1.05517e-17, 0.174177, 0.0635878, 0.531236, 2.27953e-05, 0.272448, 0.00162174, 1.13069e-09, 0.00203708, 2.0282e-05, 0.386639, 7.59721e-05, 7.83015e-07, 2.70424e-10, 3.39192e-12, 3.15842e-10, 7.70312e-11, 6.24436e-08, 0.337157, 0.167162, 1173, 1173, 0.0878603, 0.142552, 1.14625e-17, 0.167814, 0.0634367, 0.549393, 2.30955e-05, 0.275125, 0.00171005, 1.27573e-09, 0.00211702, 1.96638e-05, 0.377995, 7.95292e-05, 7.06479e-07, 2.51086e-10, 3.66791e-12, 3.53837e-10, 8.64319e-11, 6.01024e-08, 0.342953, 0.1397, 1173, 1173, 0.0884197, 0.125834, 2.25089e-17, 0.215302, 0.042085, 0.54776, 2.38059e-05, 0.251067, 0.00268119, 1.54466e-09, 0.00253953, 3.13784e-05, 0.385767, 0.000109067, 4.99335e-07, 2.33248e-10, 4.4916e-12, 4.21589e-10, 1.11932e-10, 8.39028e-08, 0.357804, 
0.00789474, 1.00016e+06, 1.00016e+06, 1.00016e+06, 1.00127e+06, 1.00094e+06, 0.168271, 1173, 1173, 0.0709644, 0.163627, 9.76192e-18, 0.179639, 0.0649811, 0.522138, 2.28294e-05, 0.27108, 0.00153757, 1.0077e-09, 0.00196767, 2.04807e-05, 0.392967, 7.27034e-05, 8.54688e-07, 2.86569e-10, 3.16665e-12, 2.84089e-10, 6.91129e-11, 6.36447e-08, 0.332354, 0.168092, 1173, 1173, 0.072654, 0.161693, 9.94765e-18, 0.178767, 0.0648136, 0.524827, 2.28473e-05, 0.271379, 0.00155405, 1.0336e-09, 0.00198146, 2.04331e-05, 0.391658, 7.33475e-05, 8.39648e-07, 2.83185e-10, 3.21338e-12, 2.90767e-10, 7.07642e-11, 6.33802e-08, 0.333332, 0.167459, 1173, 1173, 0.0765964, 0.155359, 1.02884e-17, 0.1745, 0.0641143, 0.528637, 2.27696e-05, 0.272444, 0.00159499, 1.10146e-09, 0.00201741, 2.02065e-05, 0.38786, 7.49785e-05, 8.0088e-07, 2.73929e-10, 3.33674e-12, 3.08356e-10, 7.50937e-11, 6.24268e-08, 0.335987, 0.167595, 1173, 1173, 0.0877959, 0.148093, 1.1416e-17, 0.172083, 0.065354, 0.558101, 2.35625e-05, 0.27504, 0.00167945, 1.2416e-09, 0.00209458, 1.96188e-05, 0.379507, 7.83956e-05, 7.2493e-07, 2.54995e-10, 3.59928e-12, 3.44997e-10, 8.41244e-11, 6.01868e-08, 0.34158, 0.140088, 1173, 1173, 0.0853164, 0.126103, 2.19909e-17, 0.215405, 0.0414287, 0.53768, 2.35152e-05, 0.250311, 0.00266481, 1.50988e-09, 0.0025253, 3.17647e-05, 0.387723, 0.000108429, 5.08366e-07, 2.36854e-10, 4.40607e-12, 4.12156e-10, 1.09439e-10, 8.4957e-08, 0.356635, 
0.00802632, 1.00015e+06, 1.00015e+06, 1.00015e+06, 1.00126e+06, 1.00093e+06, 0.168503, 1173, 1173, 0.070248, 0.164929, 9.55724e-18, 0.180022, 0.0653043, 0.521533, 2.28442e-05, 0.271063, 0.00152569, 9.94092e-10, 0.00195862, 2.0447e-05, 0.39355, 7.22551e-05, 8.63783e-07, 2.88306e-10, 3.14265e-12, 2.80626e-10, 6.82328e-11, 6.36398e-08, 0.33181, 0.168231, 1173, 1173, 0.0705292, 0.159763, 9.45107e-18, 0.175598, 0.0638591, 0.513894, 2.2412e-05, 0.271372, 0.00154189, 1.01999e-09, 0.0019723, 2.03963e-05, 0.392233, 7.2891e-05, 8.48615e-07, 2.84895e-10, 3.189e-12, 2.873e-10, 6.98781e-11, 6.3368e-08, 0.332787, 0.16766, 1173, 1173, 0.0761704, 0.157242, 1.03706e-17, 0.175552, 0.0647005, 0.530062, 2.28736e-05, 0.272439, 0.00158212, 1.08722e-09, 0.00200785, 2.01702e-05, 0.388459, 7.44981e-05, 8.09749e-07, 2.75657e-10, 3.31023e-12, 3.04712e-10, 7.41545e-11, 6.24193e-08, 0.335417, 0.167816, 1173, 1173, 0.0877502, 0.150877, 1.13509e-17, 0.174214, 0.066311, 0.562425, 2.37952e-05, 0.274995, 0.00166479, 1.22504e-09, 0.00208372, 1.9597e-05, 0.380243, 7.785e-05, 7.34067e-07, 2.56914e-10, 3.56643e-12, 3.40712e-10, 8.30107e-11, 6.02275e-08, 0.340915, 0.138822, 1173, 1173, 0.085061, 0.128129, 2.20783e-17, 0.218709, 0.0417203, 0.540774, 2.3725e-05, 0.249928, 0.00265715, 1.49266e-09, 0.0025184, 3.19622e-05, 0.388693, 0.000108125, 5.12828e-07, 2.38647e-10, 4.36392e-12, 4.07489e-10, 1.08209e-10, 8.54912e-08, 0.356063, 
0.00815789, 1.00015e+06, 1.00015e+06, 1.00015e+06, 1.00125e+06, 1.00092e+06, 0.168658, 1173, 1173, 0.0693206, 0.165657, 9.58183e-18, 0.179795, 0.0654061, 0.519234, 2.27836e-05, 0.271047, 0.00151419, 9.80887e-10, 0.00194982, 2.04133e-05, 0.394113, 7.18205e-05, 8.72719e-07, 2.89999e-10, 3.1196e-12, 2.77271e-10, 6.73817e-11, 6.36321e-08, 0.331283, 0.168486, 1173, 1173, 0.0690621, 0.159176, 9.43029e-18, 0.17395, 0.063451, 0.507521, 2.21732e-05, 0.271365, 0.00153013, 1.00675e-09, 0.0019634, 2.03598e-05, 0.39279, 7.24484e-05, 8.57432e-07, 2.86564e-10, 3.16552e-12, 2.83933e-10, 6.90194e-11, 6.33537e-08, 0.332258, 0.16786, 1173, 1173, 0.0754913, 0.158563, 1.00633e-17, 0.175985, 0.065057, 0.529659, 2.28981e-05, 0.272433, 0.00156966, 1.07335e-09, 0.00199855, 2.01345e-05, 0.389041, 7.40321e-05, 8.18485e-07, 2.77347e-10, 3.28467e-12, 3.01169e-10, 7.32434e-11, 6.24106e-08, 0.334863, 0.16802, 1173, 1173, 0.0873688, 0.153069, 1.13577e-17, 0.175658, 0.067008, 0.564571, 2.39354e-05, 0.274951, 0.00165063, 1.20893e-09, 0.00207318, 1.95756e-05, 0.380958, 7.7322e-05, 7.43068e-07, 2.58791e-10, 3.53477e-12, 3.36551e-10, 8.19319e-11, 6.02659e-08, 0.340269, 0.139494, 1173, 1173, 0.084565, 0.129781, 2.21775e-17, 0.221404, 0.0418866, 0.542322, 2.38673e-05, 0.249545, 0.00265005, 1.47583e-09, 0.00251178, 3.21611e-05, 0.389644, 0.000107838, 5.17169e-07, 2.40405e-10, 4.32288e-12, 4.02928e-10, 1.0701e-10, 8.60248e-08, 0.355509, 
0.00817434, 1.00015e+06, 1.00015e+06, 1.00015e+06, 1.00124e+06, 1.00092e+06, 0.168719, 1173, 1173, 0.0692292, 0.165803, 9.50828e-18, 0.179828, 0.0654408, 0.519126, 2.27839e-05, 0.271045, 0.00151277, 9.7925e-10, 0.00194873, 2.04091e-05, 0.394183, 7.17668e-05, 8.73833e-07, 2.90209e-10, 3.11676e-12, 2.76856e-10, 6.72765e-11, 6.36312e-08, 0.331217, 0.168451, 1173, 1173, 0.0686693, 0.158614, 9.34428e-18, 0.173211, 0.0632053, 0.505176, 2.20755e-05, 0.271364, 0.00152867, 1.0051e-09, 0.0019623, 2.03553e-05, 0.392859, 7.23937e-05, 8.58533e-07, 2.86772e-10, 3.16262e-12, 2.83515e-10, 6.89131e-11, 6.3352e-08, 0.332192, 0.167884, 1173, 1173, 0.0759568, 0.159885, 1.02935e-17, 0.177323, 0.0655762, 0.533472, 2.30682e-05, 0.272433, 0.00156812, 1.07163e-09, 0.0019974, 2.01301e-05, 0.389113, 7.39745e-05, 8.19575e-07, 2.77558e-10, 3.28152e-12, 3.0073e-10, 7.31308e-11, 6.24095e-08, 0.334794, 0.168053, 1173, 1173, 0.0873743, 0.153437, 1.14074e-17, 0.175945, 0.0671359, 0.565184, 2.39676e-05, 0.274945, 0.00164888, 1.20693e-09, 0.00207188, 1.95729e-05, 0.381047, 7.72568e-05, 7.4419e-07, 2.59025e-10, 3.53087e-12, 3.36036e-10, 8.17986e-11, 6.02706e-08, 0.340189, 0.138486, 1173, 1173, 0.0842927, 0.129664, 2.21305e-17, 0.221191, 0.0418029, 0.541165, 2.38257e-05, 0.249497, 0.00264918, 1.47374e-09, 0.00251096, 3.2186e-05, 0.389762, 0.000107803, 5.1771e-07, 2.40624e-10, 4.31779e-12, 4.02362e-10, 1.06862e-10, 8.60916e-08, 0.35544, 
0.00819079, 1.00015e+06, 1.00015e+06, 1.00015e+06, 1.00124e+06, 1.00092e+06, 0.168705, 1173, 1173, 0.0689936, 0.165603, 9.3397e-18, 0.179485, 0.0653388, 0.517934, 2.27365e-05, 0.271043, 0.00151136, 9.77619e-10, 0.00194765, 2.04049e-05, 0.394253, 7.17133e-05, 8.74945e-07, 2.90419e-10, 3.11393e-12, 2.76442e-10, 6.71716e-11, 6.36302e-08, 0.331152, 0.168533, 1173, 1173, 0.0681867, 0.157839, 9.12232e-18, 0.172243, 0.0628754, 0.502163, 2.19487e-05, 0.271364, 0.00152723, 1.00347e-09, 0.0019612, 2.03508e-05, 0.392928, 7.23392e-05, 8.5963e-07, 2.86979e-10, 3.15973e-12, 2.83099e-10, 6.88071e-11, 6.33503e-08, 0.332127, 0.167911, 1173, 1173, 0.0760946, 0.160521, 1.04906e-17, 0.177898, 0.0658134, 0.534987, 2.3139e-05, 0.272432, 0.00156658, 1.06992e-09, 0.00199625, 2.01257e-05, 0.389185, 7.3917e-05, 8.20666e-07, 2.77768e-10, 3.27839e-12, 3.00292e-10, 7.30185e-11, 6.24085e-08, 0.334725, 0.168073, 1173, 1173, 0.087516, 0.154045, 1.17022e-17, 0.176508, 0.0673689, 0.566679, 2.40371e-05, 0.27494, 0.00164714, 1.20494e-09, 0.00207058, 1.95702e-05, 0.381135, 7.71918e-05, 7.45311e-07, 2.59258e-10, 3.52699e-12, 3.35523e-10, 8.16658e-11, 6.02753e-08, 0.34011, 0.139419, 1173, 1173, 0.0831276, 0.128169, 2.17332e-17, 0.218627, 0.0412755, 0.534268, 2.35312e-05, 0.249449, 0.00264832, 1.47166e-09, 0.00251015, 3.2211e-05, 0.38988, 0.000107768, 5.18247e-07, 2.40843e-10, 4.31272e-12, 4.01797e-10, 1.06714e-10, 8.61583e-08, 0.355372, 
0.00820724, 1.00015e+06, 1.00015e+06, 1.00015e+06, 1.00124e+06, 1.00092e+06, 0.168766, 1173, 1173, 0.0684705, 0.164709, 7.96293e-18, 0.178391, 0.0649632, 0.514578, 2.25941e-05, 0.271041, 0.00150996, 9.75994e-10, 0.00194657, 2.04008e-05, 0.394322, 7.16601e-05, 8.76053e-07, 2.90628e-10, 3.11112e-12, 2.76029e-10, 6.70671e-11, 6.36292e-08, 0.331088, 0.1685, 1173, 1173, 0.0687587, 0.159507, 8.57262e-18, 0.17394, 0.0635184, 0.506919, 2.21614e-05, 0.271363, 0.00152579, 1.00183e-09, 0.00196011, 2.03463e-05, 0.392997, 7.22849e-05, 8.60727e-07, 2.87186e-10, 3.15686e-12, 2.82683e-10, 6.87013e-11, 6.33486e-08, 0.332061, 0.167927, 1173, 1173, 0.0726619, 0.153608, 1.18396e-17, 0.170113, 0.0629572, 0.511378, 2.21228e-05, 0.272431, 0.00156507, 1.06821e-09, 0.00199512, 2.01213e-05, 0.389256, 7.38603e-05, 8.21742e-07, 2.77976e-10, 3.27527e-12, 2.99857e-10, 7.29069e-11, 6.24073e-08, 0.334658, 0.168106, 1173, 1173, 0.0885783, 0.15628, 1.35685e-17, 0.178932, 0.0683124, 0.574143, 2.43601e-05, 0.274934, 0.0016454, 1.20296e-09, 0.00206928, 1.95676e-05, 0.381224, 7.71266e-05, 7.46438e-07, 2.59492e-10, 3.52312e-12, 3.3501e-10, 8.15331e-11, 6.02801e-08, 0.34003, 0.13841, 1173, 1173, 0.0826803, 0.127775, 2.10954e-17, 0.217941, 0.0411036, 0.531974, 2.34393e-05, 0.249401, 0.00264747, 1.46958e-09, 0.00250934, 3.2236e-05, 0.389998, 0.000107734, 5.18783e-07, 2.4106e-10, 4.30766e-12, 4.01234e-10, 1.06566e-10, 8.6225e-08, 0.355304, 
0.00822368, 1.00015e+06, 1.00015e+06, 1.00015e+06, 1.00124e+06, 1.00092e+06, 0.168753, 1173, 1173, 0.0687386, 0.165717, 9.4841e-18, 0.179358, 0.0653379, 0.517167, 2.27126e-05, 0.271039, 0.00150855, 9.74372e-10, 0.00194549, 2.03966e-05, 0.394391, 7.16071e-05, 8.7716e-07, 2.90836e-10, 3.10831e-12, 2.75618e-10, 6.69629e-11, 6.36282e-08, 0.331023, 0.168582, 1173, 1173, 0.0680262, 0.158148, 8.96717e-18, 0.172335, 0.0629559, 0.502055, 2.19535e-05, 0.271362, 0.00152435, 1.0002e-09, 0.00195901, 2.03419e-05, 0.393065, 7.22307e-05, 8.61823e-07, 2.87393e-10, 3.154e-12, 2.8227e-10, 6.85961e-11, 6.33469e-08, 0.331996, 0.16796, 1173, 1173, 0.0759495, 0.160904, 1.02446e-17, 0.178063, 0.065924, 0.535068, 2.31527e-05, 0.27243, 0.00156356, 1.06651e-09, 0.00199398, 2.0117e-05, 0.389327, 7.38036e-05, 8.22821e-07, 2.78183e-10, 3.27214e-12, 2.99422e-10, 7.27952e-11, 6.24063e-08, 0.33459, 0.168124, 1173, 1173, 0.0870591, 0.153958, 1.23807e-17, 0.176139, 0.0672641, 0.564869, 2.39729e-05, 0.274928, 0.00164367, 1.20098e-09, 0.00206798, 1.9565e-05, 0.381313, 7.70618e-05, 7.47562e-07, 2.59725e-10, 3.51928e-12, 3.34501e-10, 8.14013e-11, 6.02848e-08, 0.33995, 0.139344, 1173, 1173, 0.0820206, 0.127049, 2.04439e-17, 0.216689, 0.0408253, 0.528305, 2.32866e-05, 0.249353, 0.00264663, 1.46751e-09, 0.00250854, 3.22609e-05, 0.390115, 0.000107699, 5.19316e-07, 2.41277e-10, 4.30262e-12, 4.00673e-10, 1.06419e-10, 8.62917e-08, 0.355236, 
0.00824013, 1.00015e+06, 1.00015e+06, 1.00015e+06, 1.00124e+06, 1.00091e+06, 0.168814, 1173, 1173, 0.0688831, 0.166429, 9.52986e-18, 0.180003, 0.0655958, 0.518828, 2.27905e-05, 0.271037, 0.00150716, 9.72756e-10, 0.00194442, 2.03925e-05, 0.39446, 7.15541e-05, 8.78266e-07, 2.91045e-10, 3.10551e-12, 2.75207e-10, 6.68591e-11, 6.36271e-08, 0.330959, 0.168548, 1173, 1173, 0.0679449, 0.158299, 9.29345e-18, 0.172378, 0.0629948, 0.501992, 2.19555e-05, 0.271361, 0.00152292, 9.98578e-10, 0.00195793, 2.03374e-05, 0.393134, 7.21768e-05, 8.62916e-07, 2.87599e-10, 3.15114e-12, 2.81857e-10, 6.84911e-11, 6.33452e-08, 0.331931, 0.167981, 1173, 1173, 0.0757937, 0.160918, 1.01705e-17, 0.17795, 0.0659066, 0.534517, 2.3134e-05, 0.272429, 0.00156204, 1.06481e-09, 0.00199285, 2.01126e-05, 0.389399, 7.37469e-05, 8.23903e-07, 2.78392e-10, 3.26904e-12, 2.98988e-10, 7.2684e-11, 6.24051e-08, 0.334522, 0.168155, 1173, 1173, 0.0854145, 0.1514, 1.2359e-17, 0.173082, 0.0661143, 0.554762, 2.355e-05, 0.274923, 0.00164195, 1.19902e-09, 0.00206669, 1.95623e-05, 0.3814, 7.69977e-05, 7.48676e-07, 2.59956e-10, 3.51545e-12, 3.33993e-10, 8.12701e-11, 6.02894e-08, 0.339871, 0.138335, 1173, 1173, 0.0829812, 0.128835, 2.14464e-17, 0.219722, 0.0413538, 0.535077, 2.35943e-05, 0.249305, 0.0026458, 1.46544e-09, 0.00250774, 3.2286e-05, 0.390232, 0.000107665, 5.19849e-07, 2.41494e-10, 4.29758e-12, 4.00111e-10, 1.06272e-10, 8.63585e-08, 0.355169, 
0.00825658, 1.00015e+06, 1.00015e+06, 1.00015e+06, 1.00124e+06, 1.00091e+06, 0.1688, 1173, 1173, 0.0687639, 0.166505, 9.475e-18, 0.17996, 0.0656027, 0.518504, 2.27812e-05, 0.271035, 0.00150576, 9.71144e-10, 0.00194334, 2.03883e-05, 0.394529, 7.15013e-05, 8.79371e-07, 2.91252e-10, 3.10273e-12, 2.74799e-10, 6.67557e-11, 6.36261e-08, 0.330894, 0.16863, 1173, 1173, 0.0678033, 0.158309, 9.27518e-18, 0.172267, 0.0629774, 0.501481, 2.1938e-05, 0.27136, 0.0015215, 9.96959e-10, 0.00195684, 2.0333e-05, 0.393202, 7.2123e-05, 8.64007e-07, 2.87804e-10, 3.1483e-12, 2.81446e-10, 6.83865e-11, 6.33434e-08, 0.331867, 0.168009, 1173, 1173, 0.0757054, 0.161075, 1.01309e-17, 0.177995, 0.0659477, 0.534441, 2.31359e-05, 0.272429, 0.00156053, 1.06311e-09, 0.00199172, 2.01082e-05, 0.38947, 7.36903e-05, 8.24983e-07, 2.78599e-10, 3.26595e-12, 2.98556e-10, 7.25732e-11, 6.2404e-08, 0.334455, 0.168176, 1173, 1173, 0.0867032, 0.154041, 1.09438e-17, 0.175969, 0.067235, 0.563708, 2.39358e-05, 0.274917, 0.00164024, 1.19705e-09, 0.00206541, 1.95597e-05, 0.381488, 7.69336e-05, 7.49792e-07, 2.60187e-10, 3.51162e-12, 3.33485e-10, 8.11388e-11, 6.02941e-08, 0.339793, 0.139269, 1173, 1173, 0.0830053, 0.129171, 2.17336e-17, 0.220282, 0.0414162, 0.535818, 2.36361e-05, 0.249257, 0.00264497, 1.46337e-09, 0.00250694, 3.23111e-05, 0.390349, 0.000107631, 5.20381e-07, 2.41711e-10, 4.29255e-12, 3.99551e-10, 1.06125e-10, 8.64254e-08, 0.355101, 
0.00827303, 1.00015e+06, 1.00015e+06, 1.00015e+06, 1.00123e+06, 1.00091e+06, 0.168861, 1173, 1173, 0.0686405, 0.166568, 9.46744e-18, 0.179905, 0.0656052, 0.518146, 2.27704e-05, 0.271033, 0.00150438, 9.69537e-10, 0.00194228, 2.03842e-05, 0.394598, 7.14487e-05, 8.80473e-07, 2.9146e-10, 3.09996e-12, 2.74391e-10, 6.66526e-11, 6.3625e-08, 0.33083, 0.168595, 1173, 1173, 0.0676097, 0.158195, 9.27453e-18, 0.172022, 0.0629112, 0.500584, 2.19034e-05, 0.271359, 0.00152008, 9.95344e-10, 0.00195576, 2.03286e-05, 0.39327, 7.20694e-05, 8.65097e-07, 2.88009e-10, 3.14548e-12, 2.81036e-10, 6.82823e-11, 6.33417e-08, 0.331802, 0.168029, 1173, 1173, 0.0756847, 0.161375, 1.0084e-17, 0.178198, 0.0660475, 0.534842, 2.31585e-05, 0.272428, 0.00155903, 1.06142e-09, 0.00199059, 2.01039e-05, 0.389541, 7.3634e-05, 8.26062e-07, 2.78807e-10, 3.26287e-12, 2.98125e-10, 7.24627e-11, 6.24029e-08, 0.334387, 0.168207, 1173, 1173, 0.0860549, 0.153244, 1.10308e-17, 0.174926, 0.0668543, 0.560063, 2.37871e-05, 0.274911, 0.00163853, 1.19509e-09, 0.00206413, 1.95571e-05, 0.381575, 7.68697e-05, 7.50908e-07, 2.60418e-10, 3.50782e-12, 3.3298e-10, 8.10082e-11, 6.02988e-08, 0.339714, 0.138259, 1173, 1173, 0.081885, 0.127722, 2.16361e-17, 0.217798, 0.0409068, 0.529163, 2.33516e-05, 0.249209, 0.00264415, 1.46131e-09, 0.00250614, 3.23361e-05, 0.390466, 0.000107597, 5.2091e-07, 2.41927e-10, 4.28755e-12, 3.98993e-10, 1.05979e-10, 8.64921e-08, 0.355034, 
0.00828947, 1.00015e+06, 1.00015e+06, 1.00015e+06, 1.00123e+06, 1.00091e+06, 0.168847, 1173, 1173, 0.0684832, 0.166549, 9.47513e-18, 0.179759, 0.0655749, 0.51753, 2.27482e-05, 0.271031, 0.00150299, 9.67936e-10, 0.00194121, 2.03801e-05, 0.394666, 7.13963e-05, 8.81574e-07, 2.91666e-10, 3.09721e-12, 2.73985e-10, 6.65498e-11, 6.36239e-08, 0.330766, 0.168678, 1173, 1173, 0.0674911, 0.158256, 9.21403e-18, 0.171967, 0.0629143, 0.500239, 2.18931e-05, 0.271358, 0.00151866, 9.93734e-10, 0.00195468, 2.03241e-05, 0.393338, 7.2016e-05, 8.66185e-07, 2.88214e-10, 3.14266e-12, 2.80627e-10, 6.81784e-11, 6.33399e-08, 0.331738, 0.168056, 1173, 1173, 0.0749442, 0.160136, 9.76251e-18, 0.176704, 0.0655179, 0.530152, 2.29604e-05, 0.272427, 0.00155754, 1.05974e-09, 0.00198947, 2.00995e-05, 0.389611, 7.3578e-05, 8.27135e-07, 2.79013e-10, 3.25981e-12, 2.97695e-10, 7.23527e-11, 6.24017e-08, 0.33432, 0.168227, 1173, 1173, 0.0857745, 0.153098, 1.11476e-17, 0.174628, 0.0667583, 0.558807, 2.37398e-05, 0.274905, 0.00163683, 1.19313e-09, 0.00206285, 1.95546e-05, 0.381662, 7.68061e-05, 7.5202e-07, 2.60648e-10, 3.50403e-12, 3.32475e-10, 8.0878e-11, 6.03034e-08, 0.339636, 0.139193, 1173, 1173, 0.0829258, 0.129644, 2.17361e-17, 0.221065, 0.0414771, 0.536475, 2.36835e-05, 0.249161, 0.00264333, 1.45925e-09, 0.00250535, 3.23613e-05, 0.390583, 0.000107563, 5.21441e-07, 2.42144e-10, 4.28255e-12, 3.98435e-10, 1.05832e-10, 8.65591e-08, 0.354967, 
0.00830592, 1.00015e+06, 1.00015e+06, 1.00015e+06, 1.00123e+06, 1.00091e+06, 0.168908, 1173, 1173, 0.0683419, 0.166567, 9.40212e-18, 0.179655, 0.0655594, 0.517034, 2.27312e-05, 0.271029, 0.00150162, 9.66339e-10, 0.00194015, 2.03759e-05, 0.394734, 7.13441e-05, 8.82672e-07, 2.91873e-10, 3.09446e-12, 2.7358e-10, 6.64474e-11, 6.36227e-08, 0.330703, 0.168643, 1173, 1173, 0.0673618, 0.15829, 9.18117e-18, 0.171884, 0.062907, 0.499814, 2.18792e-05, 0.271357, 0.00151725, 9.92129e-10, 0.00195361, 2.03197e-05, 0.393405, 7.19628e-05, 8.67272e-07, 2.88418e-10, 3.13986e-12, 2.80219e-10, 6.80749e-11, 6.33381e-08, 0.331674, 0.168081, 1173, 1173, 0.0771579, 0.165219, 9.79098e-18, 0.182181, 0.0675735, 0.54637, 2.36681e-05, 0.272426, 0.00155604, 1.05806e-09, 0.00198834, 2.00952e-05, 0.389682, 7.35219e-05, 8.28214e-07, 2.7922e-10, 3.25675e-12, 2.97266e-10, 7.22427e-11, 6.24006e-08, 0.334253, 0.168258, 1173, 1173, 0.0856592, 0.153245, 1.11008e-17, 0.174665, 0.0667901, 0.558624, 2.3738e-05, 0.2749, 0.00163514, 1.19118e-09, 0.00206158, 1.9552e-05, 0.381749, 7.67428e-05, 7.5313e-07, 2.60878e-10, 3.50025e-12, 3.31973e-10, 8.07483e-11, 6.0308e-08, 0.339558, 0.138184, 1173, 1173, 0.0810227, 0.12696, 2.16337e-17, 0.216477, 0.0405741, 0.524735, 2.31741e-05, 0.249113, 0.00264252, 1.4572e-09, 0.00250456, 3.23864e-05, 0.390699, 0.00010753, 5.21968e-07, 2.42359e-10, 4.27757e-12, 3.9788e-10, 1.05687e-10, 8.66258e-08, 0.354901, 
0.00832237, 1.00015e+06, 1.00015e+06, 1.00015e+06, 1.00123e+06, 1.00091e+06, 0.168894, 1173, 1173, 0.0682169, 0.166623, 9.40693e-18, 0.179592, 0.0655591, 0.516658, 2.27196e-05, 0.271027, 0.00150025, 9.64747e-10, 0.00193909, 2.03718e-05, 0.394802, 7.12921e-05, 8.83768e-07, 2.92078e-10, 3.09172e-12, 2.73176e-10, 6.63454e-11, 6.36216e-08, 0.330639, 0.168725, 1173, 1173, 0.0671678, 0.158171, 9.17153e-18, 0.171635, 0.0628388, 0.498906, 2.18441e-05, 0.271356, 0.00151585, 9.90529e-10, 0.00195253, 2.03153e-05, 0.393473, 7.19097e-05, 8.68357e-07, 2.88621e-10, 3.13706e-12, 2.79813e-10, 6.79717e-11, 6.33364e-08, 0.33161, 0.168106, 1173, 1173, 0.0762307, 0.163581, 1.04064e-17, 0.180246, 0.0668803, 0.540354, 2.34129e-05, 0.272425, 0.00155455, 1.05638e-09, 0.00198722, 2.00909e-05, 0.389752, 7.34658e-05, 8.29294e-07, 2.79426e-10, 3.25372e-12, 2.96839e-10, 7.21334e-11, 6.23994e-08, 0.334186, 0.168278, 1173, 1173, 0.0856568, 0.153594, 1.10398e-17, 0.174932, 0.0669099, 0.559178, 2.37675e-05, 0.274894, 0.00163346, 1.18924e-09, 0.00206031, 1.95494e-05, 0.381835, 7.66796e-05, 7.54239e-07, 2.61107e-10, 3.49649e-12, 3.31471e-10, 8.06189e-11, 6.03127e-08, 0.33948, 0.139117, 1173, 1173, 0.0815513, 0.128083, 2.16517e-17, 0.21838, 0.0408883, 0.528736, 2.33599e-05, 0.249065, 0.00264172, 1.45515e-09, 0.00250377, 3.24117e-05, 0.390815, 0.000107497, 5.22494e-07, 2.42574e-10, 4.2726e-12, 3.97325e-10, 1.05542e-10, 8.66928e-08, 0.354834, 
0.00833882, 1.00015e+06, 1.00015e+06, 1.00015e+06, 1.00123e+06, 1.00091e+06, 0.168955, 1173, 1173, 0.0681568, 0.166837, 9.38955e-18, 0.1797, 0.0656209, 0.516773, 2.27294e-05, 0.271025, 0.00149888, 9.63159e-10, 0.00193804, 2.03677e-05, 0.394869, 7.12403e-05, 8.84862e-07, 2.92283e-10, 3.089e-12, 2.72773e-10, 6.62437e-11, 6.36204e-08, 0.330576, 0.168691, 1173, 1173, 0.0670642, 0.158264, 9.15752e-18, 0.171615, 0.0628547, 0.498667, 2.18383e-05, 0.271354, 0.00151445, 9.88933e-10, 0.00195146, 2.03109e-05, 0.39354, 7.18568e-05, 8.69441e-07, 2.88825e-10, 3.13428e-12, 2.79408e-10, 6.78688e-11, 6.33346e-08, 0.331547, 0.168128, 1173, 1173, 0.0761699, 0.163798, 1.02226e-17, 0.180356, 0.0669457, 0.540474, 2.34233e-05, 0.272424, 0.00155306, 1.05471e-09, 0.0019861, 2.00866e-05, 0.389823, 7.341e-05, 8.30371e-07, 2.79633e-10, 3.25069e-12, 2.96413e-10, 7.20243e-11, 6.23982e-08, 0.334119, 0.168309, 1173, 1173, 0.0855296, 0.153719, 1.10406e-17, 0.174944, 0.0669322, 0.558916, 2.37624e-05, 0.274888, 0.00163178, 1.1873e-09, 0.00205905, 1.95468e-05, 0.381922, 7.66167e-05, 7.55347e-07, 2.61336e-10, 3.49274e-12, 3.30972e-10, 8.049e-11, 6.03172e-08, 0.339403, 0.138108, 1173, 1173, 0.080659, 0.126972, 2.13343e-17, 0.216477, 0.0404897, 0.523523, 2.31385e-05, 0.249017, 0.00264093, 1.45311e-09, 0.00250299, 3.24369e-05, 0.390931, 0.000107464, 5.23019e-07, 2.42789e-10, 4.26764e-12, 3.96771e-10, 1.05397e-10, 8.67596e-08, 0.354768, 
0.00835526, 1.00015e+06, 1.00015e+06, 1.00015e+06, 1.00123e+06, 1.00091e+06, 0.168941, 1173, 1173, 0.0680957, 0.167048, 9.36247e-18, 0.179804, 0.0656816, 0.51688, 2.27389e-05, 0.271023, 0.00149752, 9.61576e-10, 0.00193699, 2.03636e-05, 0.394937, 7.11887e-05, 8.85954e-07, 2.92487e-10, 3.08629e-12, 2.72372e-10, 6.61423e-11, 6.36192e-08, 0.330513, 0.168773, 1173, 1173, 0.066939, 0.158304, 9.11485e-18, 0.17154, 0.0628501, 0.498266, 2.18255e-05, 0.271353, 0.00151305, 9.87342e-10, 0.0019504, 2.03066e-05, 0.393607, 7.18041e-05, 8.70523e-07, 2.89027e-10, 3.13151e-12, 2.79004e-10, 6.77663e-11, 6.33328e-08, 0.331483, 0.168154, 1173, 1173, 0.0760987, 0.163992, 1.01829e-17, 0.180441, 0.0670018, 0.540519, 2.34305e-05, 0.272423, 0.00155158, 1.05305e-09, 0.00198498, 2.00823e-05, 0.389893, 7.33543e-05, 8.31446e-07, 2.79839e-10, 3.24768e-12, 2.95988e-10, 7.19156e-11, 6.2397e-08, 0.334053, 0.168329, 1173, 1173, 0.085569, 0.154143, 1.0969e-17, 0.175296, 0.0670847, 0.559743, 2.38035e-05, 0.274882, 0.0016301, 1.18537e-09, 0.00205779, 1.95443e-05, 0.382008, 7.6554e-05, 7.56453e-07, 2.61565e-10, 3.48901e-12, 3.30473e-10, 8.03614e-11, 6.03218e-08, 0.339325, 0.139041, 1173, 1173, 0.0796489, 0.12567, 2.10826e-17, 0.214246, 0.0400307, 0.517531, 2.28825e-05, 0.248969, 0.00264014, 1.45107e-09, 0.00250221, 3.2462e-05, 0.391046, 0.000107431, 5.2354e-07, 2.43002e-10, 4.26271e-12, 3.9622e-10, 1.05253e-10, 8.68264e-08, 0.354702, 
0.00837171, 1.00015e+06, 1.00015e+06, 1.00015e+06, 1.00122e+06, 1.0009e+06, 0.169001, 1173, 1173, 0.0679532, 0.167058, 9.23697e-18, 0.179692, 0.0656633, 0.516366, 2.27211e-05, 0.271021, 0.00149616, 9.59999e-10, 0.00193595, 2.03595e-05, 0.395004, 7.11373e-05, 8.87043e-07, 2.92691e-10, 3.08358e-12, 2.71972e-10, 6.60413e-11, 6.3618e-08, 0.330451, 0.168739, 1173, 1173, 0.0670609, 0.158929, 9.13295e-18, 0.172098, 0.0630774, 0.499703, 2.18932e-05, 0.271352, 0.00151166, 9.85755e-10, 0.00194933, 2.03022e-05, 0.393674, 7.17515e-05, 8.71605e-07, 2.8923e-10, 3.12875e-12, 2.78601e-10, 6.76641e-11, 6.33311e-08, 0.33142, 0.168176, 1173, 1173, 0.0762398, 0.164645, 1.01961e-17, 0.181031, 0.0672451, 0.542072, 2.35032e-05, 0.272422, 0.00155011, 1.05138e-09, 0.00198386, 2.0078e-05, 0.389963, 7.32988e-05, 8.32522e-07, 2.80044e-10, 3.24467e-12, 2.95564e-10, 7.18072e-11, 6.23959e-08, 0.333986, 0.16836, 1173, 1173, 0.0846669, 0.152868, 1.09658e-17, 0.173717, 0.0664978, 0.554406, 2.35824e-05, 0.274877, 0.00162844, 1.18344e-09, 0.00205654, 1.95417e-05, 0.382093, 7.64917e-05, 7.57555e-07, 2.61792e-10, 3.48529e-12, 3.29977e-10, 8.02334e-11, 6.03263e-08, 0.339248, 0.138032, 1173, 1173, 0.0797812, 0.126167, 2.11002e-17, 0.215083, 0.0401455, 0.518958, 2.29544e-05, 0.248921, 0.00263937, 1.44904e-09, 0.00250144, 3.24873e-05, 0.391161, 0.000107399, 5.2406e-07, 2.43216e-10, 4.25778e-12, 3.95669e-10, 1.05109e-10, 8.68932e-08, 0.354636, 
0.00838816, 1.00015e+06, 1.00015e+06, 1.00015e+06, 1.00122e+06, 1.0009e+06, 0.168987, 1173, 1173, 0.0676212, 0.1666, 9.29418e-18, 0.179077, 0.0654613, 0.51441, 2.26397e-05, 0.271019, 0.00149482, 9.58426e-10, 0.00193491, 2.03553e-05, 0.39507, 7.10861e-05, 8.88129e-07, 2.92894e-10, 3.08089e-12, 2.71573e-10, 6.59407e-11, 6.36167e-08, 0.330388, 0.168819, 1173, 1173, 0.0662078, 0.15724, 9.17313e-18, 0.170151, 0.0623864, 0.493871, 2.16422e-05, 0.271351, 0.00151027, 9.84174e-10, 0.00194827, 2.02978e-05, 0.393741, 7.16991e-05, 8.72684e-07, 2.89432e-10, 3.12601e-12, 2.782e-10, 6.75623e-11, 6.33293e-08, 0.331357, 0.168202, 1173, 1173, 0.0758461, 0.164142, 9.98327e-18, 0.180349, 0.0670162, 0.539822, 2.34108e-05, 0.272421, 0.00154863, 1.04973e-09, 0.00198275, 2.00737e-05, 0.390033, 7.32435e-05, 8.33596e-07, 2.8025e-10, 3.24169e-12, 2.95142e-10, 7.16992e-11, 6.23947e-08, 0.33392, 0.168381, 1173, 1173, 0.0862196, 0.156028, 1.21239e-17, 0.177177, 0.0678403, 0.565149, 2.40454e-05, 0.274871, 0.00162678, 1.18152e-09, 0.00205529, 1.95392e-05, 0.382179, 7.64294e-05, 7.58659e-07, 2.62019e-10, 3.48158e-12, 3.2948e-10, 8.01055e-11, 6.03308e-08, 0.339171, 0.138965, 1173, 1173, 0.0804189, 0.127467, 2.12972e-17, 0.21729, 0.040515, 0.523679, 2.31721e-05, 0.248873, 0.0026386, 1.44701e-09, 0.00250067, 3.25126e-05, 0.391277, 0.000107367, 5.2458e-07, 2.43429e-10, 4.25286e-12, 3.95119e-10, 1.04965e-10, 8.69602e-08, 0.354571, 
0.00840461, 1.00015e+06, 1.00015e+06, 1.00015e+06, 1.00122e+06, 1.0009e+06, 0.169048, 1173, 1173, 0.0678289, 0.167471, 9.24884e-18, 0.179891, 0.0657815, 0.51656, 2.2739e-05, 0.271017, 0.00149347, 9.56857e-10, 0.00193387, 2.03512e-05, 0.395137, 7.10351e-05, 8.89212e-07, 2.93096e-10, 3.07821e-12, 2.71176e-10, 6.58403e-11, 6.36153e-08, 0.330326, 0.168784, 1173, 1173, 0.0658758, 0.156782, 8.82849e-18, 0.169539, 0.0621845, 0.491916, 2.15612e-05, 0.27135, 0.0015089, 9.82597e-10, 0.00194722, 2.02935e-05, 0.393807, 7.16471e-05, 8.73759e-07, 2.89633e-10, 3.12327e-12, 2.778e-10, 6.74609e-11, 6.33275e-08, 0.331294, 0.168223, 1173, 1173, 0.0756717, 0.16411, 1.01557e-17, 0.180187, 0.0669802, 0.539128, 2.3386e-05, 0.27242, 0.00154717, 1.04808e-09, 0.00198164, 2.00694e-05, 0.390103, 7.31883e-05, 8.34668e-07, 2.80454e-10, 3.23871e-12, 2.94721e-10, 7.15915e-11, 6.23936e-08, 0.333854, 0.168411, 1173, 1173, 0.0858901, 0.155788, 1.13967e-17, 0.176773, 0.0677033, 0.563561, 2.39839e-05, 0.274865, 0.00162512, 1.1796e-09, 0.00205403, 1.95366e-05, 0.382264, 7.63671e-05, 7.59765e-07, 2.62247e-10, 3.47789e-12, 3.28986e-10, 7.99782e-11, 6.03353e-08, 0.339095, 0.137956, 1173, 1173, 0.079303, 0.125985, 2.10471e-17, 0.214755, 0.0400007, 0.516977, 2.28843e-05, 0.248825, 0.00263784, 1.44499e-09, 0.0024999, 3.25378e-05, 0.391391, 0.000107335, 5.25097e-07, 2.43642e-10, 4.24796e-12, 3.94571e-10, 1.04822e-10, 8.70269e-08, 0.354505, 
0.00842105, 1.00015e+06, 1.00015e+06, 1.00015e+06, 1.00122e+06, 1.0009e+06, 0.169034, 1173, 1173, 0.0678178, 0.167802, 9.08433e-18, 0.180126, 0.06589, 0.517044, 2.2765e-05, 0.271016, 0.00149213, 9.55292e-10, 0.00193284, 2.03471e-05, 0.395203, 7.09843e-05, 8.90293e-07, 2.93298e-10, 3.07553e-12, 2.70779e-10, 6.57403e-11, 6.3614e-08, 0.330264, 0.168866, 1173, 1173, 0.0659357, 0.157256, 8.84462e-18, 0.169934, 0.062352, 0.492887, 2.16082e-05, 0.271349, 0.00150753, 9.81024e-10, 0.00194617, 2.02892e-05, 0.393873, 7.15952e-05, 8.74832e-07, 2.89834e-10, 3.12055e-12, 2.77401e-10, 6.73597e-11, 6.33257e-08, 0.331231, 0.168249, 1173, 1173, 0.0752412, 0.163521, 9.98053e-18, 0.179413, 0.0667166, 0.536606, 2.32818e-05, 0.272419, 0.00154571, 1.04643e-09, 0.00198054, 2.00652e-05, 0.390172, 7.31335e-05, 8.35736e-07, 2.80658e-10, 3.23574e-12, 2.94301e-10, 7.14842e-11, 6.23924e-08, 0.333788, 0.168431, 1173, 1173, 0.0853177, 0.155103, 1.12377e-17, 0.175867, 0.0673736, 0.560373, 2.38542e-05, 0.274859, 0.00162347, 1.17769e-09, 0.00205279, 1.95341e-05, 0.38235, 7.63051e-05, 7.60868e-07, 2.62474e-10, 3.47422e-12, 3.28494e-10, 7.98513e-11, 6.03398e-08, 0.339018, 0.138888, 1173, 1173, 0.0796492, 0.126823, 2.10996e-17, 0.216176, 0.0402234, 0.519802, 2.30182e-05, 0.248777, 0.00263708, 1.44296e-09, 0.00249914, 3.25632e-05, 0.391506, 0.000107303, 5.25613e-07, 2.43854e-10, 4.24306e-12, 3.94024e-10, 1.04679e-10, 8.70938e-08, 0.35444, 
0.0084375, 1.00015e+06, 1.00015e+06, 1.00015e+06, 1.00122e+06, 1.0009e+06, 0.169102, 1173, 1173, 0.0718282, 0.178109, 9.46183e-18, 0.191059, 0.069913, 0.54822, 2.4143e-05, 0.271014, 0.00149078, 9.53727e-10, 0.00193179, 2.0343e-05, 0.39527, 7.09328e-05, 8.91391e-07, 2.93502e-10, 3.07287e-12, 2.70383e-10, 6.56402e-11, 6.36127e-08, 0.330201, 0.168827, 1173, 1173, 0.0631832, 0.151007, 8.4394e-18, 0.163071, 0.0598554, 0.472814, 2.07324e-05, 0.271348, 0.00150617, 9.7946e-10, 0.00194514, 2.02848e-05, 0.393938, 7.1544e-05, 8.75891e-07, 2.90031e-10, 3.11783e-12, 2.77004e-10, 6.72591e-11, 6.33238e-08, 0.331169, 0.168269, 1173, 1173, 0.0749271, 0.163181, 1.00917e-17, 0.178914, 0.0665552, 0.534909, 2.32133e-05, 0.272418, 0.00154426, 1.04478e-09, 0.00197944, 2.00609e-05, 0.390242, 7.30789e-05, 8.36802e-07, 2.80862e-10, 3.23278e-12, 2.93882e-10, 7.13772e-11, 6.23912e-08, 0.333723, 0.168461, 1173, 1173, 0.0851844, 0.155214, 1.11487e-17, 0.175863, 0.0673897, 0.560064, 2.38471e-05, 0.274854, 0.00162182, 1.17578e-09, 0.00205154, 1.95315e-05, 0.382435, 7.62433e-05, 7.6197e-07, 2.627e-10, 3.47056e-12, 3.28003e-10, 7.97248e-11, 6.03442e-08, 0.338942, 0.13788, 1173, 1173, 0.0789476, 0.125992, 2.09779e-17, 0.214751, 0.0399167, 0.515787, 2.28492e-05, 0.248729, 0.00263633, 1.44095e-09, 0.00249838, 3.25884e-05, 0.39162, 0.000107272, 5.26127e-07, 2.44066e-10, 4.23819e-12, 3.93479e-10, 1.04536e-10, 8.71606e-08, 0.354375, 
0.00845395, 1.00015e+06, 1.00015e+06, 1.00015e+06, 1.00122e+06, 1.0009e+06, 0.169079, 1173, 1173, 0.0677743, 0.168416, 8.74287e-18, 0.18054, 0.0660861, 0.517842, 2.28101e-05, 0.271012, 0.00148943, 9.52177e-10, 0.00193074, 2.03389e-05, 0.395337, 7.08816e-05, 8.92484e-07, 2.93706e-10, 3.07025e-12, 2.6999e-10, 6.55412e-11, 6.36113e-08, 0.330139, 0.168914, 1173, 1173, 0.0655947, 0.1571, 8.87482e-18, 0.169534, 0.0622507, 0.491385, 2.15511e-05, 0.271347, 0.00150482, 9.77893e-10, 0.0019441, 2.02805e-05, 0.394003, 7.14929e-05, 8.76951e-07, 2.90229e-10, 3.11511e-12, 2.76606e-10, 6.71584e-11, 6.33219e-08, 0.331108, 0.168298, 1173, 1173, 0.0761471, 0.166187, 1.01624e-17, 0.182082, 0.067758, 0.544172, 2.36205e-05, 0.272417, 0.00154281, 1.04314e-09, 0.00197834, 2.00567e-05, 0.390311, 7.30242e-05, 8.3787e-07, 2.81065e-10, 3.22984e-12, 2.93464e-10, 7.12704e-11, 6.239e-08, 0.333657, 0.168481, 1173, 1173, 0.0847743, 0.154819, 1.09097e-17, 0.175286, 0.0671862, 0.557933, 2.37623e-05, 0.274848, 0.00162018, 1.17388e-09, 0.0020503, 1.9529e-05, 0.382519, 7.61818e-05, 7.6307e-07, 2.62926e-10, 3.46692e-12, 3.27513e-10, 7.95987e-11, 6.03486e-08, 0.338866, 0.138812, 1173, 1173, 0.0792507, 0.126764, 2.10796e-17, 0.216058, 0.0401178, 0.518334, 2.29708e-05, 0.248681, 0.00263559, 1.43894e-09, 0.00249763, 3.26138e-05, 0.391734, 0.00010724, 5.26639e-07, 2.44277e-10, 4.23332e-12, 3.92934e-10, 1.04394e-10, 8.72274e-08, 0.354311, 
0.00847039, 1.00015e+06, 1.00015e+06, 1.00015e+06, 1.00121e+06, 1.0009e+06, 0.169143, 1173, 1173, 0.0678748, 0.169027, 9.18976e-18, 0.181072, 0.0663036, 0.519179, 2.28738e-05, 0.27101, 0.0014881, 9.50626e-10, 0.00192971, 2.03348e-05, 0.395403, 7.08311e-05, 8.93566e-07, 2.93907e-10, 3.06761e-12, 2.69598e-10, 6.54422e-11, 6.361e-08, 0.330077, 0.168878, 1173, 1173, 0.0659576, 0.158301, 8.68509e-18, 0.170714, 0.0627064, 0.49463, 2.16978e-05, 0.271347, 0.00150347, 9.76333e-10, 0.00194307, 2.02762e-05, 0.394069, 7.14417e-05, 8.78015e-07, 2.90428e-10, 3.11241e-12, 2.76211e-10, 6.70582e-11, 6.332e-08, 0.331046, 0.168317, 1173, 1173, 0.0755322, 0.165192, 1.01098e-17, 0.180865, 0.067329, 0.540325, 2.34588e-05, 0.272416, 0.00154136, 1.04151e-09, 0.00197724, 2.00525e-05, 0.39038, 7.29697e-05, 8.38939e-07, 2.81269e-10, 3.22691e-12, 2.93048e-10, 7.11641e-11, 6.23889e-08, 0.333592, 0.168511, 1173, 1173, 0.0846265, 0.1549, 1.08328e-17, 0.17525, 0.0671897, 0.557525, 2.37508e-05, 0.274842, 0.00161855, 1.17199e-09, 0.00204907, 1.95264e-05, 0.382604, 7.61204e-05, 7.64168e-07, 2.63152e-10, 3.46328e-12, 3.27025e-10, 7.9473e-11, 6.0353e-08, 0.33879, 0.137803, 1173, 1173, 0.079266, 0.127076, 2.10946e-17, 0.216582, 0.0401734, 0.519002, 2.30091e-05, 0.248633, 0.00263486, 1.43693e-09, 0.00249688, 3.26391e-05, 0.391848, 0.000107209, 5.2715e-07, 2.44487e-10, 4.22847e-12, 3.92391e-10, 1.04252e-10, 8.72942e-08, 0.354247, 
0.00848684, 1.00015e+06, 1.00015e+06, 1.00015e+06, 1.00121e+06, 1.00089e+06, 0.169125, 1173, 1173, 0.0677619, 0.169106, 9.29454e-18, 0.181035, 0.0663125, 0.518882, 2.28655e-05, 0.271008, 0.00148678, 9.4908e-10, 0.00192868, 2.03307e-05, 0.395469, 7.07806e-05, 8.94648e-07, 2.94108e-10, 3.06499e-12, 2.69206e-10, 6.53435e-11, 6.36086e-08, 0.330016, 0.168962, 1173, 1173, 0.0659958, 0.158725, 8.96954e-18, 0.171054, 0.0628541, 0.495442, 2.17379e-05, 0.271346, 0.00150212, 9.74778e-10, 0.00194203, 2.02719e-05, 0.394134, 7.13905e-05, 8.79079e-07, 2.90626e-10, 3.10972e-12, 2.75816e-10, 6.69583e-11, 6.33181e-08, 0.330984, 0.168343, 1173, 1173, 0.074973, 0.164313, 9.99435e-18, 0.179777, 0.0669478, 0.536868, 2.33139e-05, 0.272415, 0.00153992, 1.03988e-09, 0.00197615, 2.00483e-05, 0.390449, 7.29154e-05, 8.40005e-07, 2.81472e-10, 3.22399e-12, 2.92633e-10, 7.10581e-11, 6.23877e-08, 0.333526, 0.168531, 1173, 1173, 0.0846455, 0.155287, 1.08742e-17, 0.175559, 0.0673257, 0.558216, 2.37862e-05, 0.274836, 0.00161692, 1.1701e-09, 0.00204783, 1.95239e-05, 0.382688, 7.60592e-05, 7.65266e-07, 2.63377e-10, 3.45967e-12, 3.26537e-10, 7.93477e-11, 6.03574e-08, 0.338714, 0.138735, 1173, 1173, 0.079722, 0.128097, 2.13363e-17, 0.218315, 0.0404526, 0.522559, 2.31757e-05, 0.248585, 0.00263413, 1.43493e-09, 0.00249613, 3.26645e-05, 0.391962, 0.000107179, 5.2766e-07, 2.44698e-10, 4.22363e-12, 3.91848e-10, 1.04111e-10, 8.7361e-08, 0.354182, 
0.00850329, 1.00015e+06, 1.00015e+06, 1.00015e+06, 1.00121e+06, 1.00089e+06, 0.169189, 1173, 1173, 0.0676395, 0.16916, 9.31331e-18, 0.180972, 0.0663119, 0.518512, 2.2854e-05, 0.271006, 0.00148545, 9.47539e-10, 0.00192766, 2.03266e-05, 0.395535, 7.07303e-05, 8.95727e-07, 2.94309e-10, 3.06238e-12, 2.68816e-10, 6.52451e-11, 6.36072e-08, 0.329954, 0.168925, 1173, 1173, 0.0661214, 0.159359, 9.07506e-18, 0.171622, 0.0630854, 0.496912, 2.18069e-05, 0.271345, 0.00150077, 9.73227e-10, 0.001941, 2.02676e-05, 0.394199, 7.13396e-05, 8.80141e-07, 2.90823e-10, 3.10705e-12, 2.75423e-10, 6.68587e-11, 6.33161e-08, 0.330922, 0.168363, 1173, 1173, 0.0747169, 0.164095, 9.96457e-18, 0.179413, 0.066836, 0.535577, 2.3263e-05, 0.272413, 0.00153848, 1.03825e-09, 0.00197506, 2.00441e-05, 0.390518, 7.28614e-05, 8.41067e-07, 2.81674e-10, 3.22108e-12, 2.92219e-10, 7.09524e-11, 6.23865e-08, 0.333462, 0.168561, 1173, 1173, 0.0843489, 0.155094, 1.08219e-17, 0.175213, 0.0672102, 0.556824, 2.37328e-05, 0.27483, 0.0016153, 1.16821e-09, 0.0020466, 1.95214e-05, 0.382773, 7.59982e-05, 7.66363e-07, 2.63602e-10, 3.45606e-12, 3.26052e-10, 7.92228e-11, 6.03618e-08, 0.338639, 0.137727, 1173, 1173, 0.0795256, 0.128071, 2.11884e-17, 0.218264, 0.0404009, 0.521843, 2.31528e-05, 0.248537, 0.00263341, 1.43293e-09, 0.00249538, 3.26899e-05, 0.392075, 0.000107148, 5.28168e-07, 2.44908e-10, 4.2188e-12, 3.91307e-10, 1.0397e-10, 8.74278e-08, 0.354119, 
0.00851974, 1.00015e+06, 1.00015e+06, 1.00015e+06, 1.00121e+06, 1.00089e+06, 0.169171, 1173, 1173, 0.067544, 0.16928, 9.32959e-18, 0.180979, 0.0663372, 0.518346, 2.28514e-05, 0.271004, 0.00148414, 9.46002e-10, 0.00192663, 2.03225e-05, 0.3956, 7.06802e-05, 8.96805e-07, 2.94509e-10, 3.05978e-12, 2.68427e-10, 6.51471e-11, 6.36058e-08, 0.329893, 0.169009, 1173, 1173, 0.0661516, 0.159765, 9.07275e-18, 0.171942, 0.063226, 0.497665, 2.18445e-05, 0.271344, 0.00149943, 9.7168e-10, 0.00193997, 2.02632e-05, 0.394263, 7.12887e-05, 8.81203e-07, 2.91021e-10, 3.10438e-12, 2.75031e-10, 6.67595e-11, 6.33142e-08, 0.330861, 0.168389, 1173, 1173, 0.0743931, 0.163725, 9.93953e-18, 0.178884, 0.0666629, 0.533798, 2.31908e-05, 0.272412, 0.00153706, 1.03663e-09, 0.00197398, 2.00399e-05, 0.390586, 7.28076e-05, 8.42127e-07, 2.81876e-10, 3.21817e-12, 2.91806e-10, 7.0847e-11, 6.23853e-08, 0.333397, 0.16858, 1173, 1173, 0.0841631, 0.155102, 1.08123e-17, 0.175096, 0.0671824, 0.556159, 2.37104e-05, 0.274825, 0.00161368, 1.16633e-09, 0.00204538, 1.95189e-05, 0.382857, 7.59374e-05, 7.67459e-07, 2.63827e-10, 3.45247e-12, 3.25567e-10, 7.90982e-11, 6.03661e-08, 0.338563, 0.138659, 1173, 1173, 0.0797197, 0.128675, 2.13932e-17, 0.219286, 0.0405476, 0.523689, 2.32436e-05, 0.248489, 0.00263269, 1.43094e-09, 0.00249464, 3.27153e-05, 0.392188, 0.000107117, 5.28675e-07, 2.45118e-10, 4.21398e-12, 3.90767e-10, 1.03829e-10, 8.74947e-08, 0.354055, 
0.00853618, 1.00015e+06, 1.00015e+06, 1.00015e+06, 1.00121e+06, 1.00089e+06, 0.169235, 1173, 1173, 0.0675956, 0.169769, 9.28939e-18, 0.181381, 0.066507, 0.519309, 2.28986e-05, 0.271002, 0.00148282, 9.44469e-10, 0.00192561, 2.03185e-05, 0.395665, 7.06302e-05, 8.97883e-07, 2.94709e-10, 3.05719e-12, 2.68039e-10, 6.50493e-11, 6.36044e-08, 0.329832, 0.168972, 1173, 1173, 0.0659005, 0.15949, 9.09406e-18, 0.17153, 0.0630973, 0.496301, 2.17891e-05, 0.271343, 0.00149809, 9.70138e-10, 0.00193894, 2.02589e-05, 0.394328, 7.12381e-05, 8.82262e-07, 2.91217e-10, 3.10173e-12, 2.7464e-10, 6.66606e-11, 6.33122e-08, 0.3308, 0.168409, 1173, 1173, 0.0740465, 0.163303, 9.94455e-18, 0.178299, 0.0664684, 0.53185, 2.31112e-05, 0.272411, 0.00153564, 1.03501e-09, 0.0019729, 2.00357e-05, 0.390654, 7.27541e-05, 8.43184e-07, 2.82077e-10, 3.21528e-12, 2.91394e-10, 7.07419e-11, 6.23842e-08, 0.333332, 0.16861, 1173, 1173, 0.0838045, 0.15479, 1.05476e-17, 0.174617, 0.0670159, 0.55435, 2.36391e-05, 0.274819, 0.00161207, 1.16445e-09, 0.00204415, 1.95164e-05, 0.38294, 7.58768e-05, 7.68554e-07, 2.64051e-10, 3.4489e-12, 3.25084e-10, 7.89741e-11, 6.03704e-08, 0.338488, 0.13765, 1173, 1173, 0.0802165, 0.12977, 2.21701e-17, 0.221146, 0.0408487, 0.527531, 2.3423e-05, 0.248441, 0.00263198, 1.42895e-09, 0.0024939, 3.27408e-05, 0.392301, 0.000107087, 5.29182e-07, 2.45327e-10, 4.20917e-12, 3.90228e-10, 1.03688e-10, 8.75616e-08, 0.353991, 
0.00855263, 1.00015e+06, 1.00015e+06, 1.00015e+06, 1.00121e+06, 1.00089e+06, 0.169217, 1173, 1173, 0.0675149, 0.169926, 9.2696e-18, 0.181428, 0.0665467, 0.519255, 2.29011e-05, 0.271, 0.00148151, 9.4294e-10, 0.0019246, 2.03144e-05, 0.395731, 7.05803e-05, 8.98959e-07, 2.94908e-10, 3.05461e-12, 2.67652e-10, 6.49519e-11, 6.36029e-08, 0.329771, 0.169056, 1173, 1173, 0.0665893, 0.161493, 9.2694e-18, 0.173567, 0.0638695, 0.50202, 2.20447e-05, 0.271342, 0.00149675, 9.68599e-10, 0.00193792, 2.02546e-05, 0.394392, 7.11875e-05, 8.83322e-07, 2.91414e-10, 3.09908e-12, 2.7425e-10, 6.65619e-11, 6.33102e-08, 0.330739, 0.168435, 1173, 1173, 0.0738915, 0.163301, 9.85993e-18, 0.178173, 0.0664451, 0.531277, 2.30913e-05, 0.27241, 0.00153422, 1.0334e-09, 0.00197183, 2.00316e-05, 0.390722, 7.27007e-05, 8.44239e-07, 2.82277e-10, 3.2124e-12, 2.90983e-10, 7.06371e-11, 6.2383e-08, 0.333268, 0.168629, 1173, 1173, 0.0834863, 0.15455, 1.07338e-17, 0.17422, 0.0668808, 0.552804, 2.3579e-05, 0.274813, 0.00161047, 1.16258e-09, 0.00204294, 1.95138e-05, 0.383024, 7.58164e-05, 7.69646e-07, 2.64274e-10, 3.44533e-12, 3.24603e-10, 7.88504e-11, 6.03747e-08, 0.338413, 0.138582, 1173, 1173, 0.0793413, 0.128643, 2.1195e-17, 0.219221, 0.0404509, 0.522347, 2.32016e-05, 0.248393, 0.00263128, 1.42696e-09, 0.00249316, 3.27662e-05, 0.392414, 0.000107057, 5.29686e-07, 2.45536e-10, 4.20437e-12, 3.89691e-10, 1.03548e-10, 8.76283e-08, 0.353928, 
0.00856908, 1.00015e+06, 1.00015e+06, 1.00015e+06, 1.00121e+06, 1.00089e+06, 0.16928, 1173, 1173, 0.0673485, 0.169867, 9.14335e-18, 0.181244, 0.0665015, 0.51854, 2.28743e-05, 0.270998, 0.0014802, 9.41416e-10, 0.00192358, 2.03103e-05, 0.395796, 7.05305e-05, 9.00035e-07, 2.95107e-10, 3.05204e-12, 2.67266e-10, 6.48548e-11, 6.36015e-08, 0.32971, 0.169019, 1173, 1173, 0.0661973, 0.160877, 9.08059e-18, 0.172788, 0.0636055, 0.499593, 2.19426e-05, 0.271341, 0.00149542, 9.67065e-10, 0.00193689, 2.02503e-05, 0.394457, 7.1137e-05, 8.8438e-07, 2.91611e-10, 3.09645e-12, 2.73861e-10, 6.64636e-11, 6.33082e-08, 0.330678, 0.168456, 1173, 1173, 0.074177, 0.164273, 9.91765e-18, 0.17911, 0.0668183, 0.533872, 2.32091e-05, 0.272409, 0.00153281, 1.03179e-09, 0.00197075, 2.00274e-05, 0.39079, 7.26475e-05, 8.45293e-07, 2.82477e-10, 3.20952e-12, 2.90572e-10, 7.05325e-11, 6.23818e-08, 0.333204, 0.16866, 1173, 1173, 0.083687, 0.155271, 1.12106e-17, 0.174907, 0.0671615, 0.554694, 2.36655e-05, 0.274807, 0.00160887, 1.16072e-09, 0.00204172, 1.95113e-05, 0.383107, 7.57561e-05, 7.70738e-07, 2.64497e-10, 3.44178e-12, 3.24122e-10, 7.87269e-11, 6.0379e-08, 0.338339, 0.137573, 1173, 1173, 0.0788439, 0.128125, 2.08134e-17, 0.218331, 0.0402448, 0.51964, 2.30902e-05, 0.248346, 0.00263058, 1.42498e-09, 0.00249243, 3.27916e-05, 0.392526, 0.000107027, 5.30188e-07, 2.45744e-10, 4.1996e-12, 3.89155e-10, 1.03408e-10, 8.7695e-08, 0.353865, 
0.00858553, 1.00015e+06, 1.00015e+06, 1.00015e+06, 1.0012e+06, 1.00089e+06, 0.169262, 1173, 1173, 0.0672402, 0.169952, 9.22041e-18, 0.181215, 0.0665132, 0.518271, 2.28672e-05, 0.270996, 0.0014789, 9.39896e-10, 0.00192257, 2.03063e-05, 0.395861, 7.04809e-05, 9.01109e-07, 2.95306e-10, 3.04948e-12, 2.66881e-10, 6.4758e-11, 6.36e-08, 0.32965, 0.169102, 1173, 1173, 0.0659152, 0.160524, 8.99258e-18, 0.172293, 0.063446, 0.49799, 2.18767e-05, 0.27134, 0.0014941, 9.65536e-10, 0.00193588, 2.0246e-05, 0.394521, 7.10868e-05, 8.85436e-07, 2.91806e-10, 3.09383e-12, 2.73474e-10, 6.63655e-11, 6.33062e-08, 0.330617, 0.168483, 1173, 1173, 0.0743122, 0.164915, 9.92541e-18, 0.179686, 0.0670569, 0.535388, 2.32801e-05, 0.272408, 0.0015314, 1.03018e-09, 0.00196968, 2.00233e-05, 0.390857, 7.25944e-05, 8.46348e-07, 2.82677e-10, 3.20666e-12, 2.90163e-10, 7.04282e-11, 6.23806e-08, 0.33314, 0.168679, 1173, 1173, 0.0835049, 0.155282, 1.08557e-17, 0.174793, 0.0671349, 0.554046, 2.36437e-05, 0.274801, 0.00160727, 1.15885e-09, 0.0020405, 1.95088e-05, 0.38319, 7.5696e-05, 7.71831e-07, 2.6472e-10, 3.43824e-12, 3.23643e-10, 7.86039e-11, 6.03832e-08, 0.338264, 0.138505, 1173, 1173, 0.0795194, 0.129513, 2.12326e-17, 0.220692, 0.0406375, 0.524667, 2.33224e-05, 0.248298, 0.00262989, 1.42301e-09, 0.0024917, 3.28171e-05, 0.392638, 0.000106997, 5.30689e-07, 2.45952e-10, 4.19482e-12, 3.88619e-10, 1.03269e-10, 8.77617e-08, 0.353802, 
0.00860197, 1.00015e+06, 1.00015e+06, 1.00015e+06, 1.0012e+06, 1.00089e+06, 0.169325, 1173, 1173, 0.0668543, 0.169333, 9.19763e-18, 0.180436, 0.0662495, 0.515857, 2.27654e-05, 0.270994, 0.0014776, 9.3838e-10, 0.00192156, 2.03022e-05, 0.395925, 7.04315e-05, 9.02181e-07, 2.95504e-10, 3.04693e-12, 2.66498e-10, 6.46615e-11, 6.35985e-08, 0.329589, 0.169065, 1173, 1173, 0.066084, 0.161268, 9.00321e-18, 0.172977, 0.0637204, 0.499793, 2.19604e-05, 0.271339, 0.00149278, 9.64009e-10, 0.00193486, 2.02417e-05, 0.394584, 7.10368e-05, 8.8649e-07, 2.92001e-10, 3.09121e-12, 2.73087e-10, 6.62678e-11, 6.33041e-08, 0.330557, 0.168503, 1173, 1173, 0.0741433, 0.164883, 9.90795e-18, 0.179527, 0.0670211, 0.534715, 2.32559e-05, 0.272407, 0.00153, 1.02857e-09, 0.00196861, 2.00192e-05, 0.390925, 7.25414e-05, 8.47403e-07, 2.82877e-10, 3.2038e-12, 2.89755e-10, 7.03242e-11, 6.23794e-08, 0.333076, 0.168708, 1173, 1173, 0.0827326, 0.154192, 1.06674e-17, 0.173441, 0.0666325, 0.549476, 2.34545e-05, 0.274796, 0.00160568, 1.157e-09, 0.0020393, 1.95063e-05, 0.383273, 7.56361e-05, 7.7292e-07, 2.64943e-10, 3.43472e-12, 3.23166e-10, 7.84812e-11, 6.03873e-08, 0.33819, 0.137496, 1173, 1173, 0.0795107, 0.12979, 2.14116e-17, 0.221159, 0.040681, 0.525184, 2.33542e-05, 0.24825, 0.00262921, 1.42103e-09, 0.00249097, 3.28425e-05, 0.39275, 0.000106968, 5.31189e-07, 2.46159e-10, 4.19006e-12, 3.88085e-10, 1.0313e-10, 8.78284e-08, 0.353739, 
0.00861842, 1.00015e+06, 1.00015e+06, 1.00015e+06, 1.0012e+06, 1.00088e+06, 0.169306, 1173, 1173, 0.0665473, 0.168911, 9.12505e-18, 0.179867, 0.0660628, 0.514048, 2.26902e-05, 0.270993, 0.00147631, 9.36868e-10, 0.00192055, 2.02982e-05, 0.39599, 7.03823e-05, 9.03251e-07, 2.95702e-10, 3.04439e-12, 2.66116e-10, 6.45653e-11, 6.3597e-08, 0.329529, 0.169149, 1173, 1173, 0.0662808, 0.162084, 9.04551e-18, 0.173735, 0.0640225, 0.501811, 2.20536e-05, 0.271338, 0.00149146, 9.62486e-10, 0.00193385, 2.02375e-05, 0.394648, 7.09868e-05, 8.87544e-07, 2.92196e-10, 3.08861e-12, 2.72701e-10, 6.61703e-11, 6.33021e-08, 0.330496, 0.168529, 1173, 1173, 0.0739967, 0.164899, 9.88758e-18, 0.179421, 0.0670051, 0.5342, 2.32385e-05, 0.272405, 0.0015286, 1.02697e-09, 0.00196755, 2.00151e-05, 0.390993, 7.24885e-05, 8.48457e-07, 2.83077e-10, 3.20096e-12, 2.89347e-10, 7.02204e-11, 6.23783e-08, 0.333013, 0.168728, 1173, 1173, 0.0831477, 0.155314, 1.0509e-17, 0.174577, 0.0670862, 0.552792, 2.36019e-05, 0.27479, 0.00160409, 1.15514e-09, 0.00203809, 1.95038e-05, 0.383356, 7.55763e-05, 7.74011e-07, 2.65165e-10, 3.4312e-12, 3.22688e-10, 7.83588e-11, 6.03915e-08, 0.338116, 0.138428, 1173, 1173, 0.0799171, 0.130747, 2.14848e-17, 0.222783, 0.0409371, 0.528447, 2.35083e-05, 0.248202, 0.00262853, 1.41907e-09, 0.00249025, 3.2868e-05, 0.392862, 0.000106938, 5.31687e-07, 2.46366e-10, 4.18531e-12, 3.87552e-10, 1.02991e-10, 8.78951e-08, 0.353677, 
0.00863487, 1.00015e+06, 1.00015e+06, 1.00015e+06, 1.0012e+06, 1.00088e+06, 0.169369, 1173, 1173, 0.0662476, 0.168504, 9.04967e-18, 0.179316, 0.0658824, 0.512291, 2.26173e-05, 0.270991, 0.00147503, 9.3536e-10, 0.00191955, 2.02942e-05, 0.396054, 7.03333e-05, 9.04318e-07, 2.95899e-10, 3.04186e-12, 2.65734e-10, 6.44693e-11, 6.35956e-08, 0.329469, 0.169112, 1173, 1173, 0.0663314, 0.162543, 9.05889e-18, 0.174112, 0.064184, 0.502725, 2.20983e-05, 0.271337, 0.00149015, 9.60967e-10, 0.00193283, 2.02332e-05, 0.394712, 7.0937e-05, 8.88597e-07, 2.92391e-10, 3.08601e-12, 2.72317e-10, 6.60731e-11, 6.33e-08, 0.330436, 0.168549, 1173, 1173, 0.0739012, 0.165029, 9.86648e-18, 0.179439, 0.0670352, 0.534054, 2.32372e-05, 0.272404, 0.0015272, 1.02537e-09, 0.00196648, 2.0011e-05, 0.39106, 7.24358e-05, 8.49511e-07, 2.83277e-10, 3.19812e-12, 2.8894e-10, 7.01168e-11, 6.23772e-08, 0.332949, 0.168757, 1173, 1173, 0.0824376, 0.154333, 1.05824e-17, 0.17335, 0.0666317, 0.548625, 2.34298e-05, 0.274784, 0.00160251, 1.15329e-09, 0.00203688, 1.95013e-05, 0.383439, 7.55166e-05, 7.75102e-07, 2.65387e-10, 3.4277e-12, 3.22213e-10, 7.82367e-11, 6.03957e-08, 0.338042, 0.137419, 1173, 1173, 0.0802876, 0.131647, 2.16148e-17, 0.224313, 0.0411753, 0.531479, 2.36521e-05, 0.248154, 0.00262786, 1.4171e-09, 0.00248953, 3.28935e-05, 0.392973, 0.000106909, 5.32184e-07, 2.46573e-10, 4.18057e-12, 3.8702e-10, 1.02853e-10, 8.79618e-08, 0.353615, 
0.00865132, 1.00015e+06, 1.00015e+06, 1.00015e+06, 1.0012e+06, 1.00088e+06, 0.169351, 1173, 1173, 0.0661531, 0.168618, 9.12947e-18, 0.179319, 0.0659055, 0.512118, 2.26143e-05, 0.270989, 0.00147374, 9.33855e-10, 0.00191855, 2.02902e-05, 0.396118, 7.02844e-05, 9.05383e-07, 2.96096e-10, 3.03933e-12, 2.65354e-10, 6.43736e-11, 6.35941e-08, 0.329409, 0.169195, 1173, 1173, 0.0663947, 0.163035, 9.06836e-18, 0.174522, 0.0643579, 0.503736, 2.21472e-05, 0.271336, 0.00148884, 9.59452e-10, 0.00193182, 2.02289e-05, 0.394776, 7.08872e-05, 8.89651e-07, 2.92586e-10, 3.08343e-12, 2.71933e-10, 6.59761e-11, 6.3298e-08, 0.330376, 0.168575, 1173, 1173, 0.0737487, 0.165031, 9.84795e-18, 0.179318, 0.0670134, 0.533495, 2.32179e-05, 0.272403, 0.00152581, 1.02378e-09, 0.00196542, 2.0007e-05, 0.391128, 7.23832e-05, 8.50564e-07, 2.83477e-10, 3.19528e-12, 2.88533e-10, 7.00133e-11, 6.23762e-08, 0.332885, 0.168777, 1173, 1173, 0.0820942, 0.154035, 1.05489e-17, 0.172891, 0.0664722, 0.546892, 2.33616e-05, 0.274778, 0.00160093, 1.15145e-09, 0.00203568, 1.94988e-05, 0.383521, 7.54571e-05, 7.76191e-07, 2.65609e-10, 3.42421e-12, 3.21738e-10, 7.81149e-11, 6.03998e-08, 0.337968, 0.138351, 1173, 1173, 0.0800904, 0.131618, 2.15947e-17, 0.224258, 0.0411225, 0.530756, 2.36289e-05, 0.248107, 0.00262719, 1.41514e-09, 0.00248881, 3.2919e-05, 0.393084, 0.00010688, 5.32679e-07, 2.46779e-10, 4.17585e-12, 3.8649e-10, 1.02714e-10, 8.80284e-08, 0.353553, 
0.00866776, 1.00015e+06, 1.00015e+06, 1.00015e+06, 1.0012e+06, 1.00088e+06, 0.169414, 1173, 1173, 0.0660859, 0.1688, 9.11575e-18, 0.179395, 0.0659556, 0.512156, 2.26206e-05, 0.270987, 0.00147247, 9.32354e-10, 0.00191756, 2.02861e-05, 0.396182, 7.02357e-05, 9.06446e-07, 2.96292e-10, 3.03682e-12, 2.64974e-10, 6.42782e-11, 6.35926e-08, 0.32935, 0.169158, 1173, 1173, 0.0662254, 0.162955, 9.02275e-18, 0.17432, 0.0643063, 0.502982, 2.21186e-05, 0.271335, 0.00148753, 9.57939e-10, 0.00193081, 2.02247e-05, 0.394839, 7.08376e-05, 8.90703e-07, 2.9278e-10, 3.08085e-12, 2.7155e-10, 6.58794e-11, 6.3296e-08, 0.330316, 0.168596, 1173, 1173, 0.0738433, 0.165587, 9.94001e-18, 0.179798, 0.0672163, 0.534725, 2.32765e-05, 0.272401, 0.00152442, 1.02218e-09, 0.00196436, 2.00029e-05, 0.391195, 7.23307e-05, 8.5162e-07, 2.83677e-10, 3.19246e-12, 2.88127e-10, 6.99099e-11, 6.23753e-08, 0.332822, 0.168806, 1173, 1173, 0.0815297, 0.153318, 1.05535e-17, 0.171963, 0.0661326, 0.543682, 2.32302e-05, 0.274772, 0.00159936, 1.1496e-09, 0.00203448, 1.94963e-05, 0.383604, 7.53978e-05, 7.77279e-07, 2.65831e-10, 3.42073e-12, 3.21264e-10, 7.79933e-11, 6.0404e-08, 0.337894, 0.137342, 1173, 1173, 0.0803842, 0.132396, 2.17176e-17, 0.225577, 0.0413217, 0.533286, 2.37506e-05, 0.248059, 0.00262653, 1.41319e-09, 0.0024881, 3.29445e-05, 0.393195, 0.000106851, 5.33173e-07, 2.46985e-10, 4.17114e-12, 3.85961e-10, 1.02577e-10, 8.8095e-08, 0.353491, 
0.00868421, 1.00015e+06, 1.00015e+06, 1.00015e+06, 1.00119e+06, 1.00088e+06, 0.169396, 1173, 1173, 0.0659686, 0.168854, 9.0973e-18, 0.179335, 0.0659555, 0.511804, 2.26096e-05, 0.270985, 0.00147119, 9.30855e-10, 0.00191656, 2.02822e-05, 0.396246, 7.01872e-05, 9.07509e-07, 2.96488e-10, 3.03431e-12, 2.64595e-10, 6.4183e-11, 6.35911e-08, 0.32929, 0.169241, 1173, 1173, 0.0662008, 0.163231, 9.02387e-18, 0.1745, 0.0643951, 0.503327, 2.21383e-05, 0.271334, 0.00148623, 9.5643e-10, 0.00192981, 2.02205e-05, 0.394902, 7.07881e-05, 8.91754e-07, 2.92975e-10, 3.07828e-12, 2.71168e-10, 6.57829e-11, 6.3294e-08, 0.330256, 0.168622, 1173, 1173, 0.0740966, 0.166502, 9.87719e-18, 0.180668, 0.0675647, 0.537109, 2.33854e-05, 0.272399, 0.00152303, 1.02058e-09, 0.00196329, 1.9999e-05, 0.391263, 7.22781e-05, 8.52679e-07, 2.83878e-10, 3.18963e-12, 2.8772e-10, 6.98065e-11, 6.23745e-08, 0.332758, 0.168825, 1173, 1173, 0.0811756, 0.152995, 1.04527e-17, 0.171477, 0.0659628, 0.541873, 2.31586e-05, 0.274767, 0.00159779, 1.14776e-09, 0.00203328, 1.94938e-05, 0.383686, 7.53387e-05, 7.78367e-07, 2.66052e-10, 3.41724e-12, 3.20789e-10, 7.78717e-11, 6.04082e-08, 0.337821, 0.138274, 1173, 1173, 0.0802068, 0.132399, 2.17583e-17, 0.225572, 0.0412788, 0.532693, 2.37333e-05, 0.248011, 0.00262587, 1.41124e-09, 0.0024874, 3.297e-05, 0.393306, 0.000106823, 5.33665e-07, 2.4719e-10, 4.16645e-12, 3.85434e-10, 1.0244e-10, 8.81617e-08, 0.353429, 
0.00881579, 1.00015e+06, 1.00014e+06, 1.00014e+06, 1.00118e+06, 1.00087e+06, 0.169616, 1173, 1173, 0.0657693, 0.171158, 9.07747e-18, 0.180846, 0.0666881, 0.514695, 2.27737e-05, 0.270971, 0.00146117, 9.19062e-10, 0.00190874, 2.025e-05, 0.396746, 6.98047e-05, 9.15929e-07, 2.98033e-10, 3.01468e-12, 2.61615e-10, 6.34349e-11, 6.35774e-08, 0.328822, 0.169363, 1173, 1173, 0.0659953, 0.165397, 8.97561e-18, 0.175894, 0.0650918, 0.505987, 2.22909e-05, 0.271327, 0.00147598, 9.44556e-10, 0.00192189, 2.01864e-05, 0.395399, 7.03989e-05, 9.00072e-07, 2.94502e-10, 3.05817e-12, 2.68163e-10, 6.50252e-11, 6.32758e-08, 0.329785, 0.168796, 1173, 1173, 0.0719825, 0.164419, 9.58899e-18, 0.177453, 0.0665427, 0.526002, 2.29412e-05, 0.272387, 0.00151218, 1.00811e-09, 0.00195498, 1.99672e-05, 0.391792, 7.18676e-05, 8.60998e-07, 2.85446e-10, 3.1677e-12, 2.84549e-10, 6.90011e-11, 6.23657e-08, 0.332261, 0.169019, 1173, 1173, 0.0795943, 0.152731, 1.02341e-17, 0.170221, 0.0655995, 0.535662, 2.2938e-05, 0.274711, 0.00158547, 1.13314e-09, 0.00202381, 1.94767e-05, 0.384349, 7.48728e-05, 7.87074e-07, 2.6783e-10, 3.38983e-12, 3.17032e-10, 7.69109e-11, 6.04479e-08, 0.337235, 0.13699, 1173, 1173, 0.0790805, 0.132934, 2.16152e-17, 0.226489, 0.0410873, 0.52992, 2.36816e-05, 0.247618, 0.00262068, 1.39545e-09, 0.0024816, 3.31802e-05, 0.394209, 0.000106593, 5.37675e-07, 2.48864e-10, 4.12846e-12, 3.81157e-10, 1.01328e-10, 8.87081e-08, 0.35293, 
0.00894737, 1.00014e+06, 1.00014e+06, 1.00014e+06, 1.00117e+06, 1.00086e+06, 0.169751, 1173, 1173, 0.0654342, 0.173097, 9.03203e-18, 0.181962, 0.0672798, 0.516506, 2.28901e-05, 0.270959, 0.00145139, 9.07517e-10, 0.00190108, 2.02179e-05, 0.397234, 6.9431e-05, 9.24257e-07, 2.99551e-10, 2.99564e-12, 2.58701e-10, 6.27046e-11, 6.35621e-08, 0.328364, 0.169605, 1173, 1173, 0.0660047, 0.168106, 8.94518e-18, 0.177846, 0.0660034, 0.510307, 2.2517e-05, 0.271322, 0.00146597, 9.32914e-10, 0.00191413, 2.0152e-05, 0.395882, 7.00182e-05, 9.08305e-07, 2.96003e-10, 3.03863e-12, 2.65221e-10, 6.42844e-11, 6.32554e-08, 0.329324, 0.168979, 1173, 1173, 0.0697573, 0.161866, 9.30346e-18, 0.173788, 0.065353, 0.513771, 2.24441e-05, 0.272385, 0.00150176, 9.96127e-10, 0.00194702, 1.99335e-05, 0.392286, 7.14736e-05, 8.69025e-07, 2.86938e-10, 3.14675e-12, 2.81508e-10, 6.82291e-11, 6.23485e-08, 0.331788, 0.169206, 1173, 1173, 0.0782664, 0.152716, 1.01099e-17, 0.169285, 0.0653849, 0.5308, 2.27721e-05, 0.274682, 0.0015737, 1.11946e-09, 0.00201484, 1.94523e-05, 0.384942, 7.44289e-05, 7.95317e-07, 2.69465e-10, 3.36428e-12, 3.13522e-10, 7.60118e-11, 6.04628e-08, 0.336692, 0.137655, 1173, 1173, 0.07671, 0.131115, 2.07724e-17, 0.223382, 0.0402086, 0.518383, 2.32347e-05, 0.247261, 0.00261635, 1.38095e-09, 0.0024766, 3.33741e-05, 0.39502, 0.000106397, 5.41237e-07, 2.5037e-10, 4.0936e-12, 3.77236e-10, 1.00311e-10, 8.921e-08, 0.352485, 
0.00921053, 1.00014e+06, 1.00014e+06, 1.00014e+06, 1.00114e+06, 1.00084e+06, 0.170131, 1173, 1173, 0.0645637, 0.176454, 8.9378e-18, 0.183667, 0.0682445, 0.51854, 2.30517e-05, 0.270919, 0.00143259, 8.84944e-10, 0.00188618, 2.01595e-05, 0.398204, 6.87091e-05, 9.40774e-07, 3.02561e-10, 2.95895e-12, 2.53009e-10, 6.12844e-11, 6.35426e-08, 0.327468, 0.169883, 1173, 1173, 0.0640188, 0.168465, 8.76421e-18, 0.176433, 0.0658051, 0.503474, 2.2287e-05, 0.27128, 0.00144666, 9.09826e-10, 0.0018989, 2.00948e-05, 0.396879, 6.9278e-05, 9.24884e-07, 2.99056e-10, 3.00049e-12, 2.59389e-10, 6.28245e-11, 6.32422e-08, 0.328405, 0.169327, 1173, 1173, 0.069511, 0.166687, 9.27055e-18, 0.177113, 0.0669288, 0.520515, 2.28149e-05, 0.272336, 0.00148132, 9.71726e-10, 0.00193107, 1.98798e-05, 0.393341, 7.06942e-05, 8.85576e-07, 2.90062e-10, 3.10475e-12, 2.75313e-10, 6.66679e-11, 6.23514e-08, 0.33082, 0.169571, 1173, 1173, 0.0776273, 0.157018, 1.01554e-17, 0.172152, 0.0667029, 0.535336, 2.30556e-05, 0.274543, 0.00155052, 1.09098e-09, 0.00199666, 1.94282e-05, 0.386264, 7.35445e-05, 8.1272e-07, 2.73017e-10, 3.31206e-12, 3.0621e-10, 7.41575e-11, 6.05626e-08, 0.335551, 0.136037, 1173, 1173, 0.0759874, 0.134739, 2.09249e-17, 0.229598, 0.0405935, 0.523013, 2.35838e-05, 0.246443, 0.00260745, 1.34976e-09, 0.0024655, 3.38192e-05, 0.396834, 0.000105978, 5.49144e-07, 2.53732e-10, 4.01908e-12, 3.68791e-10, 9.81283e-11, 9.03507e-08, 0.35151, 
0.00947368, 1.00014e+06, 1.00014e+06, 1.00014e+06, 1.00112e+06, 1.00081e+06, 0.17043, 1173, 1173, 0.0643139, 0.181065, 8.9086e-18, 0.18672, 0.0697629, 0.524862, 2.33991e-05, 0.270929, 0.00141501, 8.64524e-10, 0.00187237, 2.0088e-05, 0.399033, 6.80356e-05, 9.56148e-07, 3.05244e-10, 2.92638e-12, 2.47881e-10, 6.00035e-11, 6.34755e-08, 0.326662, 0.170279, 1173, 1173, 0.0618996, 0.167442, 8.63654e-18, 0.173796, 0.0651966, 0.494002, 2.19265e-05, 0.271318, 0.00142934, 8.90251e-10, 0.0018855, 2.0017e-05, 0.39764, 6.86187e-05, 9.39349e-07, 3.0155e-10, 2.96865e-12, 2.54469e-10, 6.15878e-11, 6.31539e-08, 0.327637, 0.169655, 1173, 1173, 0.0671765, 0.165742, 8.94925e-18, 0.174478, 0.0662933, 0.510407, 2.24381e-05, 0.272353, 0.00146279, 9.50606e-10, 0.00191679, 1.98092e-05, 0.394189, 6.99906e-05, 9.00366e-07, 2.92709e-10, 3.06897e-12, 2.69975e-10, 6.53188e-11, 6.22901e-08, 0.329988, 0.169916, 1173, 1173, 0.077068, 0.160762, 9.94138e-18, 0.174563, 0.0679151, 0.539334, 2.33065e-05, 0.274496, 0.00152981, 1.06648e-09, 0.00198067, 1.93801e-05, 0.387312, 7.27588e-05, 8.28014e-07, 2.75977e-10, 3.26758e-12, 2.99946e-10, 7.25644e-11, 6.05758e-08, 0.334588, 0.13638, 1173, 1173, 0.0737547, 0.134906, 2.10288e-17, 0.230217, 0.0400452, 0.516128, 2.34083e-05, 0.245737, 0.00260277, 1.32327e-09, 0.00245751, 3.42137e-05, 0.398305, 0.000105711, 5.55154e-07, 2.56414e-10, 3.95597e-12, 3.61627e-10, 9.6291e-11, 9.13379e-08, 0.350757, 
0.01, 1.00013e+06, 1.00013e+06, 1.00013e+06, 1.00107e+06, 1.00077e+06, 0.171125, 1173, 1173, 0.0602387, 0.181235, 8.39679e-18, 0.183283, 0.0691475, 0.509877, 2.28727e-05, 0.270836, 0.00137948, 8.20745e-10, 0.00184362, 1.99745e-05, 0.400925, 6.66586e-05, 9.89738e-07, 3.11228e-10, 2.85849e-12, 2.36894e-10, 5.72892e-11, 6.34317e-08, 0.324928, 0.170926, 1173, 1173, 0.0615935, 0.178091, 8.47382e-18, 0.181173, 0.0686583, 0.509645, 2.27645e-05, 0.271233, 0.00139266, 8.45247e-10, 0.00185605, 1.99009e-05, 0.399571, 6.72015e-05, 9.73086e-07, 3.076e-10, 2.89747e-12, 2.43153e-10, 5.87822e-11, 6.31103e-08, 0.325859, 0.170355, 1173, 1173, 0.0653457, 0.17224, 8.73498e-18, 0.177673, 0.0681709, 0.513982, 2.27439e-05, 0.272257, 0.00142444, 9.03662e-10, 0.0018863, 1.97004e-05, 0.396205, 6.85154e-05, 9.33721e-07, 2.98834e-10, 2.99154e-12, 2.58113e-10, 6.2358e-11, 6.22752e-08, 0.328138, 0.170629, 1173, 1173, 0.0724443, 0.16233, 9.29243e-18, 0.172555, 0.0675859, 0.524846, 2.28542e-05, 0.274245, 0.00148629, 1.01209e-09, 0.0019459, 1.93194e-05, 0.389809, 7.10841e-05, 8.63171e-07, 2.82909e-10, 3.17192e-12, 2.86055e-10, 6.90736e-11, 6.07236e-08, 0.332422, 0.13412, 1173, 1173, 0.0695085, 0.136859, 2.061e-17, 0.233627, 0.0392499, 0.505419, 2.31977e-05, 0.244136, 0.00258662, 1.26254e-09, 0.00243633, 3.51074e-05, 0.401804, 0.000104928, 5.70672e-07, 2.63029e-10, 3.81115e-12, 3.45205e-10, 9.20484e-11, 9.36095e-08, 0.348896, 
0.0110526, 1.00012e+06, 1.00012e+06, 1.00012e+06, 1.00096e+06, 1.00069e+06, 0.172208, 1173, 1173, 0.0558274, 0.187161, 7.88683e-18, 0.183415, 0.0704173, 0.502661, 2.27736e-05, 0.270762, 0.00132444, 7.5272e-10, 0.0017986, 1.97611e-05, 0.403776, 6.45129e-05, 1.04479e-06, 3.20609e-10, 2.75844e-12, 2.19931e-10, 5.31312e-11, 6.32576e-08, 0.322253, 0.172068, 1173, 1173, 0.0574222, 0.184878, 7.99953e-18, 0.182213, 0.0702672, 0.504804, 2.27785e-05, 0.271159, 0.00133661, 7.76007e-10, 0.00181043, 1.96904e-05, 0.402466, 6.50213e-05, 1.02785e-06, 3.17018e-10, 2.7935e-12, 2.2585e-10, 5.45279e-11, 6.29498e-08, 0.323143, 0.171439, 1173, 1173, 0.0609204, 0.179183, 8.22508e-18, 0.178964, 0.0697633, 0.508695, 2.27565e-05, 0.272102, 0.00136544, 8.29625e-10, 0.00183844, 1.95188e-05, 0.399367, 6.62252e-05, 9.89051e-07, 3.08693e-10, 2.8752e-12, 2.395e-10, 5.77601e-11, 6.2215e-08, 0.32524, 0.171783, 1173, 1173, 0.067533, 0.170212, 8.72984e-18, 0.174914, 0.0692851, 0.519523, 2.29048e-05, 0.273839, 0.0014207, 9.26942e-10, 0.00189241, 1.92176e-05, 0.393681, 6.85363e-05, 9.20889e-07, 2.93972e-10, 3.02865e-12, 2.64415e-10, 6.36965e-11, 6.09269e-08, 0.329078, 0.132408, 1173, 1173, 0.0649636, 0.144476, 2.10591e-17, 0.249171, 0.0390431, 0.506483, 2.37643e-05, 0.241145, 0.00258699, 1.16576e-09, 0.00241203, 3.68868e-05, 0.407336, 0.000104411, 5.90773e-07, 2.72931e-10, 3.58327e-12, 3.19027e-10, 8.54361e-11, 9.78542e-08, 0.346377, 
0.0115789, 1.00011e+06, 1.00011e+06, 1.00011e+06, 1.00091e+06, 1.00065e+06, 0.172758, 1173, 1173, 0.0528779, 0.186934, 7.53523e-18, 0.180526, 0.0698683, 0.491245, 2.23615e-05, 0.270716, 0.00129952, 7.21081e-10, 0.00177779, 1.96622e-05, 0.405109, 6.35324e-05, 1.07152e-06, 3.25066e-10, 2.7142e-12, 2.12079e-10, 5.1225e-11, 6.3173e-08, 0.321014, 0.172561, 1173, 1173, 0.0551024, 0.187048, 7.73255e-18, 0.181666, 0.0706041, 0.499579, 2.26516e-05, 0.271102, 0.00131133, 7.43698e-10, 0.00178938, 1.9596e-05, 0.40383, 6.4028e-05, 1.05446e-06, 3.21514e-10, 2.74727e-12, 2.17809e-10, 5.25716e-11, 6.28803e-08, 0.321882, 0.171962, 1173, 1173, 0.0584589, 0.181216, 7.94376e-18, 0.178389, 0.0700201, 0.502859, 2.26081e-05, 0.272016, 0.00133942, 7.9589e-10, 0.00181687, 1.94372e-05, 0.400812, 6.5205e-05, 1.01533e-06, 3.13276e-10, 2.82455e-12, 2.31054e-10, 5.56951e-11, 6.21857e-08, 0.32393, 0.172282, 1173, 1173, 0.0643009, 0.171748, 8.3704e-18, 0.17385, 0.0691224, 0.510057, 2.26231e-05, 0.27359, 0.00139148, 8.87252e-10, 0.00186777, 1.91838e-05, 0.395543, 6.73846e-05, 9.49214e-07, 2.99343e-10, 2.96495e-12, 2.54363e-10, 6.12305e-11, 6.10532e-08, 0.32752, 0.130096, 1173, 1173, 0.0618464, 0.146793, 2.10192e-17, 0.25475, 0.0384263, 0.500772, 2.37566e-05, 0.239521, 0.00258935, 1.11659e-09, 0.00239938, 3.78807e-05, 0.410241, 0.000104184, 6.01137e-07, 2.78141e-10, 3.4677e-12, 3.05714e-10, 8.20822e-11, 1.00181e-07, 0.345107, 
0.0121053, 1.00011e+06, 1.0001e+06, 1.0001e+06, 1.00086e+06, 1.00061e+06, 0.173222, 1173, 1173, 0.0495803, 0.18446, 7.13609e-18, 0.17568, 0.0685238, 0.475027, 2.17208e-05, 0.270672, 0.0012767, 6.91629e-10, 0.00175855, 1.95687e-05, 0.406343, 6.26303e-05, 1.097e-06, 3.2925e-10, 2.6743e-12, 2.04791e-10, 4.94661e-11, 6.30877e-08, 0.319866, 0.173082, 1173, 1173, 0.0524885, 0.187358, 7.43211e-18, 0.179451, 0.0702915, 0.490332, 2.2335e-05, 0.271064, 0.00128813, 7.13939e-10, 0.00176995, 1.95017e-05, 0.40507, 6.31136e-05, 1.0797e-06, 3.25682e-10, 2.70607e-12, 2.10431e-10, 5.07848e-11, 6.27947e-08, 0.320724, 0.17246, 1173, 1173, 0.0592306, 0.193471, 8.11855e-18, 0.187719, 0.0742097, 0.525132, 2.37294e-05, 0.271932, 0.00131463, 7.63376e-10, 0.00179612, 1.93566e-05, 0.402205, 6.42291e-05, 1.04142e-06, 3.17759e-10, 2.77724e-12, 2.22941e-10, 5.37224e-11, 6.21507e-08, 0.322668, 0.172819, 1173, 1173, 0.0633095, 0.178477, 8.2986e-18, 0.17799, 0.0711748, 0.517239, 2.30682e-05, 0.273433, 0.00136453, 8.51046e-10, 0.00184523, 1.91268e-05, 0.397151, 6.6325e-05, 9.75746e-07, 3.04175e-10, 2.90822e-12, 2.45236e-10, 5.89954e-11, 6.10981e-08, 0.32612, 0.129731, 1173, 1173, 0.0601411, 0.150906, 2.14104e-17, 0.263434, 0.0384882, 0.504317, 2.41698e-05, 0.238161, 0.00259642, 1.07471e-09, 0.00239167, 3.87546e-05, 0.412538, 0.000104159, 6.08336e-07, 2.82173e-10, 3.36838e-12, 2.94398e-10, 7.92355e-11, 1.02188e-07, 0.344169, 
0.0126316, 1.0001e+06, 1.0001e+06, 1.0001e+06, 1.0008e+06, 1.00057e+06, 0.173703, 1173, 1173, 0.0472297, 0.184331, 6.87545e-18, 0.173425, 0.0680943, 0.466036, 2.13965e-05, 0.270626, 0.00125636, 6.64919e-10, 0.00174119, 1.94842e-05, 0.407462, 6.1822e-05, 1.12062e-06, 3.33077e-10, 2.63917e-12, 1.98198e-10, 4.78839e-11, 6.30081e-08, 0.318832, 0.173504, 1173, 1173, 0.0509888, 0.191267, 7.3206e-18, 0.180902, 0.0713012, 0.490888, 2.24589e-05, 0.270985, 0.00126699, 6.85664e-10, 0.00175183, 1.94258e-05, 0.406285, 6.22724e-05, 1.1041e-06, 3.29732e-10, 2.66798e-12, 2.03428e-10, 4.91026e-11, 6.27464e-08, 0.319628, 0.172869, 1173, 1173, 0.0566637, 0.194753, 7.85019e-18, 0.186586, 0.0741347, 0.517667, 2.35042e-05, 0.271799, 0.00129252, 7.32989e-10, 0.00177712, 1.92983e-05, 0.403557, 6.3349e-05, 1.06628e-06, 3.22063e-10, 2.73422e-12, 2.15364e-10, 5.18967e-11, 6.21598e-08, 0.321491, 0.173229, 1173, 1173, 0.0607972, 0.181422, 8.06494e-18, 0.178558, 0.0715398, 0.512714, 2.29969e-05, 0.273134, 0.00133989, 8.14839e-10, 0.00182363, 1.9117e-05, 0.398903, 6.53379e-05, 1.00273e-06, 3.09269e-10, 2.85305e-12, 2.36098e-10, 5.67884e-11, 6.12638e-08, 0.324714, 0.127363, 1173, 1173, 0.0563343, 0.151153, 2.12211e-17, 0.266371, 0.037305, 0.492311, 2.38654e-05, 0.236422, 0.00260664, 1.02678e-09, 0.00238135, 3.98769e-05, 0.415376, 0.000104138, 6.17072e-07, 2.8709e-10, 3.25542e-12, 2.81405e-10, 7.59876e-11, 1.04713e-07, 0.343069, 
0.0131579, 1.00009e+06, 1.00009e+06, 1.00009e+06, 1.00075e+06, 1.00053e+06, 0.174174, 1173, 1173, 0.0482957, 0.197822, 7.10041e-18, 0.183701, 0.0727227, 0.491195, 2.26437e-05, 0.270622, 0.00123595, 6.3867e-10, 0.00172383, 1.93842e-05, 0.408522, 6.10114e-05, 1.14465e-06, 3.36834e-10, 2.60598e-12, 1.91753e-10, 4.63406e-11, 6.28844e-08, 0.317815, 0.174002, 1173, 1173, 0.0500359, 0.196658, 7.22749e-18, 0.183629, 0.072962, 0.49581, 2.27776e-05, 0.270986, 0.00124662, 6.59618e-10, 0.0017346, 1.93267e-05, 0.407331, 6.14652e-05, 1.1275e-06, 3.3341e-10, 2.6343e-12, 1.9702e-10, 4.75633e-11, 6.2624e-08, 0.31862, 0.173355, 1173, 1173, 0.0554586, 0.19988, 7.76076e-18, 0.189027, 0.0756558, 0.521326, 2.3776e-05, 0.271762, 0.00127122, 7.05145e-10, 0.00175911, 1.92115e-05, 0.404709, 6.25057e-05, 1.09001e-06, 3.25941e-10, 2.69622e-12, 2.08468e-10, 5.02334e-11, 6.20794e-08, 0.320416, 0.173732, 1173, 1173, 0.0583341, 0.182648, 7.86811e-18, 0.177431, 0.0715229, 0.505664, 2.27894e-05, 0.273045, 0.00131702, 7.8433e-10, 0.00180432, 1.9047e-05, 0.400205, 6.44338e-05, 1.0266e-06, 3.13384e-10, 2.80798e-12, 2.28464e-10, 5.49337e-11, 6.12401e-08, 0.323544, 0.127095, 1173, 1173, 0.0533694, 0.150331, 2.0997e-17, 0.266221, 0.0363253, 0.481897, 2.35652e-05, 0.235303, 0.0026149, 9.91595e-10, 0.00237615, 4.06406e-05, 0.417201, 0.000104189, 6.22339e-07, 2.90285e-10, 3.17081e-12, 2.71913e-10, 7.35858e-11, 1.06434e-07, 0.342359, 
0.0142105, 1.00008e+06, 1.00008e+06, 1.00008e+06, 1.00065e+06, 1.00045e+06, 0.17495, 1173, 1173, 0.0448112, 0.201872, 6.77565e-18, 0.18335, 0.073377, 0.48451, 2.25124e-05, 0.270453, 0.00120113, 5.90055e-10, 0.00169309, 1.92551e-05, 0.410633, 5.96073e-05, 1.18972e-06, 3.44074e-10, 2.54647e-12, 1.79811e-10, 4.3517e-11, 6.2797e-08, 0.31594, 0.174739, 1173, 1173, 0.0467401, 0.202445, 6.94402e-18, 0.184835, 0.07418, 0.492674, 2.28225e-05, 0.270767, 0.00121093, 6.08806e-10, 0.00170303, 1.92127e-05, 0.409572, 6.00251e-05, 1.17336e-06, 3.40936e-10, 2.57028e-12, 1.84494e-10, 4.45979e-11, 6.25877e-08, 0.316667, 0.174049, 1173, 1173, 0.0502666, 0.200318, 7.22337e-18, 0.185199, 0.0746957, 0.502898, 2.31443e-05, 0.271429, 0.00123387, 6.50042e-10, 0.0017259, 1.9133e-05, 0.407227, 6.09964e-05, 1.13713e-06, 3.34026e-10, 2.62292e-12, 1.94789e-10, 4.69861e-11, 6.21595e-08, 0.318303, 0.17447, 1173, 1173, 0.0537916, 0.187941, 7.39939e-18, 0.178285, 0.072097, 0.497464, 2.2658e-05, 0.272457, 0.00127551, 7.19917e-10, 0.00176686, 1.90393e-05, 0.403349, 6.27489e-05, 1.07737e-06, 3.22755e-10, 2.7157e-12, 2.12297e-10, 5.10817e-11, 6.15545e-08, 0.321069, 0.12325, 1173, 1173, 0.0485495, 0.155942, 2.16737e-17, 0.282435, 0.0353856, 0.478485, 2.39315e-05, 0.231855, 0.00265236, 9.03456e-10, 0.00236303, 4.30391e-05, 0.422289, 0.000104643, 6.34328e-07, 2.98626e-10, 2.96021e-12, 2.48011e-10, 6.76303e-11, 1.11605e-07, 0.340692, 
0.0152632, 1.00007e+06, 1.00007e+06, 1.00007e+06, 1.00054e+06, 1.00037e+06, 0.17568, 1173, 1173, 0.0433129, 0.211071, 6.84447e-18, 0.188091, 0.0761777, 0.493371, 2.30697e-05, 0.270434, 0.00117268, 5.51836e-10, 0.00166817, 1.91069e-05, 0.412168, 5.8462e-05, 1.22709e-06, 3.49683e-10, 2.50289e-12, 1.70508e-10, 4.13251e-11, 6.25989e-08, 0.314478, 0.175457, 1173, 1173, 0.0441092, 0.206492, 6.7076e-18, 0.185048, 0.0750926, 0.48933, 2.28144e-05, 0.270722, 0.00118256, 5.70022e-10, 0.00167817, 1.90761e-05, 0.411146, 5.88836e-05, 1.21022e-06, 3.46574e-10, 2.52454e-12, 1.75018e-10, 4.23616e-11, 6.24231e-08, 0.315192, 0.17474, 1173, 1173, 0.0464669, 0.200176, 6.82759e-18, 0.181722, 0.0739719, 0.488715, 2.26474e-05, 0.271311, 0.00120491, 6.09225e-10, 0.00170044, 1.90219e-05, 0.408948, 5.98305e-05, 1.17399e-06, 3.39917e-10, 2.57184e-12, 1.84744e-10, 4.46081e-11, 6.20735e-08, 0.316755, 0.175147, 1173, 1173, 0.051275, 0.19424, 7.19821e-18, 0.180935, 0.0736198, 0.498306, 2.28747e-05, 0.272197, 0.00124452, 6.74381e-10, 0.00173928, 1.89698e-05, 0.405394, 6.14963e-05, 1.11546e-06, 3.29266e-10, 2.65392e-12, 2.00965e-10, 4.83872e-11, 6.16016e-08, 0.319344, 0.121839, 1173, 1173, 0.0453544, 0.15973, 2.22946e-17, 0.293822, 0.0348197, 0.47796, 2.42924e-05, 0.229607, 0.00268548, 8.43369e-10, 0.00235867, 4.47185e-05, 0.425396, 0.000105197, 6.39561e-07, 3.03482e-10, 2.81312e-12, 2.31758e-10, 6.3546e-11, 1.15136e-07, 0.339802, 
0.0163158, 1.00005e+06, 1.00005e+06, 1.00005e+06, 1.00043e+06, 1.00029e+06, 0.176268, 1173, 1173, 0.0401431, 0.214583, 6.44672e-18, 0.187771, 0.0766113, 0.487125, 2.29428e-05, 0.270197, 0.00114551, 5.10228e-10, 0.00164311, 1.90248e-05, 0.414038, 5.7345e-05, 1.26765e-06, 3.56129e-10, 2.45635e-12, 1.60343e-10, 3.89662e-11, 6.25896e-08, 0.312899, 0.17604, 1173, 1173, 0.0408835, 0.210223, 6.28542e-18, 0.184952, 0.0755636, 0.483307, 2.27033e-05, 0.270449, 0.0011547, 5.26724e-10, 0.00165246, 1.90042e-05, 0.413112, 5.77382e-05, 1.25143e-06, 3.53242e-10, 2.47464e-12, 1.64406e-10, 3.98951e-11, 6.24496e-08, 0.313553, 0.175305, 1173, 1173, 0.0434157, 0.206412, 6.62157e-18, 0.183831, 0.0752111, 0.487397, 2.27743e-05, 0.270932, 0.00117512, 5.61486e-10, 0.00167281, 1.89779e-05, 0.411195, 5.86041e-05, 1.21739e-06, 3.47244e-10, 2.51373e-12, 1.72966e-10, 4.18627e-11, 6.21986e-08, 0.314946, 0.175751, 1173, 1173, 0.0476764, 0.201309, 6.96909e-18, 0.183663, 0.0748636, 0.496375, 2.30089e-05, 0.271596, 0.00121094, 6.18056e-10, 0.00170768, 1.89823e-05, 0.408201, 6.01073e-05, 1.16321e-06, 3.37874e-10, 2.57997e-12, 1.86928e-10, 4.5102e-11, 6.1921e-08, 0.317204, 0.117921, 1173, 1173, 0.039839, 0.161346, 2.28835e-17, 0.30606, 0.0330001, 0.465334, 2.42117e-05, 0.225943, 0.0027503, 7.59224e-10, 0.00235345, 4.75575e-05, 0.430034, 0.000106341, 6.44504e-07, 3.10106e-10, 2.60532e-12, 2.08902e-10, 5.78392e-11, 1.20859e-07, 0.338765, 
0.0173684, 1.00004e+06, 1.00004e+06, 1.00004e+06, 1.00032e+06, 1.00022e+06, 0.176814, 1173, 1173, 0.0381677, 0.216966, 6.27564e-18, 0.187317, 0.077105, 0.483577, 2.28812e-05, 0.270198, 0.00112626, 4.83563e-10, 0.00162591, 1.89128e-05, 0.415076, 5.65629e-05, 1.29527e-06, 3.60082e-10, 2.42902e-12, 1.5391e-10, 3.74715e-11, 6.24211e-08, 0.311897, 0.176554, 1173, 1173, 0.0391202, 0.213993, 6.31531e-18, 0.185844, 0.076503, 0.482826, 2.27919e-05, 0.270403, 0.00113566, 4.99279e-10, 0.00163533, 1.89094e-05, 0.414219, 5.69627e-05, 1.27887e-06, 3.57309e-10, 2.44513e-12, 1.57747e-10, 3.83473e-11, 6.23308e-08, 0.31253, 0.175746, 1173, 1173, 0.0415575, 0.210348, 6.49599e-18, 0.185119, 0.0760966, 0.486948, 2.28769e-05, 0.270785, 0.00115641, 5.32441e-10, 0.00165568, 1.8919e-05, 0.412454, 5.78373e-05, 1.24464e-06, 3.51573e-10, 2.47993e-12, 1.65846e-10, 4.02069e-11, 6.2184e-08, 0.31387, 0.176131, 1173, 1173, 0.0455389, 0.204595, 6.8247e-18, 0.184808, 0.0753792, 0.494005, 2.30372e-05, 0.271321, 0.00119268, 5.87199e-10, 0.00169047, 1.89673e-05, 0.409634, 5.93512e-05, 1.18966e-06, 3.42423e-10, 2.54042e-12, 1.79258e-10, 4.33154e-11, 6.20283e-08, 0.316083, 0.116886, 1173, 1173, 0.0367879, 0.160584, 2.29519e-17, 0.308094, 0.0319105, 0.455627, 2.39859e-05, 0.224301, 0.00278075, 7.15579e-10, 0.00235201, 4.89186e-05, 0.432147, 0.000106896, 6.46589e-07, 3.13198e-10, 2.49465e-12, 1.97114e-10, 5.48237e-11, 1.23598e-07, 0.338263, 
0.0184211, 1.00003e+06, 1.00003e+06, 1.00003e+06, 1.00022e+06, 1.00014e+06, 0.177302, 1173, 1173, 0.03527, 0.221054, 6.07119e-18, 0.1878, 0.0776784, 0.47939, 2.28477e-05, 0.269887, 0.00110311, 4.44605e-10, 0.00160373, 1.8866e-05, 0.416886, 5.55954e-05, 1.33435e-06, 3.66309e-10, 2.38816e-12, 1.4442e-10, 3.53016e-11, 6.24862e-08, 0.310444, 0.177056, 1173, 1173, 0.0362915, 0.219298, 6.14181e-18, 0.18728, 0.0774696, 0.480807, 2.28672e-05, 0.270071, 0.00111135, 4.58513e-10, 0.00161209, 1.88645e-05, 0.416126, 5.5948e-05, 1.31928e-06, 3.63811e-10, 2.40152e-12, 1.47798e-10, 3.60678e-11, 6.24113e-08, 0.311004, 0.176287, 1173, 1173, 0.0383973, 0.215703, 6.26404e-18, 0.186348, 0.0769876, 0.483755, 2.29103e-05, 0.270402, 0.0011294, 4.8752e-10, 0.00163, 1.88787e-05, 0.414587, 5.6713e-05, 1.28807e-06, 3.58709e-10, 2.42991e-12, 1.54843e-10, 3.76745e-11, 6.23007e-08, 0.312175, 0.176804, 1173, 1173, 0.0416855, 0.210214, 6.55059e-18, 0.185675, 0.0761316, 0.488598, 2.29955e-05, 0.270804, 0.00116043, 5.33622e-10, 0.00165987, 1.89462e-05, 0.412257, 5.80108e-05, 1.23915e-06, 3.50884e-10, 2.4767e-12, 1.66045e-10, 4.02543e-11, 6.22439e-08, 0.31404, 0.112736, 1173, 1173, 0.0318552, 0.162675, 2.43367e-17, 0.32636, 0.0301803, 0.448084, 2.42143e-05, 0.220131, 0.00288948, 6.3146e-10, 0.00235724, 5.25153e-05, 0.436434, 0.000109087, 6.41937e-07, 3.17546e-10, 2.27738e-12, 1.74204e-10, 4.90862e-11, 1.30306e-07, 0.338026, 
0.0194737, 1.00001e+06, 1.00001e+06, 1.00001e+06, 1.00011e+06, 1.00007e+06, 0.177644, 1173, 1173, 0.0341873, 0.222785, 5.98582e-18, 0.187776, 0.0781163, 0.478142, 2.285e-05, 0.269914, 0.00109209, 4.29406e-10, 0.00159379, 1.87901e-05, 0.417443, 5.51454e-05, 1.35102e-06, 3.68553e-10, 2.37424e-12, 1.40789e-10, 3.44661e-11, 6.23539e-08, 0.309882, 0.177328, 1173, 1173, 0.0351607, 0.220946, 6.05913e-18, 0.187407, 0.0777958, 0.479393, 2.28677e-05, 0.270022, 0.00110145, 4.43004e-10, 0.00160293, 1.8819e-05, 0.416754, 5.55397e-05, 1.33504e-06, 3.66131e-10, 2.3857e-12, 1.44043e-10, 3.52067e-11, 6.23619e-08, 0.310443, 0.17639, 1173, 1173, 0.0372031, 0.217374, 6.23097e-18, 0.187063, 0.0771323, 0.482437, 2.29295e-05, 0.270178, 0.00112223, 4.71519e-10, 0.00162268, 1.89041e-05, 0.415375, 5.64055e-05, 1.30172e-06, 3.61183e-10, 2.41027e-12, 1.50862e-10, 3.67695e-11, 6.24423e-08, 0.311625, 0.176654, 1173, 1173, 0.0404167, 0.211332, 6.52111e-18, 0.187118, 0.0758269, 0.486561, 2.30009e-05, 0.270317, 0.00115855, 5.18344e-10, 0.00165602, 1.90795e-05, 0.413206, 5.78968e-05, 1.24827e-06, 3.53284e-10, 2.45316e-12, 1.62076e-10, 3.93698e-11, 6.26593e-08, 0.313584, 0.112429, 1173, 1173, 0.0304219, 0.163991, 2.41895e-17, 0.32739, 0.030056, 0.44575, 2.42109e-05, 0.219603, 0.00287992, 6.03976e-10, 0.00234857, 5.29619e-05, 0.437728, 0.000108706, 6.48834e-07, 3.20547e-10, 2.20669e-12, 1.66877e-10, 4.70715e-11, 1.31393e-07, 0.337278, 
0.0205263, 1e+06, 1e+06, 1e+06, 1e+06, 1e+06, 0.178108, 1173, 1173, 0.0310854, 0.227619, 5.80821e-18, 0.188763, 0.0787841, 0.474615, 2.28678e-05, 0.269504, 0.00106958, 3.87861e-10, 0.00157156, 1.87696e-05, 0.419415, 5.41923e-05, 1.39319e-06, 3.75328e-10, 2.33236e-12, 1.30678e-10, 3.21805e-11, 6.24974e-08, 0.308364, 0.177828, 1173, 1173, 0.0319681, 0.226227, 5.87292e-18, 0.188643, 0.0785991, 0.476169, 2.29073e-05, 0.269613, 0.00107729, 3.9951e-10, 0.00157922, 1.87898e-05, 0.418811, 5.45196e-05, 1.37911e-06, 3.73195e-10, 2.34149e-12, 1.33457e-10, 3.28071e-11, 6.24924e-08, 0.308845, 0.177054, 1173, 1173, 0.0336776, 0.222743, 5.98895e-18, 0.187852, 0.0780035, 0.477849, 2.29148e-05, 0.269845, 0.0010928, 4.23474e-10, 0.00159459, 1.88231e-05, 0.417566, 5.51771e-05, 1.35115e-06, 3.68866e-10, 2.36167e-12, 1.39201e-10, 3.41069e-11, 6.24586e-08, 0.309826, 0.177911, 1173, 1173, 0.0364266, 0.218081, 6.16363e-18, 0.187217, 0.0774648, 0.481644, 2.2976e-05, 0.270338, 0.00111456, 4.60662e-10, 0.00161645, 1.88121e-05, 0.415514, 5.61045e-05, 1.31085e-06, 3.62106e-10, 2.39719e-12, 1.48225e-10, 3.61518e-11, 6.2231e-08, 0.311341, 0.107549, 1173, 1173, 0.0250189, 0.162595, 2.69066e-17, 0.349367, 0.02728, 0.434258, 2.43629e-05, 0.213803, 0.00310382, 5.16621e-10, 0.00237974, 5.86235e-05, 0.441884, 0.000113599, 6.23359e-07, 3.20519e-10, 1.9666e-12, 1.42932e-10, 4.11633e-11, 1.4102e-07, 0.338656, 
