z, Pressure_0, Pressure_1, Pressure_2, Pressure_3, Velocity_0, GasTemperature_0, SolidTemperature_0, CH4_0, CO_0, O2_0, CO2_0, H2_0, H2O_0, AR_0, H(s)_0, O(s)_0, CH4(s)_0, H2O(s)_0, CO2(s)_0, CO(s)_0, OH(s)_0, C(s)_0, HCO(s)_0, CH(s)_0, CH3(s)_0, CH2(s)_0, COOH(s)_0, Ni(s)_0, Velocity_1, GasTemperature_1, SolidTemperature_1, CH4_1, CO_1, O2_1, CO2_1, H2_1, H2O_1, AR_1, H(s)_1, O(s)_1, CH4(s)_1, H2O(s)_1, CO2(s)_1, CO(s)_1, OH(s)_1, C(s)_1, HCO(s)_1, CH(s)_1, CH3(s)_1, CH2(s)_1, COOH(s)_1, Ni(s)_1, Velocity_2, GasTemperature_2, SolidTemperature_2, CH4_2, CO_2, O2_2, CO2_2, H2_2, H2O_2, AR_2, H(s)_2, O(s)_2, CH4(s)_2, H2O(s)_2, CO2(s)_2, CO(s)_2, OH(s)_2, C(s)_2, HCO(s)_2, CH(s)_2, CH3(s)_2, CH2(s)_2, COOH(s)_2, Ni(s)_2, Velocity_3, GasTemperature_3, SolidTemperature_3, CH4_3, CO_3, O2_3, CO2_3, H2_3, H2O_3, AR_3, H(s)_3, O(s)_3, CH4(s)_3, H2O(s)_3, CO2(s)_3, CO(s)_3, OH(s)_3, C(s)_3, HCO(s)_3, CH(s)_3, CH3(s)_3, CH2(s)_3, COOH(s)_3, Ni(s)_3, Annular_Density_ch, Annular_Velocity_ch, Annular_Temperature_ch, 
0.000526316, 1.00023e+06, 1.00023e+06, 1.00022e+06, 1.00018e+06, 0.142061, 1173, 1173, 0.17422, 0.0183143, 4.78226e-17, 0.0285944, 0.190312, 0.58855, 8.86798e-06, 0.256614, 0.00749246, 4.2502e-09, 0.00427893, 2.35956e-05, 0.260369, 0.000236657, 8.38662e-08, 6.42701e-11, 1.47067e-11, 1.22567e-09, 3.79165e-10, 4.90601e-08, 0.470986, 0.142103, 1173, 1173, 0.174219, 0.0182965, 4.76961e-17, 0.0284966, 0.190528, 0.588451, 8.86463e-06, 0.256752, 0.00748246, 4.25003e-09, 0.00427807, 2.3541e-05, 0.260256, 0.000236475, 8.3891e-08, 6.42418e-11, 1.46976e-11, 1.22543e-09, 3.78965e-10, 4.89745e-08, 0.470971, 0.142157, 1173, 1173, 0.174127, 0.0183061, 4.74851e-17, 0.0284119, 0.190898, 0.588248, 8.86247e-06, 0.256913, 0.00746288, 4.24634e-09, 0.00427515, 2.34917e-05, 0.260277, 0.000236085, 8.40972e-08, 6.43161e-11, 1.46702e-11, 1.22403e-09, 3.78313e-10, 4.89194e-08, 0.470812, 0.143074, 1173, 1173, 0.173629, 0.0185704, 4.74279e-17, 0.0288683, 0.190925, 0.587999, 8.88052e-06, 0.256443, 0.00744462, 4.22605e-09, 0.00426512, 2.37716e-05, 0.261662, 0.000235519, 8.51877e-08, 6.51223e-11, 1.45983e-11, 1.218e-09, 3.76439e-10, 4.95046e-08, 0.469926, 0.0206708, 0.01, 1173, 
0.00157895, 1.00022e+06, 1.00022e+06, 1.00021e+06, 1.00017e+06, 0.150821, 1173, 1173, 0.132309, 0.0344094, 1.62121e-17, 0.0423527, 0.282571, 0.508349, 8.37428e-06, 0.269856, 0.00376201, 2.78575e-09, 0.00318966, 2.22901e-05, 0.316542, 0.000144788, 2.32866e-07, 1.26981e-10, 7.97754e-12, 7.64983e-10, 2.09561e-10, 5.64093e-08, 0.406483, 0.150664, 1173, 1173, 0.132442, 0.0344271, 1.63837e-17, 0.0425616, 0.281479, 0.509082, 8.391e-06, 0.269479, 0.0037841, 2.79005e-09, 0.00319598, 2.24324e-05, 0.31667, 0.000145356, 2.31878e-07, 1.26869e-10, 8.00301e-12, 7.66328e-10, 2.10189e-10, 5.66599e-08, 0.406703, 0.150156, 1173, 1173, 0.132865, 0.0344908, 1.69304e-17, 0.0432541, 0.278093, 0.511288, 8.44178e-06, 0.268296, 0.00385311, 2.80357e-09, 0.00321513, 2.28833e-05, 0.317092, 0.000147114, 2.28903e-07, 1.26545e-10, 8.08323e-12, 7.70549e-10, 2.12164e-10, 5.74508e-08, 0.407374, 0.145966, 1173, 1173, 0.134123, 0.0346832, 1.8462e-17, 0.0450056, 0.269244, 0.516935, 8.56706e-06, 0.26512, 0.00404094, 2.84214e-09, 0.00326445, 2.41304e-05, 0.318277, 0.000151808, 2.21371e-07, 1.2574e-10, 8.30875e-12, 7.82597e-10, 2.17711e-10, 5.96115e-08, 0.409122, 0.0206708, 0.0180131, 1173, 
0.00263158, 1.00021e+06, 1.0002e+06, 1.0002e+06, 1.00016e+06, 0.155952, 1173, 1173, 0.108761, 0.0461826, 1.003e-17, 0.0480061, 0.330001, 0.467041, 8.13023e-06, 0.271706, 0.00275753, 2.13354e-09, 0.00273031, 2.19365e-05, 0.343947, 0.000114688, 3.69891e-07, 1.71594e-10, 5.84846e-12, 5.82002e-10, 1.51838e-10, 5.99749e-08, 0.378723, 0.155549, 1173, 1173, 0.108987, 0.0462748, 1.02418e-17, 0.0485677, 0.327606, 0.468557, 8.16765e-06, 0.270961, 0.00278921, 2.1399e-09, 0.00274163, 2.22327e-05, 0.344307, 0.000115584, 3.6708e-07, 1.71465e-10, 5.88e-12, 5.83769e-10, 1.52659e-10, 6.05639e-08, 0.379063, 0.154576, 1173, 1173, 0.109574, 0.0465168, 1.07929e-17, 0.0500208, 0.321629, 0.472252, 8.25961e-06, 0.269077, 0.00286982, 2.15621e-09, 0.00276941, 2.29945e-05, 0.345234, 0.000117835, 3.60241e-07, 1.71163e-10, 5.96135e-12, 5.88316e-10, 1.54768e-10, 6.20659e-08, 0.379909, 0.149687, 1173, 1173, 0.110972, 0.0470279, 1.2025e-17, 0.0528874, 0.30947, 0.479634, 8.43919e-06, 0.265155, 0.00304316, 2.19372e-09, 0.00282556, 2.46489e-05, 0.347167, 0.000122565, 3.46629e-07, 1.70515e-10, 6.14545e-12, 5.98859e-10, 1.59514e-10, 6.52633e-08, 0.381662, 0.0206708, 0.0279303, 1173, 
0.00368421, 1.00019e+06, 1.00019e+06, 1.00019e+06, 1.00015e+06, 0.159149, 1173, 1173, 0.0928909, 0.0554357, 7.59736e-18, 0.0514364, 0.358537, 0.441692, 8.00719e-06, 0.27113, 0.00229798, 1.7445e-09, 0.00247198, 2.19462e-05, 0.361407, 9.96211e-05, 4.88191e-07, 2.05535e-10, 4.78608e-12, 4.76607e-10, 1.21249e-10, 6.25346e-08, 0.362572, 0.158565, 1173, 1173, 0.0931299, 0.0556364, 7.81345e-18, 0.0523156, 0.355178, 0.443732, 8.06114e-06, 0.270129, 0.00233277, 1.75075e-09, 0.00248589, 2.23589e-05, 0.361992, 0.000100654, 4.83626e-07, 2.05518e-10, 4.81401e-12, 4.78203e-10, 1.22026e-10, 6.34118e-08, 0.362937, 0.157217, 1173, 1173, 0.0937108, 0.0561087, 8.33082e-18, 0.0543943, 0.347481, 0.448297, 8.18319e-06, 0.267805, 0.00241456, 1.76575e-09, 0.00251729, 2.3339e-05, 0.363358, 0.000103048, 4.73402e-07, 2.05479e-10, 4.88142e-12, 4.82059e-10, 1.23885e-10, 6.54709e-08, 0.363779, 0.14704, 1173, 1173, 0.0949748, 0.0570102, 9.38003e-18, 0.0581054, 0.333449, 0.456452, 8.39875e-06, 0.263461, 0.0025729, 1.79716e-09, 0.00257396, 2.52667e-05, 0.365921, 0.000107564, 4.55273e-07, 2.05386e-10, 5.02127e-12, 4.90284e-10, 1.27686e-10, 6.94342e-08, 0.365337, 0.0206708, 0.0389825, 1173, 
0.00473684, 1.00018e+06, 1.00018e+06, 1.00018e+06, 1.00014e+06, 0.161178, 1173, 1173, 0.0811004, 0.0630821, 6.36009e-18, 0.0541683, 0.376849, 0.424792, 7.95853e-06, 0.269708, 0.00204023, 1.47782e-09, 0.00230675, 2.21732e-05, 0.37403, 9.06769e-05, 5.89008e-07, 2.32657e-10, 4.14268e-12, 4.05592e-10, 1.01756e-10, 6.47713e-08, 0.351802, 0.160431, 1173, 1173, 0.081308, 0.0634047, 6.57129e-18, 0.055317, 0.372806, 0.427157, 8.02494e-06, 0.268524, 0.00207589, 1.48307e-09, 0.00232189, 2.26761e-05, 0.374811, 9.17658e-05, 5.83007e-07, 2.3282e-10, 4.16435e-12, 4.06808e-10, 1.02415e-10, 6.58842e-08, 0.352152, 0.158834, 1173, 1173, 0.0818277, 0.0640989, 7.06091e-18, 0.057893, 0.363931, 0.432241, 8.16872e-06, 0.265914, 0.00215673, 1.49595e-09, 0.00235488, 2.38169e-05, 0.376502, 9.41976e-05, 5.69892e-07, 2.3308e-10, 4.2167e-12, 4.09854e-10, 1.03983e-10, 6.83705e-08, 0.352955, 0.147718, 1173, 1173, 0.0828877, 0.0653813, 7.9989e-18, 0.062279, 0.34867, 0.440773, 8.41015e-06, 0.261287, 0.00230448, 1.52117e-09, 0.00241062, 2.59551e-05, 0.379545, 9.8516e-05, 5.48253e-07, 2.33597e-10, 4.3206e-12, 4.16002e-10, 1.07001e-10, 7.29317e-08, 0.354328, 0.0206708, 0.0507552, 1173, 
0.00578947, 1.00017e+06, 1.00017e+06, 1.00017e+06, 1.00013e+06, 0.162358, 1173, 1173, 0.0718376, 0.0696239, 5.64982e-18, 0.0566907, 0.388781, 0.413059, 7.95759e-06, 0.267905, 0.00188062, 1.28017e-09, 0.00219357, 2.25586e-05, 0.383864, 8.48956e-05, 6.74457e-07, 2.55064e-10, 3.70766e-12, 3.53466e-10, 8.80199e-11, 6.69301e-08, 0.344048, 0.161509, 1173, 1173, 0.0720132, 0.0700487, 5.85687e-18, 0.0580548, 0.384242, 0.415633, 8.03344e-06, 0.266599, 0.00191657, 1.28456e-09, 0.00220941, 2.31301e-05, 0.384778, 8.6012e-05, 6.67155e-07, 2.55369e-10, 3.7236e-12, 3.54363e-10, 8.8573e-11, 6.82239e-08, 0.344387, 0.159706, 1173, 1173, 0.0724121, 0.0709796, 6.32441e-18, 0.0610631, 0.374549, 0.420988, 8.19431e-06, 0.263771, 0.00199571, 1.2944e-09, 0.0022426, 2.4405e-05, 0.386762, 8.84266e-05, 6.51965e-07, 2.56018e-10, 3.76051e-12, 3.56421e-10, 8.98136e-11, 7.1071e-08, 0.345115, 0.14316, 1173, 1173, 0.0732495, 0.0726063, 7.19288e-18, 0.0660175, 0.358428, 0.42969, 8.45567e-06, 0.258945, 0.00213614, 1.31397e-09, 0.00229701, 2.67185e-05, 0.39016, 9.25878e-05, 6.27483e-07, 2.57083e-10, 3.83518e-12, 3.60781e-10, 9.21899e-11, 7.61171e-08, 0.346342, 0.0206708, 0.0629895, 1173, 
0.00684211, 1.00016e+06, 1.00016e+06, 1.00015e+06, 1.00012e+06, 0.162975, 1173, 1173, 0.0642374, 0.0753711, 5.21698e-18, 0.0591865, 0.396432, 0.404765, 7.99311e-06, 0.265909, 0.00177645, 1.12518e-09, 0.00211281, 2.30682e-05, 0.391922, 8.09777e-05, 7.46734e-07, 2.74058e-10, 3.38855e-12, 3.12805e-10, 7.76352e-11, 6.91106e-08, 0.338175, 0.162038, 1173, 1173, 0.0643561, 0.0759062, 5.42088e-18, 0.0607457, 0.391535, 0.407449, 8.07629e-06, 0.264504, 0.00181225, 1.12829e-09, 0.00212876, 2.37001e-05, 0.392963, 8.20979e-05, 7.38533e-07, 2.74545e-10, 3.3984e-12, 3.13293e-10, 7.80606e-11, 7.0564e-08, 0.338485, 0.160094, 1173, 1173, 0.0646565, 0.0770262, 5.87778e-18, 0.0641129, 0.381229, 0.412968, 8.24986e-06, 0.261528, 0.00189028, 1.13585e-09, 0.00216197, 2.50851e-05, 0.395138, 8.44979e-05, 7.21411e-07, 2.75461e-10, 3.42294e-12, 3.14609e-10, 7.90474e-11, 7.36982e-08, 0.339171, 0.142562, 1173, 1173, 0.0652878, 0.0789466, 6.71033e-18, 0.0695619, 0.36447, 0.421725, 8.52672e-06, 0.256559, 0.00202581, 1.1507e-09, 0.00221506, 2.75514e-05, 0.398787, 8.85421e-05, 6.94493e-07, 2.76954e-10, 3.47406e-12, 3.1751e-10, 8.09088e-11, 7.9147e-08, 0.340296, 0.0206708, 0.0755098, 1173, 
0.00789474, 1.00015e+06, 1.00014e+06, 1.00014e+06, 1.00011e+06, 0.163104, 1173, 1173, 0.0578209, 0.0805546, 4.95378e-18, 0.0617735, 0.40096, 0.398883, 8.05391e-06, 0.263769, 0.00170723, 9.9894e-10, 0.00205364, 2.3694e-05, 0.398812, 7.82651e-05, 8.07877e-07, 2.90544e-10, 3.1405e-12, 2.79754e-10, 6.94014e-11, 7.13885e-08, 0.333556, 0.162111, 1173, 1173, 0.0578913, 0.0811777, 5.15446e-18, 0.0634991, 0.395792, 0.401632, 8.14303e-06, 0.262295, 0.00174298, 1.00104e-09, 0.00206962, 2.43772e-05, 0.399937, 7.93874e-05, 7.98839e-07, 2.91156e-10, 3.14526e-12, 2.7992e-10, 6.97227e-11, 7.29723e-08, 0.333851, 0.16006, 1173, 1173, 0.0580787, 0.0824701, 5.59689e-18, 0.0671912, 0.38503, 0.407222, 8.32724e-06, 0.259206, 0.00182016, 1.00623e-09, 0.00210249, 2.58618e-05, 0.402264, 8.17676e-05, 7.80165e-07, 2.92307e-10, 3.1584e-12, 2.80503e-10, 7.04675e-11, 7.63566e-08, 0.334499, 0.137118, 1173, 1173, 0.0585069, 0.0846399, 6.40589e-18, 0.0730931, 0.36779, 0.415961, 8.61711e-06, 0.254132, 0.0019525, 1.01681e-09, 0.00215432, 2.84695e-05, 0.406091, 8.57254e-05, 7.51117e-07, 2.94115e-10, 3.18938e-12, 2.82119e-10, 7.18864e-11, 8.21548e-08, 0.335555, 0.0206708, 0.088187, 1173, 
0.00894737, 1.00013e+06, 1.00013e+06, 1.00013e+06, 1.0001e+06, 0.162921, 1173, 1173, 0.0523, 0.0852321, 4.80142e-18, 0.0644441, 0.403159, 0.394857, 8.13769e-06, 0.261576, 0.00166227, 8.93596e-10, 0.00201049, 2.44095e-05, 0.404767, 7.64123e-05, 8.5864e-07, 3.04856e-10, 2.93875e-12, 2.52163e-10, 6.26585e-11, 7.37449e-08, 0.329882, 0.161878, 1173, 1173, 0.0523208, 0.0859363, 5.00107e-18, 0.0663241, 0.39778, 0.397631, 8.2314e-06, 0.260046, 0.00169803, 8.94711e-10, 0.00202634, 2.51406e-05, 0.405963, 7.75335e-05, 8.48946e-07, 3.05577e-10, 2.93894e-12, 2.52027e-10, 6.28834e-11, 7.54452e-08, 0.330163, 0.159751, 1173, 1173, 0.0524061, 0.0873748, 5.44373e-18, 0.0703133, 0.386663, 0.403234, 8.42375e-06, 0.256871, 0.00177481, 8.97862e-10, 0.00205878, 2.67172e-05, 0.408401, 7.9899e-05, 8.28939e-07, 3.06898e-10, 2.94238e-12, 2.5199e-10, 6.34225e-11, 7.90482e-08, 0.330787, 0.135903, 1173, 1173, 0.0526644, 0.0897412, 6.2355e-18, 0.0766276, 0.369054, 0.411904, 8.72391e-06, 0.251725, 0.00190533, 9.05044e-10, 0.00210947, 2.94561e-05, 0.412337, 8.37974e-05, 7.97952e-07, 3.08885e-10, 2.95698e-12, 2.52592e-10, 6.4487e-11, 8.51465e-08, 0.331809, 0.0206708, 0.100924, 1173, 
0.01, 1.00012e+06, 1.00012e+06, 1.00012e+06, 1.00009e+06, 0.162413, 1173, 1173, 0.0474374, 0.089595, 4.72831e-18, 0.067299, 0.403495, 0.392165, 8.23651e-06, 0.259287, 0.00163447, 8.03083e-10, 0.00197848, 2.52296e-05, 0.410137, 7.51649e-05, 9.01182e-07, 3.17653e-10, 2.76745e-12, 2.28399e-10, 5.69409e-11, 7.62535e-08, 0.326861, 0.161347, 1173, 1173, 0.0474185, 0.0903554, 4.93015e-18, 0.0693138, 0.397956, 0.394948, 8.33415e-06, 0.257722, 0.00167041, 8.03451e-10, 0.00199423, 2.60033e-05, 0.411368, 7.62887e-05, 8.90801e-07, 3.18415e-10, 2.7638e-12, 2.28032e-10, 5.70882e-11, 7.80504e-08, 0.327142, 0.159171, 1173, 1173, 0.0474136, 0.0919012, 5.374e-18, 0.0735712, 0.386569, 0.400537, 8.53384e-06, 0.25449, 0.00174725, 8.04891e-10, 0.00202628, 2.76647e-05, 0.413866, 7.86483e-05, 8.69485e-07, 3.19801e-10, 2.75885e-12, 2.27481e-10, 5.74528e-11, 8.18408e-08, 0.327763, 0.130025, 1173, 1173, 0.0475049, 0.0944195, 6.15502e-18, 0.0802809, 0.368671, 0.409115, 8.84342e-06, 0.249294, 0.00187709, 8.08911e-10, 0.00207602, 3.05323e-05, 0.417861, 8.25123e-05, 8.3665e-07, 3.21846e-10, 2.7588e-12, 2.27161e-10, 5.81997e-11, 8.82107e-08, 0.328777, 0.0206708, 0.113642, 1173, 
0.0110526, 1.00011e+06, 1.00011e+06, 1.00011e+06, 1.00008e+06, 0.161731, 1173, 1173, 0.0431541, 0.0935437, 4.71781e-18, 0.070238, 0.402395, 0.39066, 8.35255e-06, 0.257016, 0.00162057, 7.25155e-10, 0.00195628, 2.61173e-05, 0.414864, 7.44235e-05, 9.34949e-07, 3.28743e-10, 2.61871e-12, 2.07857e-10, 5.20532e-11, 7.8828e-08, 0.324442, 0.160638, 1173, 1173, 0.0430897, 0.0943637, 4.92396e-18, 0.0723905, 0.396723, 0.393424, 8.45344e-06, 0.255415, 0.00165677, 7.24688e-10, 0.00197179, 2.69349e-05, 0.416135, 7.55482e-05, 9.24103e-07, 3.29559e-10, 2.61142e-12, 2.07245e-10, 5.2122e-11, 8.07206e-08, 0.324718, 0.158419, 1173, 1173, 0.0429891, 0.0960156, 5.37183e-18, 0.0769206, 0.385112, 0.398954, 8.65899e-06, 0.252127, 0.001734, 7.24366e-10, 0.0020033, 2.86838e-05, 0.418694, 7.79039e-05, 9.01816e-07, 3.31011e-10, 2.59874e-12, 2.06182e-10, 5.23185e-11, 8.46947e-08, 0.325335, 0.128529, 1173, 1173, 0.042925, 0.0986628, 6.16793e-18, 0.0840252, 0.366978, 0.4074, 8.97579e-06, 0.246886, 0.00186401, 7.25527e-10, 0.00205206, 3.1682e-05, 0.422731, 8.17484e-05, 8.67426e-07, 3.33057e-10, 2.58589e-12, 2.05042e-10, 5.2785e-11, 9.13207e-08, 0.326353, 0.0206708, 0.126281, 1173, 
0.0121053, 1.0001e+06, 1.0001e+06, 1.00009e+06, 1.00007e+06, 0.160803, 1173, 1173, 0.0392485, 0.0973506, 4.75635e-18, 0.0734448, 0.400011, 0.389937, 8.47836e-06, 0.25463, 0.00161692, 6.55346e-10, 0.00194028, 2.71188e-05, 0.41932, 7.40351e-05, 9.6287e-07, 3.38943e-10, 2.48371e-12, 1.89358e-10, 4.7692e-11, 8.1607e-08, 0.32239, 0.159704, 1173, 1173, 0.0391522, 0.0981992, 4.96674e-18, 0.075717, 0.394241, 0.392682, 8.58211e-06, 0.253013, 0.00165361, 6.54321e-10, 0.00195569, 2.7976e-05, 0.420595, 7.51672e-05, 9.5141e-07, 3.39726e-10, 2.47342e-12, 1.88579e-10, 4.77016e-11, 8.3577e-08, 0.322678, 0.157471, 1173, 1173, 0.0389859, 0.0998948, 5.42503e-18, 0.080482, 0.382468, 0.39816, 8.79288e-06, 0.249705, 0.00173174, 6.52844e-10, 0.00198693, 2.98035e-05, 0.423145, 7.75344e-05, 9.2787e-07, 3.41073e-10, 2.45449e-12, 1.87176e-10, 4.7774e-11, 8.76975e-08, 0.323323, 0.122476, 1173, 1173, 0.0388035, 0.102592, 6.23557e-18, 0.0879391, 0.364174, 0.406482, 9.1166e-06, 0.244458, 0.00186284, 6.51907e-10, 0.00203507, 3.2923e-05, 0.427143, 8.1384e-05, 8.91673e-07, 3.42913e-10, 2.43104e-12, 1.85438e-10, 4.80205e-11, 9.45338e-08, 0.324386, 0.0206708, 0.138786, 1173, 
0.0131579, 1.00008e+06, 1.00008e+06, 1.00008e+06, 1.00006e+06, 0.159799, 1173, 1173, 0.035808, 0.100706, 4.84044e-18, 0.0766679, 0.39671, 0.3901, 8.61803e-06, 0.252339, 0.0016231, 5.94976e-10, 0.0019316, 2.81605e-05, 0.423185, 7.40107e-05, 9.82584e-07, 3.47467e-10, 2.36257e-12, 1.73251e-10, 4.39146e-11, 8.43909e-08, 0.320818, 0.158687, 1173, 1173, 0.0356717, 0.101595, 5.05524e-18, 0.0790707, 0.390851, 0.392803, 8.72416e-06, 0.250697, 0.00166036, 5.9325e-10, 0.00194676, 2.90612e-05, 0.42448, 7.51483e-05, 9.70781e-07, 3.48252e-10, 2.34938e-12, 1.72275e-10, 4.38599e-11, 8.64444e-08, 0.32111, 0.156433, 1173, 1173, 0.0354179, 0.103362, 5.52713e-18, 0.0841011, 0.378929, 0.398182, 8.93932e-06, 0.247348, 0.00173959, 5.90231e-10, 0.00197744, 3.09774e-05, 0.427059, 7.75244e-05, 9.46531e-07, 3.49575e-10, 2.32414e-12, 1.70442e-10, 4.37912e-11, 9.07282e-08, 0.321766, 0.120893, 1173, 1173, 0.0350965, 0.106131, 6.3579e-18, 0.0919532, 0.360483, 0.406328, 9.2682e-06, 0.24207, 0.00187235, 5.86849e-10, 0.00202471, 3.42322e-05, 0.431056, 8.13836e-05, 9.09105e-07, 3.51271e-10, 2.29035e-12, 1.6803e-10, 4.38075e-11, 9.77928e-08, 0.32286, 0.0206708, 0.151116, 1173, 
0.0142105, 1.00007e+06, 1.00007e+06, 1.00007e+06, 1.00005e+06, 0.158571, 1173, 1173, 0.0325161, 0.104122, 4.96219e-18, 0.0803099, 0.392367, 0.390676, 8.7656e-06, 0.249857, 0.00163632, 5.37913e-10, 0.00192598, 2.93526e-05, 0.427059, 7.42032e-05, 9.9891e-07, 3.55716e-10, 2.24513e-12, 1.57929e-10, 4.03353e-11, 8.74797e-08, 0.319417, 0.157466, 1173, 1173, 0.0323614, 0.105008, 5.18545e-18, 0.0828175, 0.386457, 0.393347, 8.87372e-06, 0.248216, 0.00167437, 5.35887e-10, 0.00194109, 3.02905e-05, 0.428326, 7.53548e-05, 9.86473e-07, 3.56383e-10, 2.22975e-12, 1.56865e-10, 4.02418e-11, 8.95925e-08, 0.319736, 0.155223, 1173, 1173, 0.0320669, 0.106757, 5.67329e-18, 0.0880577, 0.374457, 0.398652, 9.09255e-06, 0.244875, 0.00175523, 5.32191e-10, 0.00197164, 3.22821e-05, 0.43084, 7.77577e-05, 9.60963e-07, 3.57442e-10, 2.1999e-12, 1.54839e-10, 4.00885e-11, 9.39891e-08, 0.320447, 0.114824, 1173, 1173, 0.0316748, 0.109477, 6.53249e-18, 0.0962224, 0.35596, 0.406656, 9.4262e-06, 0.239628, 0.00189044, 5.2761e-10, 0.0020186, 3.56525e-05, 0.434715, 8.16523e-05, 9.21709e-07, 3.58689e-10, 2.15855e-12, 1.52096e-10, 3.99598e-11, 1.01208e-07, 0.321629, 0.0206708, 0.163233, 1173, 
0.0152632, 1.00006e+06, 1.00006e+06, 1.00006e+06, 1.00004e+06, 0.157376, 1173, 1173, 0.0297541, 0.106886, 5.12123e-18, 0.083752, 0.387574, 0.392025, 8.92128e-06, 0.247617, 0.00165754, 4.90812e-10, 0.00192711, 3.0522e-05, 0.430186, 7.47047e-05, 1.00651e-06, 3.61878e-10, 2.14181e-12, 1.45156e-10, 3.73554e-11, 9.04071e-08, 0.318507, 0.156264, 1173, 1173, 0.0295565, 0.107802, 5.35328e-18, 0.0863957, 0.381597, 0.394639, 9.03149e-06, 0.245951, 0.00169646, 4.8805e-10, 0.00194194, 3.15066e-05, 0.431469, 7.58669e-05, 9.9388e-07, 3.62526e-10, 2.12381e-12, 1.43894e-10, 3.71998e-11, 9.26011e-08, 0.318832, 0.154014, 1173, 1173, 0.0291752, 0.109601, 5.86105e-18, 0.0919094, 0.369489, 0.399816, 9.25391e-06, 0.242572, 0.0017791, 4.82856e-10, 0.00197191, 3.35926e-05, 0.434002, 7.82901e-05, 9.67946e-07, 3.63511e-10, 2.08851e-12, 1.41469e-10, 3.69179e-11, 9.71531e-08, 0.319562, 0.113287, 1173, 1173, 0.0286494, 0.11236, 6.75348e-18, 0.100487, 0.350896, 0.407598, 9.59175e-06, 0.237293, 0.00191714, 4.75962e-10, 0.00201796, 3.7108e-05, 0.437864, 8.22139e-05, 9.27911e-07, 3.64544e-10, 2.03838e-12, 1.38113e-10, 3.65836e-11, 1.04587e-07, 0.320787, 0.0206708, 0.175109, 1173, 
0.0163158, 1.00005e+06, 1.00005e+06, 1.00005e+06, 1.00003e+06, 0.155896, 1173, 1173, 0.0267981, 0.110076, 5.32187e-18, 0.0879964, 0.381624, 0.393496, 9.09185e-06, 0.244979, 0.00168469, 4.40735e-10, 0.00192858, 3.19477e-05, 0.433737, 7.53429e-05, 1.01378e-06, 3.68704e-10, 2.02981e-12, 1.31518e-10, 3.41673e-11, 9.39e-08, 0.317562, 0.154807, 1173, 1173, 0.0266041, 0.110949, 5.56466e-18, 0.090722, 0.375649, 0.396066, 9.2025e-06, 0.243335, 0.00172466, 4.38051e-10, 0.00194342, 3.29652e-05, 0.434957, 7.65242e-05, 1.00046e-06, 3.69135e-10, 2.0106e-12, 1.30277e-10, 3.39991e-11, 9.61289e-08, 0.31793, 0.152597, 1173, 1173, 0.0262305, 0.112648, 6.09423e-18, 0.0963929, 0.363566, 0.401154, 9.42588e-06, 0.240004, 0.00180951, 4.33009e-10, 0.00197344, 3.51164e-05, 0.43735, 7.8987e-05, 9.73129e-07, 3.69657e-10, 1.97286e-12, 1.27894e-10, 3.36912e-11, 1.00742e-07, 0.318747, 0.107287, 1173, 1173, 0.0257021, 0.115239, 7.02526e-18, 0.105211, 0.34505, 0.408788, 9.76523e-06, 0.234808, 0.00195116, 4.26086e-10, 0.00201954, 3.8734e-05, 0.440994, 8.29726e-05, 9.31107e-07, 3.69964e-10, 1.91849e-12, 1.24542e-10, 3.32987e-11, 1.08256e-07, 0.320105, 0.0206708, 0.186708, 1173, 
0.0173684, 1.00004e+06, 1.00004e+06, 1.00003e+06, 1.00002e+06, 0.154651, 1173, 1173, 0.0247158, 0.112148, 5.54273e-18, 0.0914383, 0.376017, 0.395672, 9.25112e-06, 0.242911, 0.00171743, 4.06049e-10, 0.00193714, 3.31808e-05, 0.436102, 7.624e-05, 1.01099e-06, 3.72467e-10, 1.94386e-12, 1.21911e-10, 3.19246e-11, 9.6805e-08, 0.317222, 0.153555, 1173, 1173, 0.0244693, 0.113051, 5.79847e-18, 0.0943177, 0.369966, 0.398187, 9.3648e-06, 0.241234, 0.0017587, 4.02475e-10, 0.00195177, 3.4252e-05, 0.437344, 7.74413e-05, 9.97585e-07, 3.72876e-10, 1.92198e-12, 1.20435e-10, 3.16883e-11, 9.91225e-08, 0.317599, 0.151328, 1173, 1173, 0.0239813, 0.114807, 6.35636e-18, 0.100312, 0.35775, 0.40314, 9.59343e-06, 0.237842, 0.00184622, 3.95486e-10, 0.00198124, 3.65151e-05, 0.439779, 7.99418e-05, 9.70136e-07, 3.73343e-10, 1.87841e-12, 1.17544e-10, 3.12306e-11, 1.03913e-07, 0.318434, 0.105912, 1173, 1173, 0.0232768, 0.117454, 7.33547e-18, 0.109631, 0.339106, 0.410521, 9.93844e-06, 0.232575, 0.00199206, 3.85543e-10, 0.00202633, 4.03059e-05, 0.443453, 8.39785e-05, 9.27908e-07, 3.73488e-10, 1.8147e-12, 1.1341e-10, 3.05987e-11, 1.11674e-07, 0.319829, 0.0206708, 0.198026, 1173, 
0.0184211, 1.00002e+06, 1.00002e+06, 1.00002e+06, 1.00002e+06, 0.152864, 1173, 1173, 0.0217995, 0.115287, 5.84369e-18, 0.0966894, 0.36829, 0.397924, 9.45767e-06, 0.239961, 0.00176022, 3.57478e-10, 0.00194458, 3.49596e-05, 0.439579, 7.73323e-05, 1.0103e-06, 3.7824e-10, 1.82481e-12, 1.08506e-10, 2.87618e-11, 1.0094e-07, 0.316642, 0.151811, 1173, 1173, 0.0215792, 0.116114, 6.11111e-18, 0.0996153, 0.362335, 0.400347, 9.56893e-06, 0.238331, 0.00180245, 3.54339e-10, 0.00195904, 3.6055e-05, 0.440725, 7.85447e-05, 9.96366e-07, 3.78365e-10, 1.80282e-12, 1.07159e-10, 2.85375e-11, 1.03257e-07, 0.317066, 0.149674, 1173, 1173, 0.0211619, 0.117683, 6.69431e-18, 0.10567, 0.350338, 0.405137, 9.79257e-06, 0.235048, 0.00189208, 3.48518e-10, 0.00198837, 3.83596e-05, 0.442944, 8.10741e-05, 9.67718e-07, 3.78197e-10, 1.75968e-12, 1.04605e-10, 2.81232e-11, 1.08023e-07, 0.318007, 0.100006, 1173, 1173, 0.0205921, 0.119993, 7.71713e-18, 0.115014, 0.332068, 0.412322, 1.01305e-05, 0.229969, 0.00204163, 3.4081e-10, 0.00203363, 4.22015e-05, 0.446246, 8.517e-05, 9.235e-07, 3.77282e-10, 1.69773e-12, 1.01105e-10, 2.75892e-11, 1.15706e-07, 0.319581, 0.0206708, 0.209011, 1173, 
0.0194737, 1.00001e+06, 1.00001e+06, 1.00001e+06, 1.00001e+06, 0.151848, 1173, 1173, 0.0205757, 0.116502, 6.07954e-18, 0.0994254, 0.363211, 0.400276, 9.58757e-06, 0.238367, 0.00179589, 3.37502e-10, 0.00195661, 3.60431e-05, 0.441033, 7.8353e-05, 1.00123e-06, 3.79683e-10, 1.7667e-12, 1.02802e-10, 2.74283e-11, 1.03349e-07, 0.316732, 0.150772, 1173, 1173, 0.0203068, 0.117343, 6.36649e-18, 0.102524, 0.357101, 0.402716, 9.70413e-06, 0.236689, 0.00184037, 3.33565e-10, 0.00197133, 3.72023e-05, 0.442198, 7.96153e-05, 9.8688e-07, 3.79732e-10, 1.74215e-12, 1.01239e-10, 2.71451e-11, 1.05771e-07, 0.317183, 0.148576, 1173, 1173, 0.019755, 0.118965, 6.993e-18, 0.108989, 0.344775, 0.407506, 9.93913e-06, 0.233292, 0.00193484, 3.25509e-10, 0.00200099, 3.96527e-05, 0.444479, 8.22447e-05, 9.57607e-07, 3.79457e-10, 1.6924e-12, 9.80872e-11, 2.6569e-11, 1.10775e-07, 0.31817, 0.0989318, 1173, 1173, 0.0188847, 0.121401, 8.09377e-18, 0.119142, 0.326006, 0.414556, 1.02946e-05, 0.228013, 0.00209227, 3.12758e-10, 0.00204601, 4.37555e-05, 0.447921, 8.64818e-05, 9.12943e-07, 3.78461e-10, 1.61639e-12, 9.3251e-11, 2.5671e-11, 1.18866e-07, 0.319796, 0.0206708, 0.219709, 1173, 
0.0205263, 1e+06, 1e+06, 1e+06, 1e+06, 0.149391, 1173, 1173, 0.0172806, 0.119769, 6.60536e-18, 0.106976, 0.351827, 0.404138, 9.88383e-06, 0.234574, 0.0018717, 2.83418e-10, 0.00197525, 3.8618e-05, 0.444761, 8.03697e-05, 9.87376e-07, 3.84113e-10, 1.61763e-12, 8.76235e-11, 2.37978e-11, 1.0898e-07, 0.316698, 0.148383, 1173, 1173, 0.0170226, 0.120523, 6.90666e-18, 0.110129, 0.345955, 0.406361, 9.99559e-06, 0.232966, 0.00191688, 2.79615e-10, 0.00198916, 3.97996e-05, 0.445821, 8.162e-05, 9.73162e-07, 3.83883e-10, 1.5929e-12, 8.61322e-11, 2.35072e-11, 1.11373e-07, 0.317184, 0.146351, 1173, 1173, 0.0165364, 0.121927, 7.55683e-18, 0.116585, 0.334257, 0.410683, 1.02166e-05, 0.229757, 0.00201174, 2.72534e-10, 0.00201702, 4.2256e-05, 0.447846, 8.41988e-05, 9.44337e-07, 3.83006e-10, 1.54473e-12, 8.33191e-11, 2.29636e-11, 1.1623e-07, 0.318241, 0.0929874, 1173, 1173, 0.0159474, 0.12389, 8.66943e-18, 0.126256, 0.316873, 0.417022, 1.05385e-05, 0.224916, 0.00216655, 2.64253e-10, 0.00205927, 4.62385e-05, 0.450754, 8.82884e-05, 9.00675e-07, 3.80973e-10, 1.47914e-12, 7.98089e-11, 2.23204e-11, 1.23837e-07, 0.319968, 0.0206708, 0.229974, 1173, 
