z, Velocity_0, GasTemperature_0, SolidTemperature_0, CH4_0, CO_0, O2_0, CO2_0, H2_0, H2O_0, AR_0, H(s)_0, O(s)_0, CH4(s)_0, H2O(s)_0, CO2(s)_0, CO(s)_0, OH(s)_0, C(s)_0, HCO(s)_0, CH(s)_0, CH3(s)_0, CH2(s)_0, COOH(s)_0, Ni(s)_0, Velocity_1, GasTemperature_1, SolidTemperature_1, CH4_1, CO_1, O2_1, CO2_1, H2_1, H2O_1, AR_1, H(s)_1, O(s)_1, CH4(s)_1, H2O(s)_1, CO2(s)_1, CO(s)_1, OH(s)_1, C(s)_1, HCO(s)_1, CH(s)_1, CH3(s)_1, CH2(s)_1, COOH(s)_1, Ni(s)_1, Velocity_2, GasTemperature_2, SolidTemperature_2, CH4_2, CO_2, O2_2, CO2_2, H2_2, H2O_2, AR_2, H(s)_2, O(s)_2, CH4(s)_2, H2O(s)_2, CO2(s)_2, CO(s)_2, OH(s)_2, C(s)_2, HCO(s)_2, CH(s)_2, CH3(s)_2, CH2(s)_2, COOH(s)_2, Ni(s)_2, Velocity_3, GasTemperature_3, SolidTemperature_3, CH4_3, CO_3, O2_3, CO2_3, H2_3, H2O_3, AR_3, H(s)_3, O(s)_3, CH4(s)_3, H2O(s)_3, CO2(s)_3, CO(s)_3, OH(s)_3, C(s)_3, HCO(s)_3, CH(s)_3, CH3(s)_3, CH2(s)_3, COOH(s)_3, Ni(s)_3, Velocity_4, GasTemperature_4, SolidTemperature_4, CH4_4, CO_4, O2_4, CO2_4, H2_4, H2O_4, AR_4, H(s)_4, O(s)_4, CH4(s)_4, H2O(s)_4, CO2(s)_4, CO(s)_4, OH(s)_4, C(s)_4, HCO(s)_4, CH(s)_4, CH3(s)_4, CH2(s)_4, COOH(s)_4, Ni(s)_4, Velocity_5, GasTemperature_5, SolidTemperature_5, CH4_5, CO_5, O2_5, CO2_5, H2_5, H2O_5, AR_5, H(s)_5, O(s)_5, CH4(s)_5, H2O(s)_5, CO2(s)_5, CO(s)_5, OH(s)_5, C(s)_5, HCO(s)_5, CH(s)_5, CH3(s)_5, CH2(s)_5, COOH(s)_5, Ni(s)_5, Velocity_6, GasTemperature_6, SolidTemperature_6, CH4_6, CO_6, O2_6, CO2_6, H2_6, H2O_6, AR_6, H(s)_6, O(s)_6, CH4(s)_6, H2O(s)_6, CO2(s)_6, CO(s)_6, OH(s)_6, C(s)_6, HCO(s)_6, CH(s)_6, CH3(s)_6, CH2(s)_6, COOH(s)_6, Ni(s)_6, Velocity_7, GasTemperature_7, SolidTemperature_7, CH4_7, CO_7, O2_7, CO2_7, H2_7, H2O_7, AR_7, H(s)_7, O(s)_7, CH4(s)_7, H2O(s)_7, CO2(s)_7, CO(s)_7, OH(s)_7, C(s)_7, HCO(s)_7, CH(s)_7, CH3(s)_7, CH2(s)_7, COOH(s)_7, Ni(s)_7, Velocity_8, GasTemperature_8, SolidTemperature_8, CH4_8, CO_8, O2_8, CO2_8, H2_8, H2O_8, AR_8, H(s)_8, O(s)_8, CH4(s)_8, H2O(s)_8, CO2(s)_8, CO(s)_8, OH(s)_8, C(s)_8, HCO(s)_8, CH(s)_8, CH3(s)_8, CH2(s)_8, COOH(s)_8, Ni(s)_8, Velocity_9, GasTemperature_9, SolidTemperature_9, CH4_9, CO_9, O2_9, CO2_9, H2_9, H2O_9, AR_9, H(s)_9, O(s)_9, CH4(s)_9, H2O(s)_9, CO2(s)_9, CO(s)_9, OH(s)_9, C(s)_9, HCO(s)_9, CH(s)_9, CH3(s)_9, CH2(s)_9, COOH(s)_9, Ni(s)_9, Annular_Density, Annular_Velocity, Annular_Temperature, 
0.000526316, 0.142008, 1173, 1173, 0.179677, 0.0330036, 9.86723e-17, 0.0811334, 0.024633, 0.681687, 2.27845e-05, 0.256474, 0.0075033, 4.25069e-09, 0.00428, 2.36502e-05, 0.260471, 0.000236858, 8.38266e-08, 6.42906e-11, 1.47175e-11, 1.22601e-09, 3.79407e-10, 4.91442e-08, 0.471011, 0.142021, 1173, 1173, 0.179148, 0.0328999, 9.83344e-17, 0.0808599, 0.0245616, 0.679657, 2.27159e-05, 0.256486, 0.00750282, 4.25085e-09, 0.00428003, 2.36446e-05, 0.260453, 0.000236851, 8.38197e-08, 6.42827e-11, 1.47175e-11, 1.22605e-09, 3.7941e-10, 4.91344e-08, 0.471017, 0.142028, 1173, 1173, 0.179306, 0.0329203, 9.83735e-17, 0.0808756, 0.0245861, 0.680231, 2.27338e-05, 0.256507, 0.00750177, 4.251e-09, 0.00428003, 2.36357e-05, 0.260428, 0.000236834, 8.38136e-08, 6.42727e-11, 1.4717e-11, 1.22607e-09, 3.79402e-10, 4.91193e-08, 0.471022, 0.142037, 1173, 1173, 0.179764, 0.0329972, 9.86138e-17, 0.0810196, 0.0246526, 0.681949, 2.279e-05, 0.256529, 0.00750045, 4.25108e-09, 0.00427998, 2.36266e-05, 0.260406, 0.000236812, 8.38118e-08, 6.4265e-11, 1.47161e-11, 1.22607e-09, 3.79383e-10, 4.91045e-08, 0.471024, 0.142039, 1173, 1173, 0.179757, 0.0329865, 9.85874e-17, 0.0809514, 0.0246522, 0.681907, 2.27878e-05, 0.256543, 0.00750027, 4.25134e-09, 0.00428014, 2.36202e-05, 0.260381, 0.000236814, 8.37971e-08, 6.42526e-11, 1.47166e-11, 1.22615e-09, 3.79399e-10, 4.90927e-08, 0.471035, 0.142038, 1173, 1173, 0.179794, 0.03299, 9.86583e-17, 0.0809454, 0.0246508, 0.682069, 2.27941e-05, 0.256524, 0.00750277, 4.25166e-09, 0.00428061, 2.36266e-05, 0.260379, 0.000236866, 8.37709e-08, 6.42441e-11, 1.47196e-11, 1.22629e-09, 3.79469e-10, 4.91007e-08, 0.471053, 0.142008, 1173, 1173, 0.179204, 0.0328936, 9.8504e-17, 0.0807678, 0.0245481, 0.679936, 2.27272e-05, 0.256432, 0.00751109, 4.25211e-09, 0.00428172, 2.36622e-05, 0.26043, 0.000237028, 8.37225e-08, 6.42466e-11, 1.47278e-11, 1.22659e-09, 3.79656e-10, 4.91538e-08, 0.471084, 0.141952, 1173, 1173, 0.17944, 0.0329888, 9.91452e-17, 0.0812103, 0.0245308, 0.68111, 2.27774e-05, 0.256192, 0.00752994, 4.25241e-09, 0.00428377, 2.37588e-05, 0.260614, 0.000237382, 8.36569e-08, 6.42871e-11, 1.47446e-11, 1.22705e-09, 3.80028e-10, 4.93044e-08, 0.47112, 0.141837, 1173, 1173, 0.179072, 0.0330484, 9.99211e-17, 0.0818092, 0.0243792, 0.680254, 2.27707e-05, 0.255677, 0.00756781, 4.25262e-09, 0.00428738, 2.39699e-05, 0.26105, 0.000238079, 8.35707e-08, 6.44042e-11, 1.47776e-11, 1.22786e-09, 3.80752e-10, 4.96389e-08, 0.471156, 0.1438, 1173, 1173, 0.178766, 0.0332852, 1.01644e-16, 0.083044, 0.0241441, 0.680033, 2.28011e-05, 0.254641, 0.00763868, 4.25219e-09, 0.00429291, 2.44078e-05, 0.262028, 0.000239345, 8.35194e-08, 6.471e-11, 1.4838e-11, 1.22915e-09, 3.82063e-10, 5.03436e-08, 0.471135, 0.0206708, 0.01, 1173, 
0.00157895, 0.150836, 1173, 1173, 0.144342, 0.0656003, 3.52328e-17, 0.126865, 0.0387631, 0.622821, 2.27549e-05, 0.269862, 0.00375945, 2.78448e-09, 0.00318857, 2.22884e-05, 0.316598, 0.000144714, 2.33098e-07, 1.27061e-10, 7.97282e-12, 7.64611e-10, 2.09436e-10, 5.64146e-08, 0.406424, 0.150808, 1173, 1173, 0.144184, 0.0655285, 3.52359e-17, 0.126797, 0.0386976, 0.622182, 2.27333e-05, 0.269813, 0.00376219, 2.78494e-09, 0.00318934, 2.23071e-05, 0.316619, 0.000144784, 2.32983e-07, 1.27052e-10, 7.9758e-12, 7.64758e-10, 2.09509e-10, 5.64482e-08, 0.406449, 0.150769, 1173, 1173, 0.144424, 0.0656346, 3.54615e-17, 0.127158, 0.0387109, 0.623308, 2.27782e-05, 0.269707, 0.00376823, 2.78603e-09, 0.00319104, 2.23474e-05, 0.31666, 0.000144939, 2.32722e-07, 1.27028e-10, 7.98255e-12, 7.65102e-10, 2.09675e-10, 5.65201e-08, 0.406506, 0.150682, 1173, 1173, 0.144428, 0.0656279, 3.55853e-17, 0.127421, 0.0386234, 0.623469, 2.27906e-05, 0.269525, 0.00377867, 2.78796e-09, 0.00319399, 2.24164e-05, 0.316728, 0.000145206, 2.32268e-07, 1.26982e-10, 7.99435e-12, 7.65708e-10, 2.09965e-10, 5.66424e-08, 0.406606, 0.150564, 1173, 1173, 0.144415, 0.0656203, 3.58578e-17, 0.127853, 0.0384829, 0.623657, 2.2808e-05, 0.269233, 0.003795, 2.79082e-09, 0.0031985, 2.25273e-05, 0.316848, 0.000145622, 2.31585e-07, 1.26924e-10, 8.01242e-12, 7.66611e-10, 2.10407e-10, 5.68403e-08, 0.406756, 0.15037, 1173, 1173, 0.14422, 0.0655396, 3.61685e-17, 0.128391, 0.0382251, 0.623179, 2.28068e-05, 0.268786, 0.00381973, 2.79501e-09, 0.00320519, 2.26986e-05, 0.317045, 0.000146249, 2.30586e-07, 1.26851e-10, 8.03955e-12, 7.67942e-10, 2.11069e-10, 5.71466e-08, 0.406976, 0.150101, 1173, 1173, 0.143834, 0.0653831, 3.66344e-17, 0.129135, 0.0378196, 0.622017, 2.27885e-05, 0.268116, 0.00385651, 2.80121e-09, 0.00321492, 2.29566e-05, 0.317347, 0.000147174, 2.29141e-07, 1.26753e-10, 8.07994e-12, 7.69912e-10, 2.12054e-10, 5.76072e-08, 0.407295, 0.149699, 1173, 1173, 0.143776, 0.0653637, 3.75162e-17, 0.130637, 0.0373571, 0.622374, 2.2835e-05, 0.26714, 0.00391106, 2.81085e-09, 0.00322912, 2.33363e-05, 0.317775, 0.000148538, 2.27015e-07, 1.26591e-10, 8.14119e-12, 7.72962e-10, 2.13549e-10, 5.8279e-08, 0.407772, 0.149113, 1173, 1173, 0.143306, 0.0651139, 3.8677e-17, 0.132238, 0.0365805, 0.620935, 2.28248e-05, 0.265734, 0.00399182, 2.82614e-09, 0.00324982, 2.38924e-05, 0.318364, 0.000150544, 2.23904e-07, 1.26319e-10, 8.23489e-12, 7.7778e-10, 2.15842e-10, 5.92509e-08, 0.408485, 0.141826, 1173, 1173, 0.143427, 0.0651002, 4.06157e-17, 0.134517, 0.0356526, 0.621831, 2.29048e-05, 0.263673, 0.00411172, 2.85025e-09, 0.00327951, 2.47314e-05, 0.319265, 0.000153484, 2.19546e-07, 1.25965e-10, 8.37902e-12, 7.85378e-10, 2.19372e-10, 6.07087e-08, 0.409493, 0.0206708, 0.0178514, 1173, 
0.00263158, 0.156051, 1173, 1173, 0.122516, 0.0909476, 2.24265e-17, 0.14818, 0.046855, 0.590821, 2.28045e-05, 0.271874, 0.00274836, 2.13052e-09, 0.00272665, 2.18693e-05, 0.343933, 0.000114421, 3.70943e-07, 1.71745e-10, 5.83675e-12, 5.81168e-10, 1.51524e-10, 5.98507e-08, 0.378581, 0.156002, 1173, 1173, 0.122377, 0.0908467, 2.24552e-17, 0.148214, 0.0467421, 0.590263, 2.27873e-05, 0.27177, 0.00275273, 2.13135e-09, 0.00272823, 2.19105e-05, 0.343984, 0.000114545, 3.70553e-07, 1.7173e-10, 5.84097e-12, 5.81399e-10, 1.51633e-10, 5.99331e-08, 0.378627, 0.155878, 1173, 1173, 0.122391, 0.0908708, 2.25248e-17, 0.148667, 0.0466248, 0.590572, 2.28089e-05, 0.271551, 0.00276178, 2.13299e-09, 0.00273145, 2.19974e-05, 0.344099, 0.000114801, 3.6977e-07, 1.71708e-10, 5.84956e-12, 5.81856e-10, 1.51856e-10, 6.01076e-08, 0.37872, 0.1557, 1173, 1173, 0.122242, 0.0907835, 2.27481e-17, 0.149195, 0.0463719, 0.590235, 2.28112e-05, 0.271198, 0.00277633, 2.13563e-09, 0.00273659, 2.21376e-05, 0.344284, 0.000115211, 3.68524e-07, 1.71674e-10, 5.86339e-12, 5.8259e-10, 1.52214e-10, 6.03888e-08, 0.378867, 0.155429, 1173, 1173, 0.122211, 0.0908062, 2.30266e-17, 0.15022, 0.0460771, 0.590633, 2.28493e-05, 0.27068, 0.00279751, 2.13937e-09, 0.00274393, 2.23445e-05, 0.344565, 0.000115805, 3.66762e-07, 1.71638e-10, 5.88339e-12, 5.83632e-10, 1.5273e-10, 6.08037e-08, 0.379074, 0.155064, 1173, 1173, 0.121919, 0.0906498, 2.34042e-17, 0.151354, 0.0455746, 0.589933, 2.28534e-05, 0.269959, 0.00282716, 2.14466e-09, 0.00275404, 2.2635e-05, 0.344956, 0.000116631, 3.64337e-07, 1.71588e-10, 5.91164e-12, 5.8511e-10, 1.53458e-10, 6.13831e-08, 0.379364, 0.154552, 1173, 1173, 0.121435, 0.0903593, 2.38658e-17, 0.152767, 0.0448636, 0.588437, 2.28371e-05, 0.268982, 0.00286766, 2.15209e-09, 0.00276756, 2.30324e-05, 0.345483, 0.000117751, 3.6109e-07, 1.71513e-10, 5.95089e-12, 5.87184e-10, 1.54468e-10, 6.21707e-08, 0.379758, 0.153891, 1173, 1173, 0.121184, 0.090234, 2.45891e-17, 0.155056, 0.0440641, 0.588147, 2.28792e-05, 0.267686, 0.00292233, 2.16255e-09, 0.0027854, 2.35685e-05, 0.346173, 0.000119251, 3.56802e-07, 1.71393e-10, 6.00524e-12, 5.90111e-10, 1.55865e-10, 6.32229e-08, 0.38029, 0.153038, 1173, 1173, 0.120967, 0.0901045, 2.55778e-17, 0.15792, 0.0430499, 0.587971, 2.29365e-05, 0.26598, 0.00299583, 2.17743e-09, 0.00280875, 2.42905e-05, 0.347073, 0.000121246, 3.51222e-07, 1.71216e-10, 6.08092e-12, 5.94295e-10, 1.57808e-10, 6.46256e-08, 0.380996, 0.145435, 1173, 1173, 0.120412, 0.0897733, 2.68374e-17, 0.160424, 0.0416261, 0.585925, 2.2927e-05, 0.26369, 0.00309446, 2.19817e-09, 0.00283867, 2.52939e-05, 0.348372, 0.00012388, 3.44361e-07, 1.7113e-10, 6.18603e-12, 6.00176e-10, 1.60492e-10, 6.65689e-08, 0.381855, 0.0206708, 0.0275925, 1173, 
0.00368421, 0.159337, 1173, 1173, 0.106277, 0.110891, 1.72158e-17, 0.160981, 0.0517882, 0.567446, 2.28028e-05, 0.271412, 0.0022861, 1.74085e-09, 0.00246675, 2.18287e-05, 0.36132, 9.92583e-05, 4.90151e-07, 2.05711e-10, 4.77341e-12, 4.75651e-10, 1.20887e-10, 6.22953e-08, 0.362393, 0.15925, 1173, 1173, 0.106461, 0.111119, 1.73044e-17, 0.161623, 0.0517922, 0.568645, 2.28585e-05, 0.271263, 0.00229106, 1.74159e-09, 0.00246874, 2.18895e-05, 0.361415, 9.94058e-05, 4.8952e-07, 2.05724e-10, 4.77705e-12, 4.75838e-10, 1.20988e-10, 6.24262e-08, 0.362441, 0.159074, 1173, 1173, 0.106152, 0.110856, 1.73717e-17, 0.161884, 0.0514632, 0.567404, 2.28238e-05, 0.270959, 0.00230132, 1.74323e-09, 0.00247285, 2.20138e-05, 0.361602, 9.97111e-05, 4.88197e-07, 2.0574e-10, 4.7848e-12, 4.76253e-10, 1.21203e-10, 6.26929e-08, 0.362542, 0.158793, 1173, 1173, 0.106182, 0.110991, 1.76318e-17, 0.163095, 0.0512011, 0.568204, 2.288e-05, 0.270481, 0.00231735, 1.74573e-09, 0.00247918, 2.22102e-05, 0.361902, 0.000100186, 4.86177e-07, 2.05776e-10, 4.79683e-12, 4.76883e-10, 1.21537e-10, 6.31137e-08, 0.362697, 0.158403, 1173, 1173, 0.105898, 0.110831, 1.78474e-17, 0.164304, 0.050674, 0.567534, 2.28866e-05, 0.269808, 0.00234012, 1.74936e-09, 0.00248806, 2.2489e-05, 0.362322, 0.000100857, 4.83338e-07, 2.05819e-10, 4.81421e-12, 4.77805e-10, 1.22017e-10, 6.37082e-08, 0.362918, 0.157888, 1173, 1173, 0.105662, 0.110758, 1.82076e-17, 0.166145, 0.05004, 0.56732, 2.29226e-05, 0.268906, 0.00237081, 1.75435e-09, 0.00249979, 2.28663e-05, 0.362883, 0.000101755, 4.7959e-07, 2.05873e-10, 4.83801e-12, 4.79075e-10, 1.22672e-10, 6.45079e-08, 0.363215, 0.157238, 1173, 1173, 0.105271, 0.110543, 1.86703e-17, 0.168362, 0.0491775, 0.566421, 2.29431e-05, 0.267739, 0.00241116, 1.76121e-09, 0.00251488, 2.3362e-05, 0.363601, 0.000102927, 4.74752e-07, 2.05919e-10, 4.87021e-12, 4.8083e-10, 1.23555e-10, 6.55497e-08, 0.363607, 0.156396, 1173, 1173, 0.104706, 0.110143, 1.92244e-17, 0.170941, 0.0480494, 0.564634, 2.29406e-05, 0.266256, 0.00246344, 1.77059e-09, 0.00253392, 2.40042e-05, 0.3645, 0.000104429, 4.68639e-07, 2.05945e-10, 4.91354e-12, 4.83253e-10, 1.24737e-10, 6.68855e-08, 0.364117, 0.155339, 1173, 1173, 0.104321, 0.109953, 2.0067e-17, 0.174384, 0.0467854, 0.563786, 2.29888e-05, 0.26438, 0.00253056, 1.78322e-09, 0.00255754, 2.48391e-05, 0.365651, 0.000106335, 4.61159e-07, 2.05998e-10, 4.97134e-12, 4.86547e-10, 1.26302e-10, 6.86063e-08, 0.364748, 0.136641, 1173, 1173, 0.10387, 0.109856, 2.11136e-17, 0.177798, 0.0452259, 0.562448, 2.30244e-05, 0.261953, 0.0026166, 1.79969e-09, 0.00258625, 2.59592e-05, 0.367262, 0.000108732, 4.52546e-07, 2.0631e-10, 5.04794e-12, 4.90902e-10, 1.2835e-10, 7.09095e-08, 0.365447, 0.0206708, 0.0384552, 1173, 
0.00473684, 0.161445, 1173, 1173, 0.0938611, 0.127594, 1.45292e-17, 0.171189, 0.0551207, 0.551944, 2.29156e-05, 0.270087, 0.00202714, 1.47429e-09, 0.00230074, 2.20116e-05, 0.373851, 9.02679e-05, 5.91681e-07, 2.32778e-10, 4.13151e-12, 4.04716e-10, 1.01413e-10, 6.44224e-08, 0.351621, 0.161329, 1173, 1173, 0.0937616, 0.127521, 1.45979e-17, 0.1715, 0.0549558, 0.551644, 2.2913e-05, 0.269907, 0.0020324, 1.47497e-09, 0.00230301, 2.20867e-05, 0.373973, 9.04294e-05, 5.90796e-07, 2.32813e-10, 4.13448e-12, 4.04871e-10, 1.01504e-10, 6.45903e-08, 0.351671, 0.1611, 1173, 1173, 0.093651, 0.127498, 1.47063e-17, 0.172303, 0.0546752, 0.551567, 2.29299e-05, 0.269542, 0.00204312, 1.47637e-09, 0.00230759, 2.22403e-05, 0.374223, 9.07577e-05, 5.89009e-07, 2.32885e-10, 4.14055e-12, 4.05185e-10, 1.0169e-10, 6.49328e-08, 0.35177, 0.160748, 1173, 1173, 0.0933877, 0.12733, 1.48768e-17, 0.173369, 0.0541884, 0.550863, 2.29315e-05, 0.268979, 0.00205976, 1.47859e-09, 0.00231461, 2.24786e-05, 0.374607, 9.12651e-05, 5.86263e-07, 2.32992e-10, 4.15015e-12, 4.05689e-10, 1.01983e-10, 6.54626e-08, 0.351926, 0.160268, 1173, 1173, 0.0931727, 0.127295, 1.51367e-17, 0.175127, 0.0536035, 0.550714, 2.2968e-05, 0.268197, 0.00208294, 1.48172e-09, 0.00232424, 2.28121e-05, 0.375139, 9.1968e-05, 5.82505e-07, 2.33139e-10, 4.16374e-12, 4.06404e-10, 1.02394e-10, 6.62005e-08, 0.352141, 0.159646, 1173, 1173, 0.0927281, 0.127004, 1.54533e-17, 0.17711, 0.0527457, 0.549439, 2.29704e-05, 0.267174, 0.00211363, 1.48602e-09, 0.00233674, 2.32545e-05, 0.375832, 9.28915e-05, 5.77624e-07, 2.33317e-10, 4.18226e-12, 4.07395e-10, 1.0295e-10, 6.71726e-08, 0.352426, 0.158853, 1173, 1173, 0.0923035, 0.126794, 1.58871e-17, 0.179842, 0.0517415, 0.548464, 2.29993e-05, 0.265878, 0.00215306, 1.49177e-09, 0.00235238, 2.38248e-05, 0.376704, 9.40675e-05, 5.71503e-07, 2.33523e-10, 4.20688e-12, 4.08738e-10, 1.03683e-10, 6.8415e-08, 0.352794, 0.157889, 1173, 1173, 0.0918772, 0.126617, 1.64458e-17, 0.183294, 0.0505536, 0.547574, 2.30462e-05, 0.264268, 0.00220296, 1.49944e-09, 0.00237161, 2.45494e-05, 0.37778, 9.55392e-05, 5.63993e-07, 2.33752e-10, 4.23944e-12, 4.10561e-10, 1.0464e-10, 6.99772e-08, 0.353257, 0.156698, 1173, 1173, 0.0912972, 0.126276, 1.71416e-17, 0.187026, 0.0490689, 0.545742, 2.30667e-05, 0.262278, 0.0022656, 1.50965e-09, 0.00239488, 2.54711e-05, 0.379122, 9.73622e-05, 5.55025e-07, 2.34053e-10, 4.28253e-12, 4.13034e-10, 1.05888e-10, 7.19455e-08, 0.353816, 0.136497, 1173, 1173, 0.0907718, 0.126251, 1.80519e-17, 0.190924, 0.0473693, 0.544169, 2.31059e-05, 0.259763, 0.00234399, 1.52262e-09, 0.00242243, 2.66811e-05, 0.380942, 9.95999e-05, 5.44998e-07, 2.34717e-10, 4.33882e-12, 4.16234e-10, 1.07483e-10, 7.45212e-08, 0.354402, 0.0206708, 0.0500292, 1173, 
0.00578947, 0.162674, 1173, 1173, 0.0834592, 0.141397, 1.29415e-17, 0.179695, 0.0571396, 0.538753, 2.29973e-05, 0.268339, 0.0018666, 1.27649e-09, 0.00218681, 2.23665e-05, 0.38365, 8.4448e-05, 6.78007e-07, 2.55203e-10, 3.69767e-12, 3.52592e-10, 8.76826e-11, 6.65058e-08, 0.343849, 0.162543, 1173, 1173, 0.0832143, 0.141079, 1.29696e-17, 0.179776, 0.0568539, 0.537527, 2.29568e-05, 0.268138, 0.00187197, 1.27705e-09, 0.00218921, 2.2453e-05, 0.383796, 8.46158e-05, 6.76918e-07, 2.55264e-10, 3.6998e-12, 3.52698e-10, 8.77587e-11, 6.67037e-08, 0.343897, 0.162279, 1173, 1173, 0.0831185, 0.141119, 1.31045e-17, 0.180811, 0.0565511, 0.537625, 2.29852e-05, 0.26773, 0.00188286, 1.27815e-09, 0.00219402, 2.26293e-05, 0.384094, 8.49547e-05, 6.74741e-07, 2.55391e-10, 3.70411e-12, 3.52906e-10, 8.79114e-11, 6.71066e-08, 0.343992, 0.161873, 1173, 1173, 0.0828514, 0.140972, 1.3255e-17, 0.182136, 0.056007, 0.536961, 2.29938e-05, 0.267104, 0.0018996, 1.27987e-09, 0.00220134, 2.29013e-05, 0.384549, 8.54738e-05, 6.71434e-07, 2.55584e-10, 3.71086e-12, 3.53235e-10, 8.81485e-11, 6.7726e-08, 0.344137, 0.161323, 1173, 1173, 0.0826105, 0.140966, 1.35085e-17, 0.184222, 0.0553468, 0.536784, 2.30368e-05, 0.266246, 0.00192276, 1.28234e-09, 0.00221129, 2.32782e-05, 0.38517, 8.61873e-05, 6.6693e-07, 2.55838e-10, 3.72052e-12, 3.53717e-10, 8.84828e-11, 6.85794e-08, 0.34434, 0.160623, 1173, 1173, 0.0822225, 0.140792, 1.38292e-17, 0.186723, 0.0544416, 0.53592, 2.30646e-05, 0.265138, 0.0019531, 1.28576e-09, 0.00222406, 2.37726e-05, 0.385965, 8.71152e-05, 6.61127e-07, 2.56143e-10, 3.73378e-12, 3.54404e-10, 8.89344e-11, 6.96901e-08, 0.344608, 0.159762, 1173, 1173, 0.0817147, 0.140485, 1.42248e-17, 0.189732, 0.0532976, 0.534481, 2.30828e-05, 0.263754, 0.00199165, 1.29037e-09, 0.00223986, 2.44021e-05, 0.386949, 8.82827e-05, 6.53925e-07, 2.56491e-10, 3.75157e-12, 3.55359e-10, 8.9528e-11, 7.10913e-08, 0.344952, 0.158695, 1173, 1173, 0.0810996, 0.140057, 1.47211e-17, 0.19326, 0.0519074, 0.532456, 2.30911e-05, 0.262059, 0.00203976, 1.2965e-09, 0.00225898, 2.51921e-05, 0.388147, 8.9723e-05, 6.45226e-07, 2.56889e-10, 3.77515e-12, 3.56669e-10, 9.02977e-11, 7.28312e-08, 0.345379, 0.157393, 1173, 1173, 0.0806131, 0.139949, 1.53803e-17, 0.197731, 0.0504012, 0.531315, 2.3152e-05, 0.259992, 0.00209926, 1.30448e-09, 0.00228172, 2.61854e-05, 0.389627, 9.14791e-05, 6.35047e-07, 2.5741e-10, 3.80623e-12, 3.58432e-10, 9.12849e-11, 7.49982e-08, 0.345881, 0.125404, 1173, 1173, 0.079974, 0.13987, 1.61929e-17, 0.201871, 0.048571, 0.529159, 2.31762e-05, 0.25742, 0.0021727, 1.31453e-09, 0.00230827, 2.74705e-05, 0.391587, 9.36052e-05, 6.23813e-07, 2.58352e-10, 3.847e-12, 3.60715e-10, 9.2534e-11, 7.77906e-08, 0.34639, 0.0206708, 0.0620597, 1173, 
0.00684211, 0.16334, 1173, 1173, 0.0744665, 0.152648, 1.19101e-17, 0.186947, 0.0581603, 0.526634, 2.30381e-05, 0.266402, 0.00176204, 1.122e-09, 0.0021058, 2.28442e-05, 0.391639, 8.05147e-05, 7.50789e-07, 2.74123e-10, 3.38096e-12, 3.12096e-10, 7.73454e-11, 6.86047e-08, 0.337986, 0.163195, 1173, 1173, 0.0743654, 0.152586, 1.1962e-17, 0.187417, 0.0579596, 0.526354, 2.30395e-05, 0.266184, 0.00176742, 1.12237e-09, 0.00210823, 2.29405e-05, 0.391807, 8.06842e-05, 7.4956e-07, 2.74216e-10, 3.3822e-12, 3.12142e-10, 7.7403e-11, 6.88287e-08, 0.33803, 0.162899, 1173, 1173, 0.0742924, 0.152724, 1.20853e-17, 0.188695, 0.0576561, 0.526694, 2.30821e-05, 0.265743, 0.00177834, 1.12315e-09, 0.00211313, 2.31359e-05, 0.392143, 8.10271e-05, 7.47079e-07, 2.74398e-10, 3.3848e-12, 3.12242e-10, 7.75215e-11, 6.92818e-08, 0.338118, 0.162452, 1173, 1173, 0.0739526, 0.152446, 1.22399e-17, 0.190046, 0.0570151, 0.525534, 2.30731e-05, 0.265073, 0.0017951, 1.12443e-09, 0.00212058, 2.34355e-05, 0.392651, 8.15512e-05, 7.43296e-07, 2.74662e-10, 3.38904e-12, 3.12421e-10, 7.77092e-11, 6.99736e-08, 0.338255, 0.161852, 1173, 1173, 0.0735313, 0.152133, 1.2457e-17, 0.191979, 0.0561777, 0.524164, 2.30699e-05, 0.26416, 0.00181813, 1.12625e-09, 0.00213062, 2.38485e-05, 0.393339, 8.22668e-05, 7.38184e-07, 2.75012e-10, 3.39516e-12, 3.12689e-10, 7.79726e-11, 7.09217e-08, 0.338445, 0.161095, 1173, 1173, 0.0732332, 0.152201, 1.27809e-17, 0.195071, 0.055291, 0.524003, 2.31357e-05, 0.262988, 0.00184808, 1.12876e-09, 0.00214339, 2.43871e-05, 0.394217, 8.31899e-05, 7.31664e-07, 2.75438e-10, 3.40363e-12, 3.1308e-10, 7.83251e-11, 7.21487e-08, 0.338695, 0.160153, 1173, 1173, 0.0727321, 0.151952, 1.31422e-17, 0.198485, 0.054094, 0.522647, 2.3165e-05, 0.261538, 0.00188586, 1.13217e-09, 0.00215908, 2.50679e-05, 0.395293, 8.43427e-05, 7.23624e-07, 2.75926e-10, 3.41522e-12, 3.13653e-10, 7.87883e-11, 7.36844e-08, 0.339014, 0.159022, 1173, 1173, 0.0721546, 0.151631, 1.36465e-17, 0.202519, 0.0526695, 0.520899, 2.31932e-05, 0.259779, 0.00193264, 1.13676e-09, 0.00217789, 2.59152e-05, 0.396589, 8.57536e-05, 7.13976e-07, 2.76478e-10, 3.43095e-12, 3.14483e-10, 7.93901e-11, 7.55751e-08, 0.339409, 0.157637, 1173, 1173, 0.0714879, 0.151247, 1.42328e-17, 0.20696, 0.0509923, 0.518577, 2.32103e-05, 0.257657, 0.00199, 1.14282e-09, 0.00220007, 2.6971e-05, 0.398167, 8.74588e-05, 7.02766e-07, 2.77172e-10, 3.45221e-12, 3.15649e-10, 8.01635e-11, 7.79071e-08, 0.33987, 0.123782, 1173, 1173, 0.0708929, 0.151361, 1.50005e-17, 0.211663, 0.0491563, 0.51684, 2.32613e-05, 0.255045, 0.00206015, 1.15038e-09, 0.00222573, 2.83238e-05, 0.400225, 8.95042e-05, 6.90505e-07, 2.78331e-10, 3.48055e-12, 3.17173e-10, 8.11355e-11, 8.08814e-08, 0.340326, 0.0206708, 0.074374, 1173, 
0.00789474, 0.163503, 1173, 1173, 0.066803, 0.162602, 1.12593e-17, 0.194341, 0.0586568, 0.517185, 2.31299e-05, 0.264296, 0.00169228, 9.95934e-10, 0.00204623, 2.34458e-05, 0.398506, 7.77811e-05, 8.12631e-07, 2.9062e-10, 3.13465e-12, 2.79119e-10, 6.91371e-11, 7.08241e-08, 0.333357, 0.163346, 1173, 1173, 0.0667265, 0.162599, 1.13118e-17, 0.194937, 0.058466, 0.517086, 2.31406e-05, 0.264066, 0.00169769, 9.96179e-10, 0.00204869, 2.35502e-05, 0.398686, 7.79521e-05, 8.11258e-07, 2.90731e-10, 3.13518e-12, 2.79123e-10, 6.91809e-11, 7.10686e-08, 0.333399, 0.163033, 1173, 1173, 0.0664335, 0.162249, 1.13992e-17, 0.195727, 0.0579607, 0.515789, 2.3113e-05, 0.263603, 0.00170863, 9.96693e-10, 0.00205363, 2.37615e-05, 0.399048, 7.8297e-05, 8.085e-07, 2.9095e-10, 3.13632e-12, 2.79136e-10, 6.92707e-11, 7.15624e-08, 0.333484, 0.162563, 1173, 1173, 0.0662983, 0.162471, 1.15773e-17, 0.197844, 0.0574665, 0.516195, 2.31775e-05, 0.262899, 0.00172535, 9.97484e-10, 0.00206107, 2.40855e-05, 0.399598, 7.88214e-05, 8.04342e-07, 2.9128e-10, 3.13815e-12, 2.7916e-10, 6.94089e-11, 7.23165e-08, 0.333613, 0.161923, 1173, 1173, 0.0658229, 0.162018, 1.1786e-17, 0.199816, 0.0565421, 0.514362, 2.31576e-05, 0.261946, 0.00174828, 9.98697e-10, 0.0020711, 2.45299e-05, 0.400335, 7.95364e-05, 7.98703e-07, 2.91702e-10, 3.14108e-12, 2.79233e-10, 6.96073e-11, 7.3344e-08, 0.333794, 0.16112, 1173, 1173, 0.0654407, 0.16195, 1.20934e-17, 0.202979, 0.0555584, 0.513633, 2.32041e-05, 0.260731, 0.00177798, 1.00041e-09, 0.00208381, 2.51067e-05, 0.401268, 8.04548e-05, 7.91533e-07, 2.92213e-10, 3.1454e-12, 2.79372e-10, 6.98746e-11, 7.46672e-08, 0.334032, 0.160152, 1173, 1173, 0.0648644, 0.161523, 1.24487e-17, 0.206449, 0.0542579, 0.51166, 2.32114e-05, 0.259236, 0.00181526, 1.00284e-09, 0.00209934, 2.58318e-05, 0.402402, 8.15964e-05, 7.82714e-07, 2.92788e-10, 3.15181e-12, 2.79637e-10, 7.02308e-11, 7.63132e-08, 0.334339, 0.158964, 1173, 1173, 0.0643026, 0.161258, 1.29214e-17, 0.21086, 0.0528097, 0.510022, 2.3251e-05, 0.257434, 0.00186117, 1.00613e-09, 0.00211783, 2.67298e-05, 0.403761, 8.29846e-05, 7.72212e-07, 2.93443e-10, 3.16095e-12, 2.80066e-10, 7.06924e-11, 7.83295e-08, 0.334715, 0.157513, 1173, 1173, 0.0636679, 0.160971, 1.34976e-17, 0.215749, 0.0511258, 0.507944, 2.32857e-05, 0.255275, 0.00191712, 1.01051e-09, 0.00213949, 2.78424e-05, 0.405403, 8.46524e-05, 7.6008e-07, 2.94254e-10, 3.17393e-12, 2.80722e-10, 7.1286e-11, 8.08018e-08, 0.335151, 0.111724, 1173, 1173, 0.0629772, 0.160925, 1.42179e-17, 0.220517, 0.0492019, 0.50554, 2.33133e-05, 0.25264, 0.00198516, 1.016e-09, 0.00216442, 2.92574e-05, 0.407517, 8.66417e-05, 7.46845e-07, 2.95549e-10, 3.19214e-12, 2.81627e-10, 7.20343e-11, 8.39299e-08, 0.335577, 0.0206708, 0.086845, 1173, 
0.00894737, 0.163355, 1173, 1173, 0.0599993, 0.170721, 1.08107e-17, 0.201063, 0.0585713, 0.508148, 2.31915e-05, 0.262152, 0.00164682, 8.91137e-10, 0.00200292, 2.41308e-05, 0.404408, 7.5913e-05, 8.63825e-07, 3.04871e-10, 2.93518e-12, 2.51699e-10, 6.24412e-11, 7.31058e-08, 0.32969, 0.163193, 1173, 1173, 0.0599618, 0.170844, 1.08808e-17, 0.201852, 0.0584144, 0.508393, 2.32191e-05, 0.261912, 0.00165224, 8.91236e-10, 0.00200536, 2.42427e-05, 0.4046, 7.60841e-05, 8.62353e-07, 3.05001e-10, 2.93502e-12, 2.51657e-10, 6.24706e-11, 7.33688e-08, 0.329729, 0.162862, 1173, 1173, 0.0597675, 0.170744, 1.10008e-17, 0.203034, 0.0579821, 0.507853, 2.32273e-05, 0.261431, 0.0016632, 8.91467e-10, 0.00201027, 2.44688e-05, 0.404984, 7.64292e-05, 8.59386e-07, 3.05256e-10, 2.9348e-12, 2.51582e-10, 6.25322e-11, 7.3899e-08, 0.32981, 0.162365, 1173, 1173, 0.0594394, 0.170474, 1.11319e-17, 0.204692, 0.0572946, 0.506689, 2.32237e-05, 0.260703, 0.00167993, 8.91884e-10, 0.00201767, 2.48142e-05, 0.405562, 7.69541e-05, 8.54891e-07, 3.05629e-10, 2.93466e-12, 2.51487e-10, 6.26307e-11, 7.47053e-08, 0.329935, 0.161704, 1173, 1173, 0.0591564, 0.170544, 1.13725e-17, 0.207476, 0.0565224, 0.506402, 2.32776e-05, 0.259719, 0.00170282, 8.92514e-10, 0.00202761, 2.52875e-05, 0.406338, 7.7667e-05, 8.48834e-07, 3.06113e-10, 2.93474e-12, 2.5138e-10, 6.27699e-11, 7.5803e-08, 0.330109, 0.160875, 1173, 1173, 0.0584016, 0.169426, 1.15997e-17, 0.209558, 0.055165, 0.502471, 2.31814e-05, 0.25847, 0.00173238, 8.93521e-10, 0.00204017, 2.58994e-05, 0.407313, 7.85806e-05, 8.41126e-07, 3.06687e-10, 2.9355e-12, 2.51302e-10, 6.29634e-11, 7.72098e-08, 0.330339, 0.159854, 1173, 1173, 0.0581269, 0.169883, 1.20134e-17, 0.214375, 0.0541229, 0.50305, 2.33116e-05, 0.256938, 0.00176934, 8.94934e-10, 0.00205542, 2.6667e-05, 0.408498, 7.97105e-05, 8.31728e-07, 3.07349e-10, 2.93717e-12, 2.5126e-10, 6.32174e-11, 7.89571e-08, 0.330632, 0.15863, 1173, 1173, 0.0575212, 0.169524, 1.24643e-17, 0.218947, 0.0526168, 0.501044, 2.33397e-05, 0.255101, 0.00181472, 8.96995e-10, 0.00207355, 2.76136e-05, 0.409907, 8.10815e-05, 8.20522e-07, 3.08084e-10, 2.94051e-12, 2.51321e-10, 6.35537e-11, 8.10867e-08, 0.330995, 0.157131, 1173, 1173, 0.0568402, 0.169128, 1.30173e-17, 0.223989, 0.0508782, 0.498569, 2.33614e-05, 0.252913, 0.00186982, 8.99866e-10, 0.00209471, 2.87806e-05, 0.411595, 8.27222e-05, 8.07599e-07, 3.08975e-10, 2.94642e-12, 2.51531e-10, 6.39926e-11, 8.36842e-08, 0.331414, 0.1095, 1173, 1173, 0.0561273, 0.169051, 1.37115e-17, 0.229006, 0.0489312, 0.495998, 2.33865e-05, 0.25026, 0.00193657, 9.03536e-10, 0.00211898, 3.02566e-05, 0.413746, 8.46718e-05, 7.93508e-07, 3.10357e-10, 2.95604e-12, 2.519e-10, 6.4551e-11, 8.69504e-08, 0.331823, 0.0206708, 0.0993776, 1173, 
0.01, 0.162873, 1173, 1173, 0.0540251, 0.178152, 1.05653e-17, 0.208327, 0.0582129, 0.500911, 2.32952e-05, 0.259888, 0.00161833, 8.00836e-10, 0.00197053, 2.49268e-05, 0.409768, 7.46426e-05, 9.07055e-07, 3.17703e-10, 2.76557e-12, 2.28014e-10, 5.6749e-11, 7.55604e-08, 0.326654, 0.162703, 1173, 1173, 0.0539133, 0.178051, 1.06124e-17, 0.208893, 0.0579761, 0.500493, 2.32932e-05, 0.259642, 0.00162378, 8.00832e-10, 0.00197296, 2.50452e-05, 0.409966, 7.48143e-05, 9.05474e-07, 3.17841e-10, 2.76485e-12, 2.27939e-10, 5.67673e-11, 7.58387e-08, 0.326694, 0.162368, 1173, 1173, 0.0537097, 0.177912, 1.07146e-17, 0.21011, 0.0575237, 0.499834, 2.32975e-05, 0.259149, 0.00163479, 8.00834e-10, 0.00197783, 2.52848e-05, 0.410364, 7.51601e-05, 9.02302e-07, 3.18113e-10, 2.76344e-12, 2.27793e-10, 5.68052e-11, 7.63998e-08, 0.326773, 0.16186, 1173, 1173, 0.0534883, 0.177974, 1.08865e-17, 0.212288, 0.0569336, 0.4996, 2.33395e-05, 0.258403, 0.00165159, 8.00864e-10, 0.00198517, 2.56506e-05, 0.410961, 7.56852e-05, 8.97511e-07, 3.18515e-10, 2.76144e-12, 2.27581e-10, 5.6865e-11, 7.7253e-08, 0.326897, 0.161185, 1173, 1173, 0.0530349, 0.177499, 1.10887e-17, 0.214576, 0.0559727, 0.497728, 2.3323e-05, 0.257398, 0.00167453, 8.01016e-10, 0.00199501, 2.61503e-05, 0.411759, 7.63978e-05, 8.91039e-07, 3.19026e-10, 2.75907e-12, 2.27327e-10, 5.69543e-11, 7.84104e-08, 0.32707, 0.160327, 1173, 1173, 0.0525818, 0.177246, 1.13725e-17, 0.217923, 0.0548862, 0.496342, 2.33479e-05, 0.256125, 0.00170411, 8.01341e-10, 0.00200742, 2.67956e-05, 0.41276, 7.73089e-05, 8.82833e-07, 3.19634e-10, 2.75654e-12, 2.27044e-10, 5.70791e-11, 7.98919e-08, 0.327298, 0.159293, 1173, 1173, 0.0520769, 0.17701, 1.17372e-17, 0.222115, 0.0536107, 0.494871, 2.33873e-05, 0.254571, 0.00174105, 8.01979e-10, 0.00202248, 2.76021e-05, 0.413967, 7.84348e-05, 8.72794e-07, 3.20315e-10, 2.75426e-12, 2.26769e-10, 5.72516e-11, 8.17239e-08, 0.327591, 0.158048, 1173, 1173, 0.0514574, 0.176564, 1.21785e-17, 0.226841, 0.052076, 0.492642, 2.34091e-05, 0.252714, 0.00178626, 8.03044e-10, 0.00204032, 2.85938e-05, 0.415397, 7.97962e-05, 8.60871e-07, 3.21067e-10, 2.75268e-12, 2.26534e-10, 5.74845e-11, 8.39501e-08, 0.327954, 0.156506, 1173, 1173, 0.0507803, 0.176136, 1.27247e-17, 0.232128, 0.0503321, 0.490114, 2.34325e-05, 0.250511, 0.00184101, 8.04671e-10, 0.00206108, 2.98123e-05, 0.417102, 8.14209e-05, 8.47149e-07, 3.2197e-10, 2.75258e-12, 2.26379e-10, 5.77947e-11, 8.66554e-08, 0.328373, 0.0970995, 1173, 1173, 0.05008, 0.176074, 1.34104e-17, 0.237463, 0.0483995, 0.48762, 2.34656e-05, 0.247851, 0.00190714, 8.06829e-10, 0.00208485, 3.13469e-05, 0.419259, 8.33465e-05, 8.32179e-07, 3.23358e-10, 2.75493e-12, 2.26309e-10, 5.81954e-11, 9.00415e-08, 0.328782, 0.0206708, 0.111894, 1173, 
0.0110526, 0.162223, 1173, 1173, 0.0486798, 0.184083, 1.0425e-17, 0.215051, 0.0574974, 0.493925, 2.33788e-05, 0.257663, 0.00160366, 7.23484e-10, 0.00194812, 2.57807e-05, 0.414449, 7.38798e-05, 9.41254e-07, 3.28752e-10, 2.61904e-12, 2.07644e-10, 5.19075e-11, 7.80575e-08, 0.324236, 0.162052, 1173, 1173, 0.0485749, 0.184001, 1.04744e-17, 0.215677, 0.0572647, 0.493553, 2.33795e-05, 0.257412, 0.00160916, 7.23358e-10, 0.00195052, 2.59058e-05, 0.414653, 7.40518e-05, 9.396e-07, 3.28899e-10, 2.61777e-12, 2.07534e-10, 5.19143e-11, 7.83507e-08, 0.324274, 0.161702, 1173, 1173, 0.0484578, 0.184185, 1.05946e-17, 0.21735, 0.0569077, 0.493738, 2.34252e-05, 0.256907, 0.00162025, 7.23122e-10, 0.00195533, 2.61587e-05, 0.415063, 7.43982e-05, 9.36276e-07, 3.29189e-10, 2.61529e-12, 2.07317e-10, 5.19291e-11, 7.89412e-08, 0.324353, 0.161183, 1173, 1173, 0.0481092, 0.18378, 1.07395e-17, 0.219083, 0.0561656, 0.492202, 2.34077e-05, 0.256146, 0.00163717, 7.22829e-10, 0.00196257, 2.65441e-05, 0.415675, 7.49242e-05, 9.31237e-07, 3.29606e-10, 2.61171e-12, 2.07008e-10, 5.19564e-11, 7.98366e-08, 0.324476, 0.160494, 1173, 1173, 0.0476936, 0.183401, 1.09482e-17, 0.221632, 0.0552324, 0.490587, 2.34054e-05, 0.255123, 0.00166025, 7.225e-10, 0.00197228, 2.70702e-05, 0.416493, 7.56368e-05, 9.24451e-07, 3.30142e-10, 2.60712e-12, 2.06612e-10, 5.19986e-11, 8.10507e-08, 0.324648, 0.159628, 1173, 1173, 0.0472793, 0.183285, 1.12418e-17, 0.225328, 0.0541822, 0.489535, 2.34491e-05, 0.253829, 0.00168999, 7.22209e-10, 0.0019845, 2.77482e-05, 0.417515, 7.65471e-05, 9.15841e-07, 3.30771e-10, 2.60173e-12, 2.06148e-10, 5.20627e-11, 8.26013e-08, 0.324877, 0.158568, 1173, 1173, 0.0467125, 0.182803, 1.1593e-17, 0.229433, 0.0528331, 0.487374, 2.34589e-05, 0.252254, 0.00172705, 7.22066e-10, 0.00199931, 2.85939e-05, 0.418742, 7.76703e-05, 9.05316e-07, 3.31467e-10, 2.59585e-12, 2.05645e-10, 5.21583e-11, 8.45144e-08, 0.32517, 0.1573, 1173, 1173, 0.0460789, 0.182272, 1.2027e-17, 0.234294, 0.0512797, 0.484908, 2.34727e-05, 0.250377, 0.00177234, 7.22163e-10, 0.00201682, 2.96314e-05, 0.420191, 7.90257e-05, 8.9283e-07, 3.32229e-10, 2.58987e-12, 2.05131e-10, 5.22957e-11, 8.68327e-08, 0.325533, 0.155728, 1173, 1173, 0.0454444, 0.181985, 1.25823e-17, 0.240042, 0.0495871, 0.482761, 2.35181e-05, 0.248159, 0.00182708, 7.22599e-10, 0.00203716, 3.09025e-05, 0.42191, 8.06403e-05, 8.7846e-07, 3.33129e-10, 2.5844e-12, 2.04636e-10, 5.24884e-11, 8.96407e-08, 0.325954, 0.0947381, 1173, 1173, 0.0447311, 0.181854, 1.32583e-17, 0.245591, 0.0476547, 0.480101, 2.35468e-05, 0.245494, 0.00189308, 7.23367e-10, 0.00206043, 3.2497e-05, 0.424068, 8.25511e-05, 8.62742e-07, 3.34496e-10, 2.58037e-12, 2.04171e-10, 5.2749e-11, 9.31401e-08, 0.326369, 0.0206708, 0.124335, 1173, 
0.0121053, 0.161313, 1173, 1173, 0.0437914, 0.189511, 1.03849e-17, 0.222333, 0.0565526, 0.487542, 2.34661e-05, 0.255296, 0.00159908, 6.53789e-10, 0.00193168, 2.67568e-05, 0.418913, 7.34623e-05, 9.69939e-07, 3.39032e-10, 2.48548e-12, 1.89195e-10, 4.75641e-11, 8.07859e-08, 0.32216, 0.161137, 1173, 1173, 0.0436936, 0.189439, 1.0434e-17, 0.223006, 0.0563244, 0.487204, 2.3469e-05, 0.255042, 0.00160465, 6.53586e-10, 0.00193406, 2.68881e-05, 0.419118, 7.36355e-05, 9.68189e-07, 3.39176e-10, 2.48377e-12, 1.89061e-10, 4.75623e-11, 8.10912e-08, 0.3222, 0.160792, 1173, 1173, 0.0434837, 0.189225, 1.05356e-17, 0.22428, 0.0558493, 0.486353, 2.34662e-05, 0.254532, 0.00161589, 6.53193e-10, 0.00193884, 2.71531e-05, 0.419529, 7.3984e-05, 9.64673e-07, 3.39457e-10, 2.48038e-12, 1.88797e-10, 4.75598e-11, 8.17059e-08, 0.322282, 0.160271, 1173, 1173, 0.0432463, 0.18923, 1.07063e-17, 0.226607, 0.0552356, 0.485913, 2.35028e-05, 0.253763, 0.00163301, 6.52623e-10, 0.00194602, 2.75571e-05, 0.420145, 7.45126e-05, 9.59362e-07, 3.39865e-10, 2.47537e-12, 1.88405e-10, 4.75583e-11, 8.26382e-08, 0.32241, 0.159576, 1173, 1173, 0.042833, 0.188775, 1.09144e-17, 0.229208, 0.0542904, 0.484158, 2.34952e-05, 0.25273, 0.00165636, 6.51936e-10, 0.00195564, 2.81078e-05, 0.420963, 7.52287e-05, 9.52197e-07, 3.40379e-10, 2.46887e-12, 1.87903e-10, 4.75625e-11, 8.38999e-08, 0.32259, 0.158698, 1173, 1173, 0.0423859, 0.188458, 1.12011e-17, 0.232836, 0.0531933, 0.482625, 2.35182e-05, 0.251427, 0.00168641, 6.51184e-10, 0.00196774, 2.88165e-05, 0.421984, 7.61426e-05, 9.43112e-07, 3.40975e-10, 2.46102e-12, 1.87303e-10, 4.75775e-11, 8.55087e-08, 0.322828, 0.157642, 1173, 1173, 0.0418823, 0.18815, 1.15676e-17, 0.237371, 0.0519115, 0.480992, 2.3556e-05, 0.249844, 0.00172384, 6.50439e-10, 0.00198239, 2.96993e-05, 0.423209, 7.72688e-05, 9.32023e-07, 3.41626e-10, 2.45205e-12, 1.86626e-10, 4.76102e-11, 8.74904e-08, 0.323133, 0.156365, 1173, 1173, 0.0412583, 0.187536, 1.20046e-17, 0.242378, 0.0503608, 0.478427, 2.35672e-05, 0.247962, 0.00176951, 6.49804e-10, 0.00199969, 3.07799e-05, 0.424647, 7.86265e-05, 9.1887e-07, 3.42322e-10, 2.44232e-12, 1.85901e-10, 4.76708e-11, 8.9886e-08, 0.323512, 0.15477, 1173, 1173, 0.0405742, 0.186915, 1.25442e-17, 0.247973, 0.0486108, 0.475543, 2.35791e-05, 0.245743, 0.00182463, 6.49355e-10, 0.00201975, 3.21006e-05, 0.426348, 8.02412e-05, 9.03743e-07, 3.43134e-10, 2.43236e-12, 1.85153e-10, 4.77702e-11, 9.27793e-08, 0.323952, 0.0823453, 1173, 1173, 0.039879, 0.186739, 1.32297e-17, 0.253774, 0.0467091, 0.47292, 2.36123e-05, 0.243086, 0.00189099, 6.49053e-10, 0.00204268, 3.37525e-05, 0.428474, 8.21493e-05, 8.87182e-07, 3.44391e-10, 2.42295e-12, 1.84386e-10, 4.79175e-11, 9.63739e-08, 0.324389, 0.0206708, 0.136648, 1173, 
0.0131579, 0.160342, 1173, 1173, 0.039529, 0.193714, 1.04324e-17, 0.229175, 0.0554651, 0.482039, 2.35674e-05, 0.253057, 0.00160415, 5.94124e-10, 0.00192273, 2.77572e-05, 0.42273, 7.3408e-05, 9.9009e-07, 3.47524e-10, 2.36677e-12, 1.73293e-10, 4.38395e-11, 8.34799e-08, 0.320584, 0.160168, 1173, 1173, 0.0394346, 0.193654, 1.04845e-17, 0.229896, 0.0552415, 0.481724, 2.35719e-05, 0.252799, 0.0016098, 5.93817e-10, 0.00192508, 2.78951e-05, 0.422939, 7.3582e-05, 9.88286e-07, 3.47668e-10, 2.36462e-12, 1.7313e-10, 4.38281e-11, 8.37981e-08, 0.320625, 0.159811, 1173, 1173, 0.0392392, 0.193493, 1.05888e-17, 0.2313, 0.0547841, 0.480995, 2.3576e-05, 0.252282, 0.0016212, 5.93216e-10, 0.00192978, 2.81732e-05, 0.423355, 7.39324e-05, 9.84658e-07, 3.47951e-10, 2.36035e-12, 1.72807e-10, 4.38064e-11, 8.44383e-08, 0.320708, 0.159285, 1173, 1173, 0.0389715, 0.193355, 1.07539e-17, 0.233557, 0.0541321, 0.480169, 2.35954e-05, 0.251503, 0.00163858, 5.92345e-10, 0.00193685, 2.85967e-05, 0.423979, 7.44637e-05, 9.79171e-07, 3.48356e-10, 2.35402e-12, 1.7233e-10, 4.37764e-11, 8.5408e-08, 0.320839, 0.158587, 1173, 1173, 0.0385762, 0.192941, 1.09684e-17, 0.236339, 0.0532074, 0.478515, 2.35942e-05, 0.250458, 0.00166226, 5.91242e-10, 0.00194633, 2.91735e-05, 0.424806, 7.51831e-05, 9.71768e-07, 3.48863e-10, 2.34572e-12, 1.7171e-10, 4.37415e-11, 8.6719e-08, 0.321023, 0.157707, 1173, 1173, 0.0381252, 0.192578, 1.12587e-17, 0.240077, 0.0521078, 0.476853, 2.3613e-05, 0.249141, 0.00169273, 5.89955e-10, 0.00195824, 2.99149e-05, 0.425834, 7.61008e-05, 9.62378e-07, 3.49443e-10, 2.33555e-12, 1.7096e-10, 4.37059e-11, 8.83882e-08, 0.321267, 0.156636, 1173, 1173, 0.037583, 0.192049, 1.16173e-17, 0.244535, 0.0507819, 0.474663, 2.36257e-05, 0.247543, 0.00173064, 5.88547e-10, 0.00197265, 3.0837e-05, 0.427064, 7.72308e-05, 9.50914e-07, 3.50066e-10, 2.32371e-12, 1.70098e-10, 4.36756e-11, 9.04404e-08, 0.32158, 0.155352, 1173, 1173, 0.0369897, 0.191532, 1.207e-17, 0.249899, 0.0492802, 0.472359, 2.36521e-05, 0.245649, 0.00177686, 5.87097e-10, 0.00198965, 3.19639e-05, 0.428504, 7.85918e-05, 9.37316e-07, 3.50717e-10, 2.31046e-12, 1.69147e-10, 4.36587e-11, 9.29161e-08, 0.321969, 0.153739, 1173, 1173, 0.0363187, 0.190909, 1.26174e-17, 0.255766, 0.0475609, 0.469519, 2.36684e-05, 0.243422, 0.0018326, 5.85678e-10, 0.00200935, 3.33379e-05, 0.430198, 8.02092e-05, 9.21655e-07, 3.51458e-10, 2.29627e-12, 1.68132e-10, 4.3665e-11, 9.58978e-08, 0.322423, 0.0801233, 1173, 1173, 0.0356063, 0.190579, 1.33026e-17, 0.261684, 0.0456612, 0.466593, 2.36888e-05, 0.240766, 0.00189964, 5.84267e-10, 0.00203188, 3.50511e-05, 0.432302, 8.21191e-05, 9.04461e-07, 3.52612e-10, 2.2819e-12, 1.6706e-10, 4.37031e-11, 9.9589e-08, 0.322882, 0.0206708, 0.148792, 1173, 
0.0142105, 0.159124, 1173, 1173, 0.0354117, 0.197684, 1.05419e-17, 0.236828, 0.054148, 0.476252, 2.36485e-05, 0.250585, 0.00161618, 5.36994e-10, 0.00191661, 2.89229e-05, 0.42663, 7.35654e-05, 1.00727e-06, 3.5591e-10, 2.25037e-12, 1.5797e-10, 4.02657e-11, 8.65231e-08, 0.319149, 0.158947, 1173, 1173, 0.0353041, 0.197513, 1.05904e-17, 0.237448, 0.0538995, 0.475692, 2.36409e-05, 0.250327, 0.00162195, 5.36646e-10, 0.00191894, 2.90665e-05, 0.426834, 7.37415e-05, 1.00537e-06, 3.56038e-10, 2.2479e-12, 1.57794e-10, 4.02487e-11, 8.68507e-08, 0.319194, 0.158601, 1173, 1173, 0.0351209, 0.197343, 1.07013e-17, 0.238906, 0.0534519, 0.474989, 2.36466e-05, 0.24981, 0.00163358, 5.35955e-10, 0.00192362, 2.93561e-05, 0.427243, 7.40958e-05, 1.00155e-06, 3.56285e-10, 2.24296e-12, 1.57444e-10, 4.02151e-11, 8.75096e-08, 0.319285, 0.158079, 1173, 1173, 0.0348401, 0.197032, 1.08658e-17, 0.241051, 0.0527705, 0.473811, 2.36491e-05, 0.249031, 0.00165131, 5.34943e-10, 0.00193066, 2.9797e-05, 0.427854, 7.46329e-05, 9.95769e-07, 3.56638e-10, 2.2356e-12, 1.56926e-10, 4.01668e-11, 8.85072e-08, 0.319428, 0.157383, 1173, 1173, 0.0345041, 0.196797, 1.10927e-17, 0.244183, 0.051919, 0.472689, 2.36749e-05, 0.247986, 0.00167546, 5.33631e-10, 0.00194008, 3.03971e-05, 0.428664, 7.53598e-05, 9.87983e-07, 3.57073e-10, 2.22587e-12, 1.56246e-10, 4.01059e-11, 8.98552e-08, 0.319627, 0.156504, 1173, 1173, 0.0340756, 0.19639, 1.13895e-17, 0.248035, 0.050839, 0.471046, 2.36953e-05, 0.246672, 0.00170652, 5.3207e-10, 0.00195193, 3.11679e-05, 0.429669, 7.62869e-05, 9.7811e-07, 3.57558e-10, 2.21388e-12, 1.55417e-10, 4.00367e-11, 9.15694e-08, 0.319891, 0.155447, 1173, 1173, 0.0335464, 0.19572, 1.17599e-17, 0.252513, 0.0495163, 0.468677, 2.36995e-05, 0.24508, 0.00174514, 5.30316e-10, 0.00196625, 3.21252e-05, 0.430869, 7.74277e-05, 9.66071e-07, 3.58059e-10, 2.19978e-12, 1.54457e-10, 3.99643e-11, 9.36737e-08, 0.32023, 0.154164, 1173, 1173, 0.0329664, 0.195048, 1.22145e-17, 0.257912, 0.0480229, 0.466189, 2.37172e-05, 0.243194, 0.00179219, 5.28424e-10, 0.00198312, 3.32936e-05, 0.43227, 7.88005e-05, 9.5181e-07, 3.5856e-10, 2.18379e-12, 1.53383e-10, 3.98949e-11, 9.62081e-08, 0.320648, 0.152547, 1173, 1173, 0.0323313, 0.19437, 1.27679e-17, 0.263981, 0.0463469, 0.463445, 2.37389e-05, 0.24098, 0.00184888, 5.26451e-10, 0.00200266, 3.47156e-05, 0.433914, 8.04305e-05, 9.35402e-07, 3.59119e-10, 2.1663e-12, 1.52216e-10, 3.98366e-11, 9.92543e-08, 0.321138, 0.0679514, 1173, 1173, 0.0316436, 0.193904, 1.35157e-17, 0.270038, 0.0444812, 0.460461, 2.37569e-05, 0.238346, 0.00191699, 5.24375e-10, 0.00202499, 3.64849e-05, 0.435954, 8.23536e-05, 9.17365e-07, 3.60055e-10, 2.14802e-12, 1.50963e-10, 3.9797e-11, 1.03017e-07, 0.321638, 0.0206708, 0.160728, 1173, 
0.0152632, 0.157967, 1173, 1173, 0.0320143, 0.200154, 1.07192e-17, 0.243395, 0.0528011, 0.471405, 2.3734e-05, 0.248403, 0.00163579, 4.90646e-10, 0.00191731, 3.00423e-05, 0.429713, 7.4024e-05, 1.01541e-06, 3.62072e-10, 2.14963e-12, 1.45415e-10, 3.73411e-11, 8.93478e-08, 0.318225, 0.157793, 1173, 1173, 0.0319281, 0.200107, 1.07699e-17, 0.244196, 0.0525887, 0.471132, 2.37413e-05, 0.248142, 0.00164168, 4.90194e-10, 0.00191961, 3.01927e-05, 0.42992, 7.42017e-05, 1.01347e-06, 3.62197e-10, 2.14677e-12, 1.45211e-10, 3.73151e-11, 8.96874e-08, 0.318271, 0.157437, 1173, 1173, 0.0317432, 0.199927, 1.08475e-17, 0.245704, 0.0521436, 0.470389, 2.3746e-05, 0.247618, 0.00165358, 4.89297e-10, 0.00192421, 3.0496e-05, 0.430333, 7.45593e-05, 1.00958e-06, 3.62437e-10, 2.14107e-12, 1.44805e-10, 3.72637e-11, 9.03703e-08, 0.318365, 0.156912, 1173, 1173, 0.031482, 0.199735, 1.10562e-17, 0.248091, 0.0515017, 0.469471, 2.3763e-05, 0.246829, 0.00167169, 4.8797e-10, 0.00193114, 3.09575e-05, 0.430949, 7.51013e-05, 1.0037e-06, 3.62776e-10, 2.13254e-12, 1.44202e-10, 3.71883e-11, 9.14036e-08, 0.318512, 0.156217, 1173, 1173, 0.0311201, 0.199345, 1.12874e-17, 0.251159, 0.0506218, 0.467958, 2.3771e-05, 0.245774, 0.00169636, 4.86244e-10, 0.00194041, 3.15852e-05, 0.431763, 7.58348e-05, 9.95758e-07, 3.63188e-10, 2.12124e-12, 1.4341e-10, 3.70912e-11, 9.2798e-08, 0.318718, 0.155343, 1173, 1173, 0.0306728, 0.198814, 1.15846e-17, 0.255012, 0.0495272, 0.466, 2.37774e-05, 0.244447, 0.00172808, 4.84156e-10, 0.00195206, 3.23904e-05, 0.432772, 7.67698e-05, 9.85691e-07, 3.63638e-10, 2.10725e-12, 1.42441e-10, 3.69757e-11, 9.4569e-08, 0.318991, 0.154276, 1173, 1173, 0.0301751, 0.198324, 1.19692e-17, 0.259916, 0.0482726, 0.464049, 2.3805e-05, 0.242841, 0.0017675, 4.81753e-10, 0.00196614, 3.33896e-05, 0.433972, 7.79201e-05, 9.73406e-07, 3.64087e-10, 2.09066e-12, 1.41308e-10, 3.6846e-11, 9.67398e-08, 0.319341, 0.152991, 1173, 1173, 0.0295753, 0.197496, 1.24285e-17, 0.265342, 0.0467712, 0.461203, 2.38065e-05, 0.240944, 0.00181552, 4.79099e-10, 0.00198273, 3.46068e-05, 0.435368, 7.93038e-05, 9.58838e-07, 3.64511e-10, 2.0717e-12, 1.40032e-10, 3.67082e-11, 9.93484e-08, 0.319775, 0.151364, 1173, 1173, 0.0289189, 0.196634, 1.29964e-17, 0.271438, 0.0450912, 0.458066, 2.38101e-05, 0.238724, 0.00187333, 4.76243e-10, 0.00200193, 3.6085e-05, 0.436997, 8.09458e-05, 9.42053e-07, 3.64962e-10, 2.0507e-12, 1.38631e-10, 3.65693e-11, 1.02475e-07, 0.320286, 0.0660527, 1173, 1173, 0.0282476, 0.196218, 1.37178e-17, 0.277909, 0.0432866, 0.45528, 2.38405e-05, 0.23609, 0.00194275, 4.73168e-10, 0.00202389, 3.79187e-05, 0.439007, 8.28824e-05, 9.23544e-07, 3.65748e-10, 2.02831e-12, 1.37115e-10, 3.64362e-11, 1.06324e-07, 0.320814, 0.0206708, 0.172433, 1173, 
0.0163158, 0.156488, 1173, 1173, 0.0283725, 0.2029, 1.09485e-17, 0.251622, 0.0511777, 0.465562, 2.37989e-05, 0.245773, 0.00166164, 4.40531e-10, 0.00191837, 3.14381e-05, 0.433293, 7.46272e-05, 1.02345e-06, 3.6905e-10, 2.03861e-12, 1.31777e-10, 3.41599e-11, 9.27942e-08, 0.317246, 0.156314, 1173, 1173, 0.0283058, 0.202933, 1.1011e-17, 0.252553, 0.0509944, 0.465506, 2.38171e-05, 0.245514, 0.00166768, 4.40074e-10, 0.00192066, 3.15939e-05, 0.433492, 7.48075e-05, 1.02141e-06, 3.69145e-10, 2.03553e-12, 1.31571e-10, 3.41309e-11, 9.31405e-08, 0.317298, 0.155973, 1173, 1173, 0.0281435, 0.202778, 1.11314e-17, 0.254154, 0.0505747, 0.464897, 2.3828e-05, 0.244996, 0.00167988, 4.39172e-10, 0.00192525, 3.19079e-05, 0.433887, 7.51703e-05, 1.01731e-06, 3.69324e-10, 2.02939e-12, 1.31164e-10, 3.40737e-11, 9.38361e-08, 0.317404, 0.155459, 1173, 1173, 0.0278925, 0.20246, 1.13031e-17, 0.256474, 0.0499297, 0.463802, 2.38351e-05, 0.244216, 0.00169846, 4.37848e-10, 0.00193216, 3.23854e-05, 0.434475, 7.57204e-05, 1.01112e-06, 3.6957e-10, 2.02023e-12, 1.30562e-10, 3.39902e-11, 9.48876e-08, 0.317569, 0.154776, 1173, 1173, 0.0275437, 0.201883, 1.15357e-17, 0.259421, 0.049043, 0.462019, 2.38278e-05, 0.243172, 0.00172377, 4.36119e-10, 0.00194141, 3.30343e-05, 0.435253, 7.64648e-05, 1.00277e-06, 3.69853e-10, 2.00806e-12, 1.2977e-10, 3.38818e-11, 9.63055e-08, 0.317799, 0.15391, 1173, 1173, 0.0271351, 0.201283, 1.18446e-17, 0.263331, 0.0479817, 0.46011, 2.38351e-05, 0.241861, 0.00175629, 4.34015e-10, 0.00195304, 3.38662e-05, 0.436214, 7.74134e-05, 9.92196e-07, 3.70139e-10, 1.99296e-12, 1.28797e-10, 3.37512e-11, 9.81046e-08, 0.318103, 0.15287, 1173, 1173, 0.0266714, 0.200652, 1.22365e-17, 0.268229, 0.0467517, 0.458073, 2.38565e-05, 0.240276, 0.00179671, 4.31577e-10, 0.00196708, 3.48974e-05, 0.437355, 7.85802e-05, 9.79308e-07, 3.70386e-10, 1.97501e-12, 1.27656e-10, 3.36021e-11, 1.00307e-07, 0.318491, 0.151605, 1173, 1173, 0.0261293, 0.199773, 1.27135e-17, 0.273797, 0.0453091, 0.455413, 2.38653e-05, 0.238405, 0.00184592, 4.28854e-10, 0.00198363, 3.61522e-05, 0.438679, 7.99834e-05, 9.64047e-07, 3.70568e-10, 1.95438e-12, 1.26365e-10, 3.34394e-11, 1.0295e-07, 0.318969, 0.149987, 1173, 1173, 0.0255332, 0.198836, 1.33024e-17, 0.280043, 0.0436921, 0.452453, 2.38755e-05, 0.236216, 0.00190514, 4.25885e-10, 0.00200279, 3.7674e-05, 0.440224, 8.16477e-05, 9.46485e-07, 3.70734e-10, 1.93137e-12, 1.24939e-10, 3.32691e-11, 1.06113e-07, 0.319532, 0.0542295, 1173, 1173, 0.0248949, 0.198122, 1.40329e-17, 0.286397, 0.0419112, 0.449375, 2.38881e-05, 0.233623, 0.0019762, 4.22653e-10, 0.00202469, 3.95591e-05, 0.442131, 8.36095e-05, 9.27118e-07, 3.7119e-10, 1.90663e-12, 1.23388e-10, 3.30973e-11, 1.10002e-07, 0.32012, 0.0206708, 0.183867, 1173, 
0.0173684, 0.155289, 1173, 1173, 0.025909, 0.204315, 1.12478e-17, 0.25814, 0.0498843, 0.46263, 2.3923e-05, 0.24377, 0.001692, 4.06486e-10, 0.0019262, 3.26106e-05, 0.435628, 7.54597e-05, 1.02146e-06, 3.72881e-10, 1.95519e-12, 1.22359e-10, 3.1965e-11, 9.55825e-08, 0.316875, 0.155119, 1173, 1173, 0.0258127, 0.204139, 1.13032e-17, 0.258843, 0.0496518, 0.46209, 2.3917e-05, 0.243507, 0.00169823, 4.05925e-10, 0.00192847, 3.27737e-05, 0.435828, 7.5643e-05, 1.0194e-06, 3.72968e-10, 1.95177e-12, 1.22127e-10, 3.19277e-11, 9.59406e-08, 0.316929, 0.154769, 1173, 1173, 0.0256001, 0.203615, 1.14033e-17, 0.260038, 0.0491481, 0.460628, 2.38852e-05, 0.242981, 0.0017108, 4.04811e-10, 0.00193301, 3.31024e-05, 0.436226, 7.60117e-05, 1.01526e-06, 3.73134e-10, 1.94493e-12, 1.21664e-10, 3.18536e-11, 9.66599e-08, 0.317039, 0.154252, 1173, 1173, 0.0253806, 0.2036, 1.16013e-17, 0.262844, 0.0485843, 0.460189, 2.39285e-05, 0.24219, 0.00172994, 4.03141e-10, 0.00193984, 3.36024e-05, 0.43682, 7.65704e-05, 1.009e-06, 3.7336e-10, 1.93466e-12, 1.20971e-10, 3.17427e-11, 9.77477e-08, 0.317209, 0.153568, 1173, 1173, 0.025029, 0.203061, 1.18426e-17, 0.26597, 0.0477187, 0.458456, 2.39264e-05, 0.241131, 0.001756, 4.00936e-10, 0.00194897, 3.42818e-05, 0.437604, 7.73263e-05, 1.00057e-06, 3.73616e-10, 1.92099e-12, 1.20055e-10, 3.15967e-11, 9.92139e-08, 0.317447, 0.152706, 1173, 1173, 0.0246081, 0.202455, 1.21646e-17, 0.270042, 0.046671, 0.456488, 2.39338e-05, 0.239802, 0.00178948, 3.98221e-10, 0.00196042, 3.51524e-05, 0.438573, 7.8289e-05, 9.89898e-07, 3.73863e-10, 1.90394e-12, 1.18923e-10, 3.14176e-11, 1.01073e-07, 0.317761, 0.151655, 1173, 1173, 0.024114, 0.201696, 1.25649e-17, 0.274974, 0.0454308, 0.454112, 2.3941e-05, 0.238198, 0.00183106, 3.95034e-10, 0.00197425, 3.62304e-05, 0.439719, 7.94724e-05, 9.76894e-07, 3.74058e-10, 1.88358e-12, 1.17588e-10, 3.12086e-11, 1.03345e-07, 0.318161, 0.150386, 1173, 1173, 0.0235536, 0.200794, 1.306e-17, 0.280756, 0.0440088, 0.451355, 2.39484e-05, 0.236306, 0.00188167, 3.91411e-10, 0.00199053, 3.75406e-05, 0.441047, 8.08944e-05, 9.61494e-07, 3.74167e-10, 1.86004e-12, 1.16063e-10, 3.09733e-11, 1.06068e-07, 0.318655, 0.148761, 1173, 1173, 0.0229272, 0.19974, 1.36657e-17, 0.28714, 0.0424002, 0.448103, 2.3947e-05, 0.2341, 0.00194254, 3.87395e-10, 0.00200935, 3.91262e-05, 0.442587, 8.25801e-05, 9.4375e-07, 3.74229e-10, 1.83359e-12, 1.14367e-10, 3.07172e-11, 1.09316e-07, 0.319239, 0.0527818, 1173, 1173, 0.0222731, 0.199023, 1.44247e-17, 0.293887, 0.0406633, 0.445035, 2.39644e-05, 0.231496, 0.00201552, 3.82995e-10, 0.00203087, 4.10837e-05, 0.444473, 8.45661e-05, 9.24118e-07, 3.74532e-10, 1.80484e-12, 1.12515e-10, 3.04472e-11, 1.13294e-07, 0.319857, 0.0206708, 0.195033, 1173, 
0.0184211, 0.153494, 1173, 1173, 0.0224325, 0.206173, 1.16324e-17, 0.267884, 0.0479587, 0.456565, 2.40001e-05, 0.240821, 0.00173352, 3.5796e-10, 0.00193346, 3.43579e-05, 0.439137, 7.65237e-05, 1.02129e-06, 3.78808e-10, 1.83709e-12, 1.08968e-10, 2.88147e-11, 9.96772e-08, 0.316263, 0.153328, 1173, 1173, 0.022321, 0.205736, 1.16727e-17, 0.268267, 0.0476796, 0.455494, 2.39651e-05, 0.240564, 0.00173991, 3.57434e-10, 0.0019357, 3.45258e-05, 0.439324, 7.67089e-05, 1.01915e-06, 3.78857e-10, 1.83357e-12, 1.08746e-10, 2.8777e-11, 1.00038e-07, 0.316324, 0.152994, 1173, 1173, 0.0221698, 0.205511, 1.17899e-17, 0.269885, 0.0472744, 0.45479, 2.39709e-05, 0.240049, 0.0017528, 3.56384e-10, 0.00194018, 3.48641e-05, 0.439697, 7.70816e-05, 1.01485e-06, 3.78943e-10, 1.82653e-12, 1.08304e-10, 2.8702e-11, 1.00763e-07, 0.316448, 0.152497, 1173, 1173, 0.0219661, 0.205347, 1.19481e-17, 0.272573, 0.0467129, 0.454145, 2.4001e-05, 0.239276, 0.00177242, 3.54842e-10, 0.00194693, 3.53778e-05, 0.440251, 7.76467e-05, 1.00834e-06, 3.79044e-10, 1.81602e-12, 1.0765e-10, 2.85917e-11, 1.01856e-07, 0.31664, 0.151837, 1173, 1173, 0.0216565, 0.204703, 1.22565e-17, 0.27564, 0.0458787, 0.45238, 2.3993e-05, 0.238244, 0.00179915, 3.52837e-10, 0.00195597, 3.60748e-05, 0.440979, 7.84114e-05, 9.99565e-07, 3.79126e-10, 1.80208e-12, 1.06794e-10, 2.84482e-11, 1.03328e-07, 0.316907, 0.151001, 1173, 1173, 0.021267, 0.203757, 1.25623e-17, 0.27935, 0.0448245, 0.449923, 2.39691e-05, 0.236949, 0.0018335, 3.50408e-10, 0.00196735, 3.69663e-05, 0.441874, 7.93861e-05, 9.88445e-07, 3.79147e-10, 1.78478e-12, 1.05747e-10, 2.82746e-11, 1.05189e-07, 0.317259, 0.149994, 1173, 1173, 0.0208635, 0.203084, 1.29863e-17, 0.28452, 0.0436863, 0.44807, 2.3998e-05, 0.235389, 0.00187616, 3.47595e-10, 0.0019811, 3.80686e-05, 0.442928, 8.05848e-05, 9.74891e-07, 3.7906e-10, 1.76421e-12, 1.04523e-10, 2.80743e-11, 1.07461e-07, 0.317706, 0.148765, 1173, 1173, 0.0203926, 0.202107, 1.35072e-17, 0.290336, 0.042345, 0.445559, 2.40111e-05, 0.233552, 0.00192809, 3.44463e-10, 0.00199733, 3.94055e-05, 0.444141, 8.20263e-05, 9.58834e-07, 3.78827e-10, 1.74053e-12, 1.03143e-10, 2.78527e-11, 1.10175e-07, 0.318259, 0.147176, 1173, 1173, 0.0198564, 0.200833, 1.41306e-17, 0.296555, 0.0408008, 0.442313, 2.40012e-05, 0.231411, 0.00199055, 3.41049e-10, 0.00201614, 4.10209e-05, 0.445546, 8.37357e-05, 9.40339e-07, 3.78486e-10, 1.71404e-12, 1.01624e-10, 2.76151e-11, 1.13409e-07, 0.318911, 0.0413651, 1173, 1173, 0.0192845, 0.199726, 1.49012e-17, 0.302893, 0.0391062, 0.438936, 2.39926e-05, 0.228885, 0.00206542, 3.37339e-10, 0.00203767, 4.30144e-05, 0.447278, 8.57498e-05, 9.19891e-07, 3.78339e-10, 1.68529e-12, 9.99747e-11, 2.73663e-11, 1.17372e-07, 0.319605, 0.0206708, 0.205868, 1173, 
0.0194737, 0.152529, 1173, 1173, 0.0209746, 0.206123, 1.19372e-17, 0.272172, 0.0468356, 0.454186, 2.40535e-05, 0.239297, 0.00176607, 3.38357e-10, 0.00194441, 3.53719e-05, 0.440574, 7.74571e-05, 1.01331e-06, 3.80386e-10, 1.78107e-12, 1.03386e-10, 2.75108e-11, 1.01958e-07, 0.316305, 0.152361, 1173, 1173, 0.0208962, 0.206008, 1.19959e-17, 0.273011, 0.0466325, 0.45383, 2.40571e-05, 0.239035, 0.00177273, 3.37749e-10, 0.00194668, 3.55475e-05, 0.440762, 7.76483e-05, 1.01111e-06, 3.8042e-10, 1.77726e-12, 1.03143e-10, 2.74669e-11, 1.02331e-07, 0.316369, 0.152021, 1173, 1173, 0.0207153, 0.205529, 1.2119e-17, 0.274371, 0.0461731, 0.452577, 2.40356e-05, 0.238511, 0.00178617, 3.36535e-10, 0.00195122, 3.59014e-05, 0.441136, 7.8033e-05, 1.00671e-06, 3.8048e-10, 1.76965e-12, 1.02657e-10, 2.73792e-11, 1.0308e-07, 0.316501, 0.151515, 1173, 1173, 0.0204911, 0.205261, 1.23242e-17, 0.27704, 0.0455908, 0.451702, 2.40566e-05, 0.237722, 0.00180664, 3.34705e-10, 0.00195805, 3.64396e-05, 0.441694, 7.8616e-05, 1.00005e-06, 3.80544e-10, 1.75819e-12, 1.01926e-10, 2.7247e-11, 1.04212e-07, 0.316703, 0.150849, 1173, 1173, 0.020187, 0.204817, 1.26029e-17, 0.280542, 0.0448049, 0.45037, 2.40758e-05, 0.236667, 0.00183453, 3.32254e-10, 0.00196717, 3.71709e-05, 0.442429, 7.94049e-05, 9.91091e-07, 3.80583e-10, 1.74284e-12, 1.00951e-10, 2.70703e-11, 1.05738e-07, 0.316984, 0.150002, 1173, 1173, 0.0198025, 0.204154, 1.29518e-17, 0.28486, 0.0438156, 0.448511, 2.40894e-05, 0.235342, 0.00187038, 3.29182e-10, 0.00197862, 3.81078e-05, 0.443336, 8.04101e-05, 9.79765e-07, 3.80554e-10, 1.72358e-12, 9.97339e-11, 2.68492e-11, 1.07671e-07, 0.317353, 0.14897, 1173, 1173, 0.0193049, 0.20289, 1.33666e-17, 0.289481, 0.0425531, 0.445304, 2.40527e-05, 0.233743, 0.00191491, 3.25476e-10, 0.00199243, 3.92677e-05, 0.44441, 8.1645e-05, 9.66006e-07, 3.80414e-10, 1.70036e-12, 9.82739e-11, 2.65832e-11, 1.10033e-07, 0.317818, 0.14772, 1173, 1173, 0.0187839, 0.201939, 1.3915e-17, 0.295687, 0.0412193, 0.442754, 2.40726e-05, 0.231857, 0.00196909, 3.21107e-10, 0.00200864, 4.06764e-05, 0.44565, 8.31279e-05, 9.49765e-07, 3.80127e-10, 1.67313e-12, 9.65679e-11, 2.62712e-11, 1.12857e-07, 0.318391, 0.146103, 1173, 1173, 0.0181742, 0.200603, 1.45639e-17, 0.302278, 0.0396679, 0.439251, 2.40595e-05, 0.22966, 0.00203422, 3.16074e-10, 0.00202732, 4.23776e-05, 0.447084, 8.48835e-05, 9.31092e-07, 3.79718e-10, 1.64202e-12, 9.46225e-11, 2.59147e-11, 1.16217e-07, 0.319067, 0.040486, 1173, 1173, 0.0175252, 0.199545, 1.53844e-17, 0.309357, 0.0379964, 0.435876, 2.40639e-05, 0.227079, 0.00211219, 3.10374e-10, 0.00204862, 4.44684e-05, 0.448833, 8.69479e-05, 9.10416e-07, 3.79449e-10, 1.60752e-12, 9.24501e-11, 2.55179e-11, 1.20311e-07, 0.319795, 0.0206708, 0.21644, 1173, 
0.0205263, 0.150075, 1173, 1173, 0.0171936, 0.206476, 1.26225e-17, 0.285139, 0.044215, 0.446659, 2.41482e-05, 0.235525, 0.00183925, 2.84688e-10, 0.0019627, 3.78867e-05, 0.444335, 7.94167e-05, 1.00012e-06, 3.8504e-10, 1.63403e-12, 8.83176e-11, 2.39192e-11, 1.07512e-07, 0.31622, 0.149916, 1173, 1173, 0.0171251, 0.206363, 1.26881e-17, 0.286004, 0.0440288, 0.446337, 2.41528e-05, 0.235271, 0.00184612, 2.84074e-10, 0.00196488, 3.80683e-05, 0.444509, 7.9609e-05, 9.97909e-07, 3.85031e-10, 1.63009e-12, 8.80767e-11, 2.38722e-11, 1.07886e-07, 0.316291, 0.149594, 1173, 1173, 0.0169861, 0.206097, 1.28247e-17, 0.287687, 0.0436504, 0.445615, 2.41576e-05, 0.234761, 0.00185996, 2.82852e-10, 0.00196924, 3.84339e-05, 0.444854, 7.99955e-05, 9.93465e-07, 3.85e-10, 1.62223e-12, 8.75976e-11, 2.37788e-11, 1.08636e-07, 0.316436, 0.149117, 1173, 1173, 0.0167811, 0.20569, 1.30338e-17, 0.290226, 0.0430883, 0.444537, 2.41648e-05, 0.233998, 0.00188099, 2.81047e-10, 0.0019758, 3.89879e-05, 0.445365, 8.05803e-05, 9.86762e-07, 3.84927e-10, 1.61048e-12, 8.68876e-11, 2.36405e-11, 1.09767e-07, 0.316659, 0.148488, 1173, 1173, 0.0164918, 0.204864, 1.32966e-17, 0.293247, 0.0422923, 0.442522, 2.41422e-05, 0.232981, 0.00190957, 2.78689e-10, 0.00198454, 3.97374e-05, 0.446035, 8.13695e-05, 9.77758e-07, 3.84776e-10, 1.59492e-12, 8.59566e-11, 2.34594e-11, 1.11282e-07, 0.316968, 0.147693, 1173, 1173, 0.016172, 0.204203, 1.36676e-17, 0.297613, 0.0413944, 0.440865, 2.41598e-05, 0.231711, 0.00194615, 2.75826e-10, 0.0019955, 4.06919e-05, 0.446853, 8.23719e-05, 9.66399e-07, 3.84502e-10, 1.57564e-12, 8.48208e-11, 2.32391e-11, 1.1319e-07, 0.31737, 0.146732, 1173, 1173, 0.0157873, 0.203157, 1.41156e-17, 0.30255, 0.0402939, 0.43842, 2.41537e-05, 0.230188, 0.0019914, 2.72558e-10, 0.0020087, 4.18642e-05, 0.447806, 8.3599e-05, 9.52621e-07, 3.84051e-10, 1.55289e-12, 8.35095e-11, 2.29864e-11, 1.155e-07, 0.317879, 0.145565, 1173, 1173, 0.0153565, 0.20179, 1.46544e-17, 0.308083, 0.0390184, 0.435354, 2.41306e-05, 0.228411, 0.00204612, 2.69047e-10, 0.0020242, 4.32732e-05, 0.448888, 8.50662e-05, 9.36381e-07, 3.83378e-10, 1.52712e-12, 8.20716e-11, 2.27135e-11, 1.18234e-07, 0.318502, 0.144049, 1173, 1173, 0.0149227, 0.200485, 1.53292e-17, 0.314505, 0.0376444, 0.432441, 2.41289e-05, 0.226362, 0.00211146, 2.65538e-10, 0.00204212, 4.49562e-05, 0.450117, 8.67953e-05, 9.17748e-07, 3.82505e-10, 1.49912e-12, 8.05799e-11, 2.24392e-11, 1.21452e-07, 0.319235, 0.0294332, 1173, 1173, 0.0144891, 0.19916, 1.6147e-17, 0.320593, 0.0361196, 0.42914, 2.41074e-05, 0.223973, 0.00218913, 2.6242e-10, 0.00206268, 4.70101e-05, 0.451621, 8.88207e-05, 8.97215e-07, 3.81739e-10, 1.4705e-12, 7.91517e-11, 2.2196e-11, 1.25359e-07, 0.320017, 0.0206708, 0.226575, 1173, 
