z, Pressure_0, Pressure_1, Pressure_2, Velocity_0, GasTemperature_0, SolidTemperature_0, CH4_0, CO_0, O2_0, CO2_0, H2_0, H2O_0, AR_0, H(s)_0, O(s)_0, CH4(s)_0, H2O(s)_0, CO2(s)_0, CO(s)_0, OH(s)_0, C(s)_0, HCO(s)_0, CH(s)_0, CH3(s)_0, CH2(s)_0, COOH(s)_0, Ni(s)_0, Velocity_1, GasTemperature_1, SolidTemperature_1, CH4_1, CO_1, O2_1, CO2_1, H2_1, H2O_1, AR_1, H(s)_1, O(s)_1, CH4(s)_1, H2O(s)_1, CO2(s)_1, CO(s)_1, OH(s)_1, C(s)_1, HCO(s)_1, CH(s)_1, CH3(s)_1, CH2(s)_1, COOH(s)_1, Ni(s)_1, Velocity_2, GasTemperature_2, SolidTemperature_2, CH4_2, CO_2, O2_2, CO2_2, H2_2, H2O_2, AR_2, H(s)_2, O(s)_2, CH4(s)_2, H2O(s)_2, CO2(s)_2, CO(s)_2, OH(s)_2, C(s)_2, HCO(s)_2, CH(s)_2, CH3(s)_2, CH2(s)_2, COOH(s)_2, Ni(s)_2, 
0.000526316, 1.00023e+06, 1.00022e+06, 1.00019e+06, 0.142096, 1173, 1173, 0.174221, 0.0183011, 4.77066e-17, 0.0285204, 0.190508, 0.58844, 8.86518e-06, 0.256734, 0.00748296, 4.25e-09, 0.00427792, 2.35486e-05, 0.260283, 0.000236479, 8.39037e-08, 6.42537e-11, 1.46981e-11, 1.22543e-09, 3.78975e-10, 4.89878e-08, 0.470962, 0.142153, 1173, 1173, 0.174127, 0.0182969, 4.73649e-17, 0.0283698, 0.191086, 0.588111, 8.85863e-06, 0.257022, 0.00745328, 4.24605e-09, 0.00427385, 2.34497e-05, 0.260213, 0.000235897, 8.4151e-08, 6.43108e-11, 1.46615e-11, 1.22376e-09, 3.78117e-10, 4.88559e-08, 0.470778, 0.143065, 1173, 1173, 0.173492, 0.0185356, 4.67236e-17, 0.028582, 0.192118, 0.587264, 8.86383e-06, 0.257083, 0.00738455, 4.22012e-09, 0.00425717, 2.35359e-05, 0.261384, 0.000234348, 8.56115e-08, 6.51633e-11, 1.45304e-11, 1.21517e-09, 3.74867e-10, 4.91668e-08, 0.469633, 
0.00157895, 1.00022e+06, 1.00021e+06, 1.00018e+06, 0.150797, 1173, 1173, 0.132356, 0.0343991, 1.62471e-17, 0.0423673, 0.282356, 0.508513, 8.37722e-06, 0.269798, 0.00376672, 2.78718e-09, 0.00319122, 2.23112e-05, 0.316527, 0.000144914, 2.32583e-07, 1.26916e-10, 7.98417e-12, 7.65414e-10, 2.09729e-10, 5.64415e-08, 0.40655, 0.150455, 1173, 1173, 0.132697, 0.0344139, 1.66317e-17, 0.0428006, 0.279945, 0.510135, 8.41292e-06, 0.268993, 0.00381624, 2.79801e-09, 0.00320557, 2.2614e-05, 0.316735, 0.000146191, 2.30266e-07, 1.26592e-10, 8.04427e-12, 7.68752e-10, 2.11221e-10, 5.69631e-08, 0.40708, 0.146797, 1173, 1173, 0.133985, 0.0345988, 1.81818e-17, 0.0445793, 0.270812, 0.516016, 8.54341e-06, 0.265746, 0.00400822, 2.83769e-09, 0.00325689, 2.3877e-05, 0.317917, 0.000151017, 2.22391e-07, 1.25731e-10, 8.27485e-12, 7.81121e-10, 2.169e-10, 5.91571e-08, 0.408897, 
0.00263158, 1.0002e+06, 1.0002e+06, 1.00017e+06, 0.155842, 1173, 1173, 0.108849, 0.0461892, 1.0087e-17, 0.0481329, 0.329351, 0.46747, 8.13976e-06, 0.271521, 0.00276636, 2.13593e-09, 0.00273365, 2.20098e-05, 0.344003, 0.000114942, 3.6899e-07, 1.71502e-10, 5.85862e-12, 5.82663e-10, 1.52108e-10, 6.01162e-08, 0.378839, 0.155063, 1173, 1173, 0.109334, 0.0463556, 1.05104e-17, 0.0492303, 0.324631, 0.470441, 8.21224e-06, 0.270063, 0.00282959, 2.14937e-09, 0.00275607, 2.25937e-05, 0.344678, 0.000116724, 3.63377e-07, 1.71195e-10, 5.92358e-12, 5.86401e-10, 1.53801e-10, 6.12677e-08, 0.379533, 0.150588, 1173, 1173, 0.110897, 0.0468532, 1.18413e-17, 0.052339, 0.311233, 0.47867, 8.41069e-06, 0.265821, 0.00301883, 2.19151e-09, 0.00281896, 2.43614e-05, 0.346661, 0.000121932, 3.47891e-07, 1.70309e-10, 6.1263e-12, 5.98209e-10, 1.59048e-10, 6.46854e-08, 0.381534, 
0.00368421, 1.00019e+06, 1.00019e+06, 1.00016e+06, 0.158986, 1173, 1173, 0.0930013, 0.0554629, 7.66013e-18, 0.0516575, 0.357565, 0.442305, 8.02174e-06, 0.270865, 0.00230831, 1.74724e-09, 0.00247635, 2.20556e-05, 0.361517, 9.99331e-05, 4.86618e-07, 2.05436e-10, 4.79623e-12, 4.7732e-10, 1.21536e-10, 6.27611e-08, 0.36271, 0.157887, 1173, 1173, 0.0935035, 0.0558179, 8.07519e-18, 0.0533103, 0.351217, 0.446143, 8.12237e-06, 0.268985, 0.00237514, 1.76018e-09, 0.00250282, 2.28391e-05, 0.362578, 0.00010191, 4.77854e-07, 2.05315e-10, 4.8523e-12, 4.80646e-10, 1.23094e-10, 6.44118e-08, 0.363433, 0.148966, 1173, 1173, 0.0949148, 0.0567799, 9.22627e-18, 0.0574834, 0.335374, 0.455439, 8.36716e-06, 0.264145, 0.00255172, 1.79552e-09, 0.00256753, 2.49578e-05, 0.365371, 0.000106986, 4.56937e-07, 2.05089e-10, 5.00781e-12, 4.89876e-10, 1.27341e-10, 6.8783e-08, 0.365232, 
0.00473684, 1.00018e+06, 1.00018e+06, 1.00015e+06, 0.160963, 1173, 1173, 0.0812163, 0.0631343, 6.42212e-18, 0.054466, 0.375659, 0.425516, 7.97664e-06, 0.269391, 0.00205101, 1.48053e-09, 0.00231161, 2.23088e-05, 0.374188, 9.10119e-05, 5.86874e-07, 2.32576e-10, 4.15152e-12, 4.06261e-10, 1.02026e-10, 6.50644e-08, 0.351944, 0.159599, 1173, 1173, 0.0816486, 0.0637077, 6.82365e-18, 0.0565925, 0.368171, 0.429872, 8.09849e-06, 0.267207, 0.00211822, 1.49128e-09, 0.00233978, 2.32489e-05, 0.375595, 9.3053e-05, 5.75628e-07, 2.32785e-10, 4.19459e-12, 4.08793e-10, 1.03327e-10, 6.71276e-08, 0.352623, 0.149797, 1173, 1173, 0.082858, 0.0650969, 7.87097e-18, 0.0615974, 0.350682, 0.439757, 8.37643e-06, 0.261982, 0.00228547, 1.52029e-09, 0.00240454, 2.56295e-05, 0.378956, 9.79851e-05, 5.50165e-07, 2.33202e-10, 4.31187e-12, 4.15847e-10, 1.06762e-10, 7.22238e-08, 0.354249, 
0.00578947, 1.00017e+06, 1.00017e+06, 1.00014e+06, 0.162117, 1173, 1173, 0.0719385, 0.069709, 5.71144e-18, 0.0570541, 0.387451, 0.413839, 7.97852e-06, 0.267549, 0.00189136, 1.28246e-09, 0.00219856, 2.27152e-05, 0.384072, 8.52343e-05, 6.71963e-07, 2.55037e-10, 3.71436e-12, 3.53995e-10, 8.82462e-11, 6.72792e-08, 0.34418, 0.160575, 1173, 1173, 0.0722976, 0.0704678, 6.09987e-18, 0.0595613, 0.37914, 0.418525, 8.11648e-06, 0.265161, 0.00195837, 1.29127e-09, 0.00222762, 2.37758e-05, 0.385716, 8.73025e-05, 6.58498e-07, 2.5551e-10, 3.74591e-12, 3.55853e-10, 8.93219e-11, 6.96616e-08, 0.344826, 0.146321, 1173, 1173, 0.0732525, 0.0722674, 7.07782e-18, 0.0652754, 0.360502, 0.428694, 8.42039e-06, 0.259652, 0.00211859, 1.31383e-09, 0.00229134, 2.63756e-05, 0.389532, 9.20926e-05, 6.29532e-07, 2.56584e-10, 3.83015e-12, 3.60851e-10, 9.20359e-11, 7.53573e-08, 0.346286, 
0.00684211, 1.00016e+06, 1.00016e+06, 1.00013e+06, 0.162699, 1173, 1173, 0.0643293, 0.0754835, 5.27815e-18, 0.0596091, 0.394978, 0.405592, 8.01636e-06, 0.265521, 0.00178731, 1.12721e-09, 0.00211792, 2.32438e-05, 0.392166, 8.13232e-05, 7.43867e-07, 2.74066e-10, 3.39366e-12, 3.13244e-10, 7.78321e-11, 6.95089e-08, 0.338303, 0.161008, 1173, 1173, 0.0645781, 0.0764385, 5.65726e-18, 0.0624633, 0.386064, 0.410448, 8.1671e-06, 0.262966, 0.00185369, 1.13354e-09, 0.00214701, 2.44119e-05, 0.394032, 8.33864e-05, 7.28841e-07, 2.74862e-10, 3.41363e-12, 3.14319e-10, 7.86605e-11, 7.21739e-08, 0.338893, 0.145894, 1173, 1173, 0.0652914, 0.0785925, 6.59207e-18, 0.0687965, 0.366568, 0.420743, 8.49094e-06, 0.257252, 0.00200917, 1.15057e-09, 0.00220953, 2.7203e-05, 0.398177, 8.80676e-05, 6.96864e-07, 2.76459e-10, 3.47073e-12, 3.17603e-10, 8.07839e-11, 7.83705e-08, 0.340237, 
0.00789474, 1.00014e+06, 1.00014e+06, 1.00011e+06, 0.162819, 1173, 1173, 0.0579039, 0.0806837, 5.01395e-18, 0.0622436, 0.399411, 0.39975, 8.07896e-06, 0.263361, 0.00171824, 1.00076e-09, 0.0020589, 2.3885e-05, 0.399072, 7.86176e-05, 8.04613e-07, 2.9056e-10, 3.14417e-12, 2.80118e-10, 6.95729e-11, 7.1825e-08, 0.333686, 0.16103, 1173, 1173, 0.058068, 0.0817851, 5.38917e-18, 0.0653882, 0.390039, 0.404712, 8.23986e-06, 0.260695, 0.0017844, 1.0053e-09, 0.002088, 2.51431e-05, 0.401073, 8.06809e-05, 7.88031e-07, 2.91545e-10, 3.15488e-12, 2.80623e-10, 7.02126e-11, 7.47161e-08, 0.334253, 0.141536, 1173, 1173, 0.0585526, 0.0842368, 6.30011e-18, 0.0722756, 0.369898, 0.415029, 8.58067e-06, 0.254832, 0.00193682, 1.0175e-09, 0.00214927, 2.81068e-05, 0.405449, 8.52803e-05, 7.53435e-07, 2.93523e-10, 3.18909e-12, 2.82444e-10, 7.18377e-11, 8.13398e-08, 0.335518, 
0.00894737, 1.00013e+06, 1.00013e+06, 1.0001e+06, 0.162609, 1173, 1173, 0.0523626, 0.0853902, 4.86232e-18, 0.0649701, 0.401525, 0.395744, 8.16459e-06, 0.261143, 0.00167341, 8.95e-10, 0.00201576, 2.46186e-05, 0.40506, 7.67682e-05, 8.55146e-07, 3.04916e-10, 2.94075e-12, 2.52402e-10, 6.27935e-11, 7.42257e-08, 0.330005, 0.160741, 1173, 1173, 0.0524318, 0.086634, 5.23642e-18, 0.0683912, 0.391797, 0.400737, 8.33361e-06, 0.258383, 0.00173944, 8.9765e-10, 0.00204454, 2.59628e-05, 0.407181, 7.88249e-05, 8.37403e-07, 3.06087e-10, 2.94284e-12, 2.52331e-10, 6.32492e-11, 7.73244e-08, 0.330546, 0.140479, 1173, 1173, 0.0527066, 0.0893361, 6.13791e-18, 0.075798, 0.371146, 0.411005, 8.68768e-06, 0.252405, 0.00189021, 9.05656e-10, 0.0021046, 2.9091e-05, 0.411722, 8.33681e-05, 8.00497e-07, 3.08323e-10, 2.95758e-12, 2.52903e-10, 6.44511e-11, 8.43286e-08, 0.331765, 
0.01, 1.00012e+06, 1.00012e+06, 1.00009e+06, 0.162101, 1173, 1173, 0.0474955, 0.0897585, 4.79088e-18, 0.0678651, 0.40179, 0.393083, 8.26494e-06, 0.258843, 0.00164591, 8.0439e-10, 0.00198391, 2.54526e-05, 0.410432, 7.5531e-05, 8.97275e-07, 3.17688e-10, 2.76842e-12, 2.28599e-10, 5.70606e-11, 7.67647e-08, 0.326993, 0.160183, 1173, 1173, 0.047483, 0.0911063, 5.16754e-18, 0.0715334, 0.391787, 0.398082, 8.44123e-06, 0.25602, 0.0017122, 8.05497e-10, 0.00201244, 2.68753e-05, 0.412621, 7.75889e-05, 8.7836e-07, 3.1894e-10, 2.76313e-12, 2.28062e-10, 5.73628e-11, 8.00402e-08, 0.32753, 0.135673, 1173, 1173, 0.0475661, 0.0939946, 6.06977e-18, 0.0794232, 0.370739, 0.408268, 8.80746e-06, 0.249965, 0.00186255, 8.09865e-10, 0.0020715, 3.01599e-05, 0.417248, 8.21026e-05, 8.39204e-07, 3.21262e-10, 2.76096e-12, 2.27566e-10, 5.82008e-11, 8.73784e-08, 0.32874, 
0.0110526, 1.00011e+06, 1.00011e+06, 1.00008e+06, 0.161396, 1173, 1173, 0.0431923, 0.0937304, 4.78269e-18, 0.07086, 0.400614, 0.391595, 8.38282e-06, 0.256549, 0.00163232, 7.26087e-10, 0.00196175, 2.63593e-05, 0.415182, 7.47973e-05, 9.30818e-07, 3.28802e-10, 2.61823e-12, 2.07945e-10, 5.21417e-11, 7.9382e-08, 0.324573, 0.159433, 1173, 1173, 0.0430926, 0.0951835, 5.1651e-18, 0.0747809, 0.390379, 0.396556, 8.56483e-06, 0.253663, 0.0016991, 7.25591e-10, 0.00198983, 2.7863e-05, 0.417441, 7.68563e-05, 9.11055e-07, 3.30142e-10, 2.6061e-12, 2.06942e-10, 5.22945e-11, 8.28316e-08, 0.325101, 0.134305, 1173, 1173, 0.0429978, 0.0982318, 6.077e-18, 0.0831505, 0.369008, 0.406603, 8.94027e-06, 0.24754, 0.00184992, 7.26679e-10, 0.00204782, 3.13056e-05, 0.422132, 8.13547e-05, 8.70023e-07, 3.32484e-10, 2.58917e-12, 2.055e-10, 5.28115e-11, 9.04848e-08, 0.326316, 
0.0121053, 1.0001e+06, 1.0001e+06, 1.00007e+06, 0.160467, 1173, 1173, 0.0392733, 0.0975451, 4.8246e-18, 0.0741171, 0.398157, 0.390899, 8.51052e-06, 0.254149, 0.00162916, 6.56043e-10, 0.00194591, 2.73786e-05, 0.419643, 7.44225e-05, 9.58373e-07, 3.38979e-10, 2.48202e-12, 1.89373e-10, 4.77584e-11, 8.21978e-08, 0.322529, 0.158492, 1173, 1173, 0.0391189, 0.0990394, 5.21629e-18, 0.0782495, 0.387756, 0.395827, 8.69751e-06, 0.25124, 0.00169686, 6.54587e-10, 0.00197383, 2.89532e-05, 0.421899, 7.64963e-05, 9.37448e-07, 3.4023e-10, 2.46451e-12, 1.88083e-10, 4.78066e-11, 8.57824e-08, 0.323085, 0.129288, 1173, 1173, 0.0388853, 0.102156, 6.14589e-18, 0.087048, 0.366159, 0.405742, 9.082e-06, 0.245097, 0.00184916, 6.53213e-10, 0.00203116, 3.25427e-05, 0.426558, 8.10066e-05, 8.94255e-07, 3.42349e-10, 2.43517e-12, 1.85935e-10, 4.80674e-11, 9.36958e-08, 0.32435, 
0.0131579, 1.00008e+06, 1.00008e+06, 1.00006e+06, 0.159444, 1173, 1173, 0.0358217, 0.100909, 4.91206e-18, 0.0773932, 0.394784, 0.391083, 8.65166e-06, 0.251842, 0.00163589, 5.95477e-10, 0.00193736, 2.84396e-05, 0.423515, 7.44122e-05, 9.77774e-07, 3.47482e-10, 2.35985e-12, 1.73205e-10, 4.39623e-11, 8.50201e-08, 0.320966, 0.157446, 1173, 1173, 0.0355875, 0.102478, 5.31506e-18, 0.0817697, 0.384227, 0.395929, 8.84298e-06, 0.248886, 0.00170463, 5.92616e-10, 0.00196479, 3.00955e-05, 0.425811, 7.64956e-05, 9.56262e-07, 3.48742e-10, 2.33676e-12, 1.71522e-10, 4.38847e-11, 8.87592e-08, 0.321526, 0.127794, 1173, 1173, 0.0351899, 0.105696, 6.27071e-18, 0.091049, 0.362416, 0.40564, 9.23441e-06, 0.242691, 0.001859, 5.88346e-10, 0.00202106, 3.38492e-05, 0.43049, 8.10197e-05, 9.11678e-07, 3.50731e-10, 2.29536e-12, 1.68574e-10, 4.38758e-11, 9.69573e-08, 0.322823, 
0.0142105, 1.00007e+06, 1.00007e+06, 1.00005e+06, 0.158215, 1173, 1173, 0.0325149, 0.104329, 5.03991e-18, 0.0810908, 0.390372, 0.391685, 8.80135e-06, 0.249346, 0.00164975, 5.38161e-10, 0.00193192, 2.96522e-05, 0.427391, 7.4622e-05, 9.93732e-07, 3.55691e-10, 2.24121e-12, 1.57808e-10, 4.03606e-11, 8.81478e-08, 0.319577, 0.156231, 1173, 1173, 0.0322499, 0.105881, 5.45726e-18, 0.0856532, 0.379731, 0.396476, 8.99615e-06, 0.246395, 0.00172002, 5.34799e-10, 0.0019593, 3.13752e-05, 0.429627, 7.67327e-05, 9.71029e-07, 3.56712e-10, 2.21421e-12, 1.55978e-10, 4.0215e-11, 9.19897e-08, 0.320189, 0.122713, 1173, 1173, 0.0317716, 0.109043, 6.44453e-18, 0.0953114, 0.357827, 0.406038, 9.3938e-06, 0.24023, 0.00187751, 5.29166e-10, 0.00201532, 3.52688e-05, 0.434167, 8.13064e-05, 9.24177e-07, 3.58166e-10, 2.16397e-12, 1.52649e-10, 4.00396e-11, 1.00381e-07, 0.321593, 
0.0152632, 1.00006e+06, 1.00006e+06, 1.00004e+06, 0.157001, 1173, 1173, 0.0297371, 0.107101, 5.20379e-18, 0.0845995, 0.385493, 0.39306, 8.95899e-06, 0.247083, 0.00167178, 4.90794e-10, 0.00193322, 3.08463e-05, 0.430528, 7.51438e-05, 1.00102e-06, 3.61826e-10, 2.13675e-12, 1.44957e-10, 3.73588e-11, 9.11221e-08, 0.318677, 0.155003, 1173, 1173, 0.0293873, 0.108715, 5.63912e-18, 0.089419, 0.374732, 0.397738, 9.15768e-06, 0.244086, 0.00174366, 4.85968e-10, 0.00196006, 3.26573e-05, 0.432799, 7.72731e-05, 9.78023e-07, 3.62822e-10, 2.10473e-12, 1.42735e-10, 3.70916e-11, 9.51156e-08, 0.3193, 0.121224, 1173, 1173, 0.0287407, 0.111948, 6.66629e-18, 0.0995899, 0.352677, 0.407035, 9.56103e-06, 0.237864, 0.00190458, 4.77419e-10, 0.00201492, 3.673e-05, 0.437352, 8.18822e-05, 9.30369e-07, 3.64083e-10, 2.04385e-12, 1.38633e-10, 3.66635e-11, 1.03784e-07, 0.320745, 
0.0163158, 1.00005e+06, 1.00005e+06, 1.00003e+06, 0.155523, 1173, 1173, 0.0267784, 0.110276, 5.40963e-18, 0.0888903, 0.379494, 0.394552, 9.13092e-06, 0.244441, 0.00169972, 4.40675e-10, 0.00193492, 3.22911e-05, 0.434062, 7.58023e-05, 1.00786e-06, 3.68562e-10, 2.024e-12, 1.31302e-10, 3.41617e-11, 9.46439e-08, 0.317753, 0.153569, 1173, 1173, 0.0264429, 0.111797, 5.86523e-18, 0.0938461, 0.368749, 0.399156, 9.33022e-06, 0.241489, 0.00177358, 4.36118e-10, 0.00196183, 3.4159e-05, 0.436205, 7.79684e-05, 9.83553e-07, 3.69134e-10, 1.99007e-12, 1.29152e-10, 3.38803e-11, 9.86912e-08, 0.318457, 0.116162, 1173, 1173, 0.0258099, 0.114819, 6.93885e-18, 0.104291, 0.346776, 0.408294, 9.7355e-06, 0.235368, 0.00193889, 4.27827e-10, 0.00201687, 3.83505e-05, 0.440485, 8.26567e-05, 9.3338e-07, 3.69497e-10, 1.92475e-12, 1.2513e-10, 3.34028e-11, 1.07451e-07, 0.320069, 
0.0173684, 1.00004e+06, 1.00004e+06, 1.00003e+06, 0.15426, 1173, 1173, 0.0246708, 0.11236, 5.64105e-18, 0.0924246, 0.373767, 0.396768, 9.29336e-06, 0.242339, 0.00173368, 4.05571e-10, 0.00194376, 3.35583e-05, 0.436445, 7.67306e-05, 1.00471e-06, 3.72296e-10, 1.93657e-12, 1.21576e-10, 3.1888e-11, 9.76128e-08, 0.317427, 0.152281, 1173, 1173, 0.0242281, 0.113945, 6.12075e-18, 0.0976799, 0.362876, 0.401261, 9.49842e-06, 0.239322, 0.00181, 3.99193e-10, 0.00197021, 3.55299e-05, 0.438638, 7.89332e-05, 9.80328e-07, 3.72845e-10, 1.89732e-12, 1.18948e-10, 3.14688e-11, 1.01831e-07, 0.318144, 0.114783, 1173, 1173, 0.0233635, 0.11707, 7.2523e-18, 0.108761, 0.340697, 0.410098, 9.91194e-06, 0.23309, 0.00198046, 3.86932e-10, 0.00202399, 3.99405e-05, 0.442992, 8.36855e-05, 9.30052e-07, 3.73092e-10, 1.82015e-12, 1.13892e-10, 3.06838e-11, 1.10921e-07, 0.319788, 
0.0184211, 1.00002e+06, 1.00002e+06, 1.00002e+06, 0.152481, 1173, 1173, 0.0217606, 0.115471, 5.94837e-18, 0.0977079, 0.366036, 0.399015, 9.50008e-06, 0.239397, 0.00177719, 3.57095e-10, 0.00195131, 3.53527e-05, 0.439891, 7.78383e-05, 1.00369e-06, 3.77952e-10, 1.8172e-12, 1.08197e-10, 2.87254e-11, 1.01762e-07, 0.316869, 0.150589, 1173, 1173, 0.0213784, 0.116898, 6.44964e-18, 0.103024, 0.35534, 0.403349, 9.70034e-06, 0.236475, 0.00185528, 3.51719e-10, 0.00197753, 3.73625e-05, 0.441897, 8.00628e-05, 9.78294e-07, 3.77954e-10, 1.77826e-12, 1.05859e-10, 2.8342e-11, 1.05964e-07, 0.317677, 0.109771, 1173, 1173, 0.0206935, 0.119609, 7.63131e-18, 0.114116, 0.333626, 0.411946, 1.01042e-05, 0.230478, 0.00202997, 3.42443e-10, 0.00203151, 4.18267e-05, 0.445794, 8.48822e-05, 9.25589e-07, 3.76908e-10, 1.70395e-12, 1.01646e-10, 2.76951e-11, 1.14946e-07, 0.319539, 
0.0194737, 1.00001e+06, 1.00001e+06, 1.00001e+06, 0.151438, 1173, 1173, 0.0205145, 0.116691, 6.1976e-18, 0.100554, 0.360784, 0.401447, 9.63437e-06, 0.237759, 0.00181471, 3.36767e-10, 0.0019639, 3.64797e-05, 0.44136, 7.89092e-05, 9.94034e-07, 3.79328e-10, 1.75761e-12, 1.02387e-10, 2.73657e-11, 1.0425e-07, 0.316986, 0.149489, 1173, 1173, 0.0200234, 0.118158, 6.73792e-18, 0.106231, 0.349769, 0.405809, 9.84541e-06, 0.234733, 0.00189731, 3.29591e-10, 0.0019906, 3.86197e-05, 0.443417, 8.12314e-05, 9.67921e-07, 3.7921e-10, 1.71314e-12, 9.95639e-11, 2.68517e-11, 1.08668e-07, 0.317841, 0.108639, 1173, 1173, 0.0189768, 0.121034, 8.01681e-18, 0.11831, 0.327368, 0.414302, 1.02731e-05, 0.228471, 0.00208213, 3.14261e-10, 0.0020446, 4.34119e-05, 0.447499, 8.62423e-05, 9.14475e-07, 3.78074e-10, 1.62187e-12, 9.37397e-11, 2.577e-11, 1.18178e-07, 0.319772, 
0.0205263, 1e+06, 1e+06, 1e+06, 0.148991, 1173, 1173, 0.0172121, 0.119924, 6.73469e-18, 0.108173, 0.349407, 0.405274, 9.93133e-06, 0.233972, 0.00189162, 2.82543e-10, 0.00198254, 3.90799e-05, 0.445057, 8.09456e-05, 9.79966e-07, 3.83624e-10, 1.60775e-12, 8.7178e-11, 2.3719e-11, 1.09903e-07, 0.316976, 0.147186, 1173, 1173, 0.0167616, 0.121217, 7.29731e-18, 0.11388, 0.338926, 0.409205, 1.0131e-05, 0.2311, 0.00197471, 2.75941e-10, 0.00200754, 4.12364e-05, 0.446902, 8.32239e-05, 9.54334e-07, 3.83002e-10, 1.56403e-12, 8.4579e-11, 2.32144e-11, 1.14215e-07, 0.31789, 0.103515, 1173, 1173, 0.0160112, 0.123561, 8.58771e-18, 0.125457, 0.318189, 0.416772, 1.05186e-05, 0.225353, 0.002156, 2.65275e-10, 0.00205775, 4.58915e-05, 0.450373, 8.8041e-05, 9.0243e-07, 3.80697e-10, 1.48375e-12, 8.01649e-11, 2.23909e-11, 1.23161e-07, 0.319925, 
