z, Pressure_0, Pressure_1, Pressure_2, Pressure_3, Velocity_0, GasTemperature_0, SolidTemperature_0, CH4_0, CO_0, O2_0, CO2_0, H2_0, H2O_0, AR_0, H(s)_0, O(s)_0, CH4(s)_0, H2O(s)_0, CO2(s)_0, CO(s)_0, OH(s)_0, C(s)_0, HCO(s)_0, CH(s)_0, CH3(s)_0, CH2(s)_0, COOH(s)_0, Ni(s)_0, Velocity_1, GasTemperature_1, SolidTemperature_1, CH4_1, CO_1, O2_1, CO2_1, H2_1, H2O_1, AR_1, H(s)_1, O(s)_1, CH4(s)_1, H2O(s)_1, CO2(s)_1, CO(s)_1, OH(s)_1, C(s)_1, HCO(s)_1, CH(s)_1, CH3(s)_1, CH2(s)_1, COOH(s)_1, Ni(s)_1, Velocity_2, GasTemperature_2, SolidTemperature_2, CH4_2, CO_2, O2_2, CO2_2, H2_2, H2O_2, AR_2, H(s)_2, O(s)_2, CH4(s)_2, H2O(s)_2, CO2(s)_2, CO(s)_2, OH(s)_2, C(s)_2, HCO(s)_2, CH(s)_2, CH3(s)_2, CH2(s)_2, COOH(s)_2, Ni(s)_2, Velocity_3_3, GasTemperature_3_3, SolidTemperature_3_3, CH4_3_3, CO_3_3, O2_3_3, CO2_3_3, H2_3_3, H2O_3_3, AR_3_3, H(s)_3_3, O(s)_3_3, CH4(s)_3_3, H2O(s)_3_3, CO2(s)_3_3, CO(s)_3_3, OH(s)_3_3, C(s)_3_3, HCO(s)_3_3, CH(s)_3_3, CH3(s)_3_3, CH2(s)_3_3, COOH(s)_3_3, Ni(s)_3_3, 
0.000526316, 1.00023e+06, 1.00023e+06, 1.00023e+06, 1.0017e+06, 0.141971, 1173, 1173, 0.180826, 0.0332635, 9.96746e-17, 0.0820402, 0.0247363, 0.686339, 2.29515e-05, 0.256222, 0.00752379, 4.25117e-09, 0.00428233, 2.37498e-05, 0.260648, 0.000237245, 8.37405e-08, 6.43224e-11, 1.47361e-11, 1.22656e-09, 3.79821e-10, 4.92974e-08, 0.471062, 0.141798, 1173, 1173, 0.180656, 0.0332645, 9.64537e-17, 0.0825149, 0.0245904, 0.685944, 2.29496e-05, 0.25576, 0.00756729, 4.25516e-09, 0.00428791, 2.39226e-05, 0.260861, 0.000238085, 8.34552e-08, 6.43017e-11, 1.47845e-11, 1.22853e-09, 3.80939e-10, 4.95454e-08, 0.471262, 0.141249, 1173, 1173, 0.179956, 0.0328527, 1.11576e-16, 0.0833672, 0.0238188, 0.68301, 2.28636e-05, 0.253768, 0.00780678, 4.29269e-09, 0.00432397, 2.45959e-05, 0.260884, 0.000242838, 8.12153e-08, 6.35865e-11, 1.50963e-11, 1.24388e-09, 3.8831e-10, 5.03642e-08, 0.47295, 0.139013, 1173, 1173, 0.188697, 0.0253265, 1.60451e-16, 0.0670708, 0.0192567, 0.696303, 2.27167e-05, 0.244114, 0.0103893, 4.88113e-09, 0.00478029, 2.59073e-05, 0.241226, 0.000294547, 5.40369e-08, 4.845e-11, 1.90823e-11, 1.47062e-09, 4.84426e-10, 4.83795e-08, 0.49917, 
0.00157895, 1.00022e+06, 1.00022e+06, 1.00022e+06, 1.00162e+06, 0.150538, 1173, 1173, 0.144325, 0.0657532, 3.67106e-17, 0.128122, 0.0385266, 0.623453, 2.28057e-05, 0.269245, 0.00378789, 2.78729e-09, 0.00319542, 2.25258e-05, 0.317016, 0.000145416, 2.32245e-07, 1.27159e-10, 7.99938e-12, 7.65575e-10, 2.10063e-10, 5.68621e-08, 0.406588, 0.150244, 1173, 1173, 0.14434, 0.0655461, 3.64552e-17, 0.129109, 0.038083, 0.623473, 2.28187e-05, 0.268464, 0.00383748, 2.79983e-09, 0.00320956, 2.28168e-05, 0.317164, 0.000146688, 2.29849e-07, 1.26769e-10, 8.06418e-12, 7.69363e-10, 2.11681e-10, 5.735e-08, 0.407155, 0.149127, 1173, 1173, 0.145025, 0.0640173, 4.82065e-17, 0.13015, 0.0366853, 0.623597, 2.27874e-05, 0.266505, 0.0040099, 2.85954e-09, 0.00326318, 2.35192e-05, 0.316291, 0.000151194, 2.19793e-07, 1.24144e-10, 8.32983e-12, 7.87085e-10, 2.18444e-10, 5.8313e-08, 0.409756, 0.144847, 1173, 1173, 0.15881, 0.0501868, 5.13794e-17, 0.11307, 0.0317715, 0.646182, 2.28181e-05, 0.26377, 0.00505274, 3.36292e-09, 0.00363144, 2.36827e-05, 0.295799, 0.000179039, 1.54803e-07, 9.82261e-11, 1.03492e-11, 9.37677e-10, 2.7052e-10, 5.5198e-08, 0.431545, 
0.00263158, 1.00021e+06, 1.00021e+06, 1.00021e+06, 1.00153e+06, 0.155828, 1173, 1173, 0.121629, 0.0903065, 2.28712e-17, 0.148177, 0.0462466, 0.58677, 2.26637e-05, 0.271407, 0.00276677, 2.13451e-09, 0.00273281, 2.20508e-05, 0.34419, 0.000114933, 3.69419e-07, 1.71721e-10, 5.85612e-12, 5.82255e-10, 1.52025e-10, 6.02137e-08, 0.378766, 0.15523, 1173, 1173, 0.122818, 0.0906852, 1.27991e-17, 0.15088, 0.0459685, 0.592054, 2.28761e-05, 0.270476, 0.00281353, 2.14978e-09, 0.00275026, 2.24192e-05, 0.344387, 0.00011627, 3.64501e-07, 1.71102e-10, 5.91657e-12, 5.86452e-10, 1.53634e-10, 6.09028e-08, 0.379434, 0.153798, 1173, 1173, 0.124352, 0.0876503, 2.42944e-17, 0.151343, 0.0440981, 0.592823, 2.28181e-05, 0.268793, 0.00296069, 2.22261e-09, 0.00281201, 2.30942e-05, 0.342753, 0.000120603, 3.44679e-07, 1.66456e-10, 6.16394e-12, 6.06553e-10, 1.60362e-10, 6.18417e-08, 0.382538, 0.149784, 1173, 1173, 0.138632, 0.0696603, 2.60286e-17, 0.135603, 0.0386832, 0.612638, 2.27536e-05, 0.267767, 0.00366152, 2.67018e-09, 0.00313158, 2.32956e-05, 0.32369, 0.000141534, 2.50696e-07, 1.35282e-10, 7.63449e-12, 7.32672e-10, 2.00184e-10, 5.92062e-08, 0.401585, 
0.00368421, 1.0002e+06, 1.0002e+06, 1.0002e+06, 1.00144e+06, 0.159285, 1173, 1173, 0.106745, 0.111273, 1.73268e-17, 0.161866, 0.0519221, 0.569119, 2.28562e-05, 0.271351, 0.00228702, 1.74318e-09, 0.00246646, 2.1845e-05, 0.361368, 9.92722e-05, 4.90155e-07, 2.05734e-10, 4.77981e-12, 4.76246e-10, 1.21058e-10, 6.2325e-08, 0.362406, 0.158605, 1173, 1173, 0.106906, 0.110078, 1.63875e-17, 0.162826, 0.0509132, 0.568109, 2.28052e-05, 0.270437, 0.00233393, 1.76406e-09, 0.00248784, 2.22296e-05, 0.361319, 0.000100719, 4.81307e-07, 2.04458e-10, 4.84444e-12, 4.81758e-10, 1.22913e-10, 6.30537e-08, 0.363299, 0.156955, 1173, 1173, 0.109654, 0.106433, 1.97713e-17, 0.163927, 0.049021, 0.572461, 2.28583e-05, 0.268955, 0.00246462, 1.84209e-09, 0.00255217, 2.28996e-05, 0.359322, 0.00010483, 4.5272e-07, 1.98365e-10, 5.06966e-12, 5.02634e-10, 1.29401e-10, 6.40218e-08, 0.366578, 0.150554, 1173, 1173, 0.12475, 0.0871084, 2.77047e-17, 0.152051, 0.0436144, 0.594862, 2.29573e-05, 0.268189, 0.00300949, 2.2401e-09, 0.00283481, 2.33937e-05, 0.342559, 0.000122085, 3.39208e-07, 1.65511e-10, 6.22999e-12, 6.11687e-10, 1.62146e-10, 6.23861e-08, 0.383261, 
0.00473684, 1.00019e+06, 1.00019e+06, 1.00018e+06, 1.00135e+06, 0.161823, 1173, 1173, 0.0946624, 0.127775, 1.45782e-17, 0.170394, 0.0557215, 0.553236, 2.28958e-05, 0.270742, 0.0020096, 1.47826e-09, 0.00229276, 2.17299e-05, 0.373288, 8.97206e-05, 5.94118e-07, 2.32363e-10, 4.13616e-12, 4.05847e-10, 1.01521e-10, 6.37634e-08, 0.351556, 0.161008, 1173, 1173, 0.0950836, 0.126108, 1.60527e-17, 0.171272, 0.0545728, 0.552439, 2.2838e-05, 0.26987, 0.00205481, 1.50205e-09, 0.002316, 2.21197e-05, 0.373083, 9.11827e-05, 5.81782e-07, 2.30584e-10, 4.19882e-12, 4.1199e-10, 1.03442e-10, 6.45138e-08, 0.352562, 0.159209, 1173, 1173, 0.0981241, 0.1213, 1.61116e-17, 0.17195, 0.0524079, 0.556233, 2.28507e-05, 0.268557, 0.00217509, 1.58322e-09, 0.00238176, 2.27835e-05, 0.370815, 9.5136e-05, 5.45166e-07, 2.23284e-10, 4.40608e-12, 4.33308e-10, 1.0974e-10, 6.5498e-08, 0.355952, 0.152782, 1173, 1173, 0.112866, 0.101485, 2.15469e-17, 0.163239, 0.0468921, 0.578058, 2.3017e-05, 0.267612, 0.00263141, 1.94021e-09, 0.00263716, 2.35848e-05, 0.35622, 0.000110107, 4.18483e-07, 1.90408e-10, 5.35977e-12, 5.29384e-10, 1.37681e-10, 6.48705e-08, 0.370765, 
0.00578947, 1.00018e+06, 1.00017e+06, 1.00017e+06, 1.00125e+06, 0.163584, 1173, 1173, 0.0846864, 0.141282, 1.22886e-17, 0.176638, 0.0583411, 0.539508, 2.28796e-05, 0.26984, 0.00182993, 1.28338e-09, 0.00216977, 2.1718e-05, 0.382354, 8.32881e-05, 6.84397e-07, 2.5418e-10, 3.70728e-12, 3.5469e-10, 8.78564e-11, 6.49662e-08, 0.3437, 0.16275, 1173, 1173, 0.0852708, 0.139011, 1.02477e-17, 0.177214, 0.0570357, 0.53837, 2.27942e-05, 0.269028, 0.00187386, 1.30966e-09, 0.0021944, 2.21059e-05, 0.381992, 8.47588e-05, 6.68625e-07, 2.51895e-10, 3.76804e-12, 3.61382e-10, 8.98386e-11, 6.57167e-08, 0.344804, 0.160851, 1173, 1173, 0.0891779, 0.13454, 9.49294e-18, 0.179314, 0.0551262, 0.546168, 2.29732e-05, 0.267771, 0.001986, 1.39035e-09, 0.00225979, 2.27951e-05, 0.379708, 8.85486e-05, 6.25857e-07, 2.43941e-10, 3.95517e-12, 3.82275e-10, 9.58143e-11, 6.67992e-08, 0.348163, 0.151826, 1173, 1173, 0.102093, 0.113425, 1.68942e-17, 0.171623, 0.048853, 0.560253, 2.29159e-05, 0.266384, 0.00238628, 1.71233e-09, 0.00249377, 2.39275e-05, 0.367194, 0.000101964, 4.90461e-07, 2.12027e-10, 4.75735e-12, 4.67734e-10, 1.20156e-10, 6.72024e-08, 0.361416, 
0.00684211, 1.00016e+06, 1.00016e+06, 1.00016e+06, 1.00116e+06, 0.164975, 1173, 1173, 0.0768429, 0.152979, 8.45334e-18, 0.182056, 0.0605092, 0.530549, 2.29584e-05, 0.268962, 0.00170546, 1.13486e-09, 0.00207941, 2.17298e-05, 0.389318, 7.87136e-05, 7.61634e-07, 2.71985e-10, 3.40484e-12, 3.16058e-10, 7.78124e-11, 6.59138e-08, 0.337834, 0.164053, 1173, 1173, 0.07772, 0.150701, 1.27122e-17, 0.182996, 0.0592446, 0.53058, 2.29189e-05, 0.26817, 0.00174776, 1.16156e-09, 0.00210443, 2.21261e-05, 0.388915, 8.01619e-05, 7.43373e-07, 2.69448e-10, 3.46045e-12, 3.22768e-10, 7.97384e-11, 6.66965e-08, 0.338959, 0.162044, 1173, 1173, 0.0816836, 0.14572, 1.29249e-17, 0.185229, 0.0571947, 0.538089, 2.30932e-05, 0.266937, 0.00185393, 1.24084e-09, 0.00216926, 2.28435e-05, 0.386666, 8.38226e-05, 6.95498e-07, 2.61053e-10, 3.62952e-12, 3.43057e-10, 8.54044e-11, 6.78813e-08, 0.342266, 0.152886, 1173, 1173, 0.0937118, 0.124337, 1.71952e-17, 0.179355, 0.0505847, 0.549376, 2.30012e-05, 0.265143, 0.00221533, 1.53409e-09, 0.00238673, 2.42454e-05, 0.37584, 9.6112e-05, 5.5407e-07, 2.30337e-10, 4.31696e-12, 4.20002e-10, 1.06984e-10, 6.91386e-08, 0.354294, 
0.00789474, 1.00015e+06, 1.00015e+06, 1.00015e+06, 1.00107e+06, 0.165892, 1173, 1173, 0.0707307, 0.165101, 4.02308e-17, 0.18911, 0.0627787, 0.528458, 2.32797e-05, 0.267908, 0.00161436, 1.01316e-09, 0.0020089, 2.18381e-05, 0.395275, 7.52732e-05, 8.30413e-07, 2.87629e-10, 3.1731e-12, 2.84579e-10, 6.98306e-11, 6.69207e-08, 0.333096, 0.164958, 1173, 1173, 0.0708272, 0.160204, 1.08371e-17, 0.187425, 0.0605935, 0.521449, 2.29238e-05, 0.267154, 0.00165632, 1.0415e-09, 0.00203491, 2.22384e-05, 0.394765, 7.67369e-05, 8.09118e-07, 2.84679e-10, 3.2267e-12, 2.91637e-10, 7.17951e-11, 6.77129e-08, 0.33429, 0.162882, 1173, 1173, 0.0743577, 0.154199, 1.05326e-17, 0.189066, 0.0581366, 0.525956, 2.29828e-05, 0.265869, 0.0017579, 1.11798e-09, 0.00209861, 2.30073e-05, 0.392679, 8.02828e-05, 7.57472e-07, 2.76173e-10, 3.37807e-12, 3.10994e-10, 7.71147e-11, 6.90569e-08, 0.337491, 0.151047, 1173, 1173, 0.0862545, 0.134781, 1.58696e-17, 0.187438, 0.0518748, 0.540595, 2.3128e-05, 0.263535, 0.00209013, 1.38341e-09, 0.00230101, 2.47085e-05, 0.383596, 9.16648e-05, 6.13208e-07, 2.47282e-10, 3.96751e-12, 3.79892e-10, 9.62511e-11, 7.12231e-08, 0.348361, 
0.00894737, 1.00014e+06, 1.00014e+06, 1.00014e+06, 1.00098e+06, 0.166611, 1173, 1173, 0.0636731, 0.170359, 1.24956e-17, 0.189467, 0.0627334, 0.511894, 2.28933e-05, 0.266973, 0.00154764, 9.16482e-10, 0.00195534, 2.19487e-05, 0.400007, 7.27123e-05, 8.88177e-07, 3.00493e-10, 2.99793e-12, 2.59695e-10, 6.3625e-11, 6.77717e-08, 0.329422, 0.165633, 1173, 1173, 0.0651023, 0.168396, 1.11933e-17, 0.191364, 0.0616765, 0.514691, 2.29739e-05, 0.266221, 0.00158846, 9.44349e-10, 0.00198133, 2.23607e-05, 0.399504, 7.41529e-05, 8.6515e-07, 2.97428e-10, 3.04632e-12, 2.66564e-10, 6.55046e-11, 6.86028e-08, 0.330608, 0.163476, 1173, 1173, 0.0682271, 0.161244, 8.00207e-18, 0.192201, 0.0587986, 0.516101, 2.291e-05, 0.264899, 0.0016865, 1.01824e-09, 0.0020441, 2.31702e-05, 0.397548, 7.76076e-05, 8.10354e-07, 2.88843e-10, 3.1827e-12, 2.85085e-10, 7.05276e-11, 7.00741e-08, 0.333721, 0.151455, 1173, 1173, 0.0795624, 0.143078, 1.46476e-17, 0.193269, 0.0526445, 0.531289, 2.31641e-05, 0.262146, 0.00199702, 1.26109e-09, 0.00223484, 2.51035e-05, 0.38981, 8.83023e-05, 6.64264e-07, 2.61558e-10, 3.69539e-12, 3.47519e-10, 8.77346e-11, 7.29561e-08, 0.343697, 
0.01, 1.00013e+06, 1.00013e+06, 1.00012e+06, 1.00088e+06, 0.167019, 1173, 1173, 0.0586528, 0.17835, 8.96387e-18, 0.193932, 0.063651, 0.507172, 2.29997e-05, 0.265891, 0.00149696, 8.3321e-10, 0.00191203, 2.21456e-05, 0.404303, 7.07153e-05, 9.39782e-07, 3.12182e-10, 2.85324e-12, 2.38294e-10, 5.83846e-11, 6.87531e-08, 0.326303, 0.166013, 1173, 1173, 0.0598278, 0.175577, 9.64803e-18, 0.195188, 0.0622882, 0.507821, 2.299e-05, 0.265112, 0.00153715, 8.60335e-10, 0.00193798, 2.25804e-05, 0.403847, 7.2143e-05, 9.15308e-07, 3.09082e-10, 2.89656e-12, 2.44906e-10, 6.01735e-11, 6.96487e-08, 0.327471, 0.163807, 1173, 1173, 0.0631577, 0.169313, 1.08142e-17, 0.197588, 0.0596408, 0.511655, 2.30569e-05, 0.263672, 0.00163211, 9.29856e-10, 0.00199913, 2.34586e-05, 0.402167, 7.55016e-05, 8.58809e-07, 3.00781e-10, 3.01643e-12, 2.62145e-10, 6.48156e-11, 7.13207e-08, 0.33043, 0.149078, 1173, 1173, 0.0732822, 0.151291, 1.38836e-17, 0.200004, 0.0530857, 0.52295, 2.32252e-05, 0.260401, 0.00192579, 1.15051e-09, 0.00217886, 2.56647e-05, 0.39584, 8.56204e-05, 7.12701e-07, 2.75447e-10, 3.46009e-12, 3.18303e-10, 8.02335e-11, 7.49962e-08, 0.339543, 
0.0110526, 1.00011e+06, 1.00011e+06, 1.00011e+06, 1.00079e+06, 0.167321, 1173, 1173, 0.0544915, 0.185647, 6.63475e-18, 0.198334, 0.0645273, 0.504791, 2.31728e-05, 0.264932, 0.00145839, 7.63965e-10, 0.00187816, 2.23356e-05, 0.407849, 6.91775e-05, 9.83301e-07, 3.2202e-10, 2.73592e-12, 2.20532e-10, 5.40812e-11, 6.96289e-08, 0.32379, 0.166284, 1173, 1173, 0.0553964, 0.181652, 9.42616e-18, 0.198504, 0.0627601, 0.502564, 2.30345e-05, 0.264151, 0.00149824, 7.90953e-10, 0.0019043, 2.27832e-05, 0.407388, 7.06025e-05, 9.57268e-07, 3.18794e-10, 2.77577e-12, 2.27057e-10, 5.58242e-11, 7.05592e-08, 0.324964, 0.164009, 1173, 1173, 0.0585902, 0.175268, 9.62351e-18, 0.201169, 0.0600191, 0.505902, 2.30981e-05, 0.262637, 0.00159092, 8.57231e-10, 0.00196433, 2.37107e-05, 0.405891, 7.38911e-05, 8.99165e-07, 3.10658e-10, 2.88282e-12, 2.43339e-10, 6.01777e-11, 7.23758e-08, 0.327819, 0.1491, 1173, 1173, 0.0680155, 0.157941, 1.28744e-17, 0.205169, 0.0533948, 0.516099, 2.32871e-05, 0.259016, 0.00187146, 1.06054e-09, 0.00213565, 2.61098e-05, 0.400576, 8.3563e-05, 7.53102e-07, 2.86823e-10, 3.27283e-12, 2.94624e-10, 7.42039e-11, 7.66246e-08, 0.336291, 
0.0121053, 1.0001e+06, 1.0001e+06, 1.0001e+06, 1.0007e+06, 0.16735, 1173, 1173, 0.0497913, 0.189596, 7.28551e-18, 0.200064, 0.06409, 0.494853, 2.2986e-05, 0.263778, 0.00142953, 7.01551e-10, 0.00185036, 2.26267e-05, 0.411289, 6.79808e-05, 1.02251e-06, 3.31352e-10, 2.6321e-12, 2.04483e-10, 5.02521e-11, 7.07154e-08, 0.321562, 0.16629, 1173, 1173, 0.0511585, 0.187487, 9.24129e-18, 0.202449, 0.0629271, 0.497516, 2.3084e-05, 0.262942, 0.00146891, 7.26943e-10, 0.00187613, 2.31059e-05, 0.410929, 6.93891e-05, 9.95882e-07, 3.28255e-10, 2.66639e-12, 2.10545e-10, 5.18659e-11, 7.17329e-08, 0.32269, 0.163976, 1173, 1173, 0.0542658, 0.181691, 1.16968e-17, 0.206206, 0.0602567, 0.501656, 2.32111e-05, 0.261283, 0.00155969, 7.88545e-10, 0.00193453, 2.41118e-05, 0.409737, 7.26055e-05, 9.37281e-07, 3.20575e-10, 2.75905e-12, 2.25503e-10, 5.58578e-11, 7.37671e-08, 0.325388, 0.146361, 1173, 1173, 0.062597, 0.164642, 1.20432e-17, 0.211441, 0.0533022, 0.508435, 2.33249e-05, 0.257174, 0.00182979, 9.72901e-10, 0.00209713, 2.67734e-05, 0.405611, 8.1879e-05, 7.92907e-07, 2.98669e-10, 3.09566e-12, 2.71522e-10, 6.84459e-11, 7.87415e-08, 0.333178, 
0.0131579, 1.00009e+06, 1.00009e+06, 1.00009e+06, 1.00061e+06, 0.167371, 1173, 1173, 0.0463952, 0.194486, 8.86272e-18, 0.20329, 0.0642908, 0.491593, 2.30648e-05, 0.262835, 0.00140799, 6.50543e-10, 0.00182928, 2.28745e-05, 0.414021, 6.70814e-05, 1.05402e-06, 3.38889e-10, 2.54757e-12, 1.91372e-10, 4.71396e-11, 7.16232e-08, 0.319816, 0.166283, 1173, 1173, 0.0476179, 0.191856, 8.95522e-18, 0.20528, 0.0629431, 0.492955, 2.31094e-05, 0.261978, 0.00144714, 6.75194e-10, 0.00185498, 2.3372e-05, 0.413698, 6.84836e-05, 1.02658e-06, 3.35794e-10, 2.57827e-12, 1.97204e-10, 4.86822e-11, 7.26894e-08, 0.320929, 0.163917, 1173, 1173, 0.0504937, 0.185815, 1.04386e-17, 0.209039, 0.0601289, 0.495963, 2.32036e-05, 0.260239, 0.00153646, 7.33617e-10, 0.00191231, 2.44274e-05, 0.412685, 7.16475e-05, 9.67321e-07, 3.28363e-10, 2.6605e-12, 2.11259e-10, 5.24199e-11, 7.48615e-08, 0.32353, 0.146155, 1173, 1173, 0.0583821, 0.169787, 1.21859e-17, 0.215929, 0.053282, 0.50297, 2.33837e-05, 0.255865, 0.00179823, 9.04804e-10, 0.00206867, 2.7246e-05, 0.409295, 8.06173e-05, 8.23893e-07, 3.077e-10, 2.95893e-12, 2.5363e-10, 6.39907e-11, 8.02809e-08, 0.330864, 
0.0142105, 1.00008e+06, 1.00008e+06, 1.00007e+06, 1.00052e+06, 0.167104, 1173, 1173, 0.042804, 0.198923, 8.05056e-18, 0.206892, 0.064019, 0.486815, 2.30871e-05, 0.261574, 0.00139283, 6.00137e-10, 0.00181136, 2.32654e-05, 0.417003, 6.63919e-05, 1.08394e-06, 3.46758e-10, 2.46358e-12, 1.7833e-10, 4.40868e-11, 7.28824e-08, 0.318128, 0.165995, 1173, 1173, 0.0439564, 0.196488, 8.90061e-18, 0.209277, 0.0626765, 0.488314, 2.31509e-05, 0.26065, 0.00143181, 6.22975e-10, 0.00183663, 2.38003e-05, 0.4168, 6.77821e-05, 1.05634e-06, 3.43856e-10, 2.48905e-12, 1.83652e-10, 4.54963e-11, 7.40475e-08, 0.319189, 0.163594, 1173, 1173, 0.0465103, 0.190426, 9.58962e-18, 0.213381, 0.0597184, 0.490181, 2.32197e-05, 0.258751, 0.00152005, 6.76582e-10, 0.00189235, 2.49429e-05, 0.416101, 7.08912e-05, 9.974e-07, 3.36973e-10, 2.55836e-12, 1.96377e-10, 4.88866e-11, 7.64507e-08, 0.321639, 0.14315, 1173, 1173, 0.0535478, 0.175403, 1.22376e-17, 0.222216, 0.0528051, 0.495804, 2.34131e-05, 0.253913, 0.0017754, 8.30798e-10, 0.00204147, 2.80279e-05, 0.413746, 7.95755e-05, 8.56631e-07, 3.18153e-10, 2.81243e-12, 2.34095e-10, 5.9224e-11, 8.25655e-08, 0.328415, 
0.0152632, 1.00006e+06, 1.00006e+06, 1.00006e+06, 1.00043e+06, 0.166933, 1173, 1173, 0.0402964, 0.203274, 1.07625e-17, 0.21062, 0.0641714, 0.486161, 2.32493e-05, 0.260667, 0.00138239, 5.61866e-10, 0.00179901, 2.35556e-05, 0.419146, 6.59165e-05, 1.10562e-06, 3.52509e-10, 2.39897e-12, 1.68425e-10, 4.17688e-11, 7.38169e-08, 0.316915, 0.165803, 1173, 1173, 0.0411616, 0.199505, 8.59214e-18, 0.211731, 0.0623984, 0.484422, 2.31646e-05, 0.25972, 0.00142123, 5.84044e-10, 0.00182409, 2.41081e-05, 0.418982, 6.73005e-05, 1.07763e-06, 3.49644e-10, 2.42182e-12, 1.73552e-10, 4.31209e-11, 7.50266e-08, 0.31796, 0.16337, 1173, 1173, 0.043457, 0.192903, 1.22147e-17, 0.215418, 0.0592325, 0.484495, 2.31632e-05, 0.257756, 0.00150856, 6.35053e-10, 0.00187886, 2.52942e-05, 0.418427, 7.03706e-05, 1.01858e-06, 3.42997e-10, 2.48341e-12, 1.85554e-10, 4.6313e-11, 7.75443e-08, 0.320333, 0.142832, 1173, 1173, 0.050343, 0.179497, 1.28121e-17, 0.226375, 0.0526736, 0.492304, 2.35028e-05, 0.252743, 0.00175857, 7.79658e-10, 0.00202338, 2.84988e-05, 0.416566, 7.88459e-05, 8.79051e-07, 3.25089e-10, 2.71085e-12, 2.20645e-10, 5.59243e-11, 8.39789e-08, 0.3268, 
0.0163158, 1.00005e+06, 1.00005e+06, 1.00005e+06, 1.00034e+06, 0.166407, 1173, 1173, 0.0368846, 0.206036, 8.92096e-18, 0.213692, 0.0632797, 0.479593, 2.31768e-05, 0.259252, 0.00137703, 5.18111e-10, 0.00178784, 2.40622e-05, 0.421929, 6.55841e-05, 1.12851e-06, 3.59529e-10, 2.32322e-12, 1.56982e-10, 3.9126e-11, 7.53162e-08, 0.315564, 0.165256, 1173, 1173, 0.0379732, 0.204105, 8.61016e-18, 0.216916, 0.0620199, 0.481821, 2.3296e-05, 0.258231, 0.00141594, 5.38272e-10, 0.00181249, 2.46574e-05, 0.42189, 6.69614e-05, 1.10063e-06, 3.56886e-10, 2.34089e-12, 1.61555e-10, 4.0338e-11, 7.6634e-08, 0.316557, 0.16279, 1173, 1173, 0.040134, 0.19836, 9.56703e-18, 0.221955, 0.0589744, 0.48289, 2.33717e-05, 0.256099, 0.00150289, 5.84318e-10, 0.00186575, 2.59407e-05, 0.421647, 6.99927e-05, 1.04237e-06, 3.5082e-10, 2.39026e-12, 1.72207e-10, 4.31867e-11, 7.93973e-08, 0.318789, 0.139607, 1173, 1173, 0.0457772, 0.184185, 1.18846e-17, 0.232878, 0.0518309, 0.484885, 2.35105e-05, 0.250627, 0.00174936, 7.12866e-10, 0.0020039, 2.94327e-05, 0.42073, 7.82599e-05, 9.06119e-07, 3.34681e-10, 2.57793e-12, 2.02941e-10, 5.16652e-11, 8.6539e-08, 0.324781, 
0.0173684, 1.00004e+06, 1.00004e+06, 1.00004e+06, 1.00026e+06, 0.166129, 1173, 1173, 0.034964, 0.208634, 8.31552e-18, 0.216386, 0.0630786, 0.478283, 2.32642e-05, 0.258444, 0.00137423, 4.90848e-10, 0.00178191, 2.43626e-05, 0.423526, 6.54087e-05, 1.14159e-06, 3.63624e-10, 2.27479e-12, 1.49848e-10, 3.74723e-11, 7.62074e-08, 0.314783, 0.164967, 1173, 1173, 0.0358953, 0.206068, 9.50399e-18, 0.219022, 0.0616075, 0.478863, 2.33104e-05, 0.2574, 0.00141311, 5.10213e-10, 0.00180635, 2.49753e-05, 0.42353, 6.67808e-05, 1.11365e-06, 3.61047e-10, 2.29014e-12, 1.54202e-10, 3.86251e-11, 7.75681e-08, 0.315758, 0.162487, 1173, 1173, 0.0379068, 0.200114, 8.51835e-18, 0.223932, 0.0584765, 0.479016, 2.33535e-05, 0.25522, 0.00149949, 5.54269e-10, 0.00185876, 2.62935e-05, 0.423393, 6.97824e-05, 1.05565e-06, 3.55176e-10, 2.33417e-12, 1.64314e-10, 4.13277e-11, 8.04175e-08, 0.317932, 0.139278, 1173, 1173, 0.04346, 0.18689, 1.19741e-17, 0.235988, 0.0515816, 0.48218, 2.3571e-05, 0.249678, 0.00174241, 6.77085e-10, 0.00199359, 2.98554e-05, 0.422736, 7.79029e-05, 9.20559e-07, 3.39553e-10, 2.50623e-12, 1.93504e-10, 4.93709e-11, 8.77303e-08, 0.323741, 
0.0184211, 1.00003e+06, 1.00002e+06, 1.00002e+06, 1.00017e+06, 0.165332, 1173, 1173, 0.0317841, 0.211834, 8.39487e-18, 0.221183, 0.0621353, 0.473852, 2.33088e-05, 0.256785, 0.00137709, 4.48832e-10, 0.00177579, 2.50257e-05, 0.426345, 6.53643e-05, 1.1592e-06, 3.70348e-10, 2.19705e-12, 1.38711e-10, 3.49192e-11, 7.80656e-08, 0.313626, 0.16415, 1173, 1173, 0.0325955, 0.209319, 8.85011e-18, 0.224052, 0.0606274, 0.474092, 2.33515e-05, 0.255666, 0.00141622, 4.66261e-10, 0.00179973, 2.56853e-05, 0.426472, 6.67317e-05, 1.13157e-06, 3.67996e-10, 2.20771e-12, 1.4254e-10, 3.59398e-11, 7.95392e-08, 0.314553, 0.161641, 1173, 1173, 0.0343982, 0.204057, 9.51182e-18, 0.230101, 0.0575768, 0.47468, 2.34454e-05, 0.253316, 0.00150281, 5.05347e-10, 0.00185066, 2.71123e-05, 0.426634, 6.97075e-05, 1.07462e-06, 3.62696e-10, 2.24004e-12, 1.51314e-10, 3.8305e-11, 8.26489e-08, 0.316599, 0.135838, 1173, 1173, 0.0390231, 0.191473, 1.17486e-17, 0.243888, 0.0505426, 0.475653, 2.36379e-05, 0.247306, 0.0017447, 6.12025e-10, 0.00197976, 3.10001e-05, 0.426865, 7.76833e-05, 9.43067e-07, 3.4876e-10, 2.37328e-12, 1.76162e-10, 4.52298e-11, 9.07173e-08, 0.321995, 
0.0194737, 1.00001e+06, 1.00001e+06, 1.00001e+06, 1.00008e+06, 0.165069, 1173, 1173, 0.0306309, 0.213013, 8.37132e-18, 0.222728, 0.0618252, 0.472678, 2.33438e-05, 0.256203, 0.00137884, 4.33295e-10, 0.00177444, 2.52717e-05, 0.427318, 6.53808e-05, 1.16474e-06, 3.72674e-10, 2.16724e-12, 1.34585e-10, 3.39687e-11, 7.87533e-08, 0.313234, 0.163882, 1173, 1173, 0.0314142, 0.21053, 8.76169e-18, 0.225683, 0.0603164, 0.472871, 2.33889e-05, 0.255067, 0.00141803, 4.50143e-10, 0.00179822, 2.59448e-05, 0.427475, 6.67463e-05, 1.13718e-06, 3.70375e-10, 2.17643e-12, 1.38257e-10, 3.49488e-11, 8.02582e-08, 0.314148, 0.161372, 1173, 1173, 0.0331515, 0.205287, 9.50713e-18, 0.231811, 0.0572623, 0.473225, 2.34791e-05, 0.252692, 0.00150435, 4.87974e-10, 0.00184857, 2.73942e-05, 0.427697, 6.97036e-05, 1.08059e-06, 3.65195e-10, 2.20575e-12, 1.467e-10, 3.72254e-11, 8.34187e-08, 0.31616, 0.135609, 1173, 1173, 0.0377271, 0.192902, 1.17708e-17, 0.245666, 0.0503259, 0.474122, 2.36726e-05, 0.246702, 0.00174372, 5.92312e-10, 0.00197543, 3.12969e-05, 0.427999, 7.75766e-05, 9.50062e-07, 3.51438e-10, 2.33286e-12, 1.7094e-10, 4.39666e-11, 9.15116e-08, 0.32147, 
0.0205263, 1e+06, 1e+06, 1e+06, 1e+06, 0.1639, 1173, 1173, 0.0271447, 0.2161, 8.49138e-18, 0.229091, 0.0604696, 0.468011, 2.34261e-05, 0.254105, 0.00139107, 3.87508e-10, 0.00177307, 2.61929e-05, 0.430474, 6.56449e-05, 1.17793e-06, 3.79721e-10, 2.07518e-12, 1.22269e-10, 3.11503e-11, 8.12327e-08, 0.312163, 0.162698, 1173, 1173, 0.0278051, 0.213731, 8.82736e-18, 0.232358, 0.0589474, 0.467924, 2.34719e-05, 0.252891, 0.00143067, 4.02189e-10, 0.0017962, 2.69213e-05, 0.430759, 6.70056e-05, 1.15094e-06, 3.77664e-10, 2.07944e-12, 1.25364e-10, 3.19849e-11, 8.28632e-08, 0.313028, 0.16017, 1173, 1173, 0.0292498, 0.208741, 9.53013e-18, 0.239152, 0.0558665, 0.467593, 2.35586e-05, 0.250348, 0.00151761, 4.34856e-10, 0.00184487, 2.84941e-05, 0.431272, 6.99402e-05, 1.09574e-06, 3.73042e-10, 2.09698e-12, 1.32435e-10, 3.39131e-11, 8.63013e-08, 0.314919, 0.131909, 1173, 1173, 0.0329468, 0.197122, 1.18473e-17, 0.254926, 0.0488953, 0.466698, 2.37446e-05, 0.243909, 0.00175784, 5.23016e-10, 0.00196612, 3.27628e-05, 0.432388, 7.77064e-05, 9.68901e-07, 3.60809e-10, 2.18543e-12, 1.52359e-10, 3.9535e-11, 9.51869e-08, 0.319868, 
