z, Pressure_0, Pressure_1, Pressure_2, Pressure_3, Pressure_4, Pressure_5, Pressure_6, Pressure_7, Pressure_8, Pressure_9, Velocity_0, GasTemperature_0, SolidTemperature_0, CH4_0, CO_0, O2_0, CO2_0, H2_0, H2O_0, AR_0, H(s)_0, O(s)_0, CH4(s)_0, H2O(s)_0, CO2(s)_0, CO(s)_0, OH(s)_0, C(s)_0, HCO(s)_0, CH(s)_0, CH3(s)_0, CH2(s)_0, COOH(s)_0, Ni(s)_0, Velocity_1, GasTemperature_1, SolidTemperature_1, CH4_1, CO_1, O2_1, CO2_1, H2_1, H2O_1, AR_1, H(s)_1, O(s)_1, CH4(s)_1, H2O(s)_1, CO2(s)_1, CO(s)_1, OH(s)_1, C(s)_1, HCO(s)_1, CH(s)_1, CH3(s)_1, CH2(s)_1, COOH(s)_1, Ni(s)_1, Velocity_2, GasTemperature_2, SolidTemperature_2, CH4_2, CO_2, O2_2, CO2_2, H2_2, H2O_2, AR_2, H(s)_2, O(s)_2, CH4(s)_2, H2O(s)_2, CO2(s)_2, CO(s)_2, OH(s)_2, C(s)_2, HCO(s)_2, CH(s)_2, CH3(s)_2, CH2(s)_2, COOH(s)_2, Ni(s)_2, Velocity_3, GasTemperature_3, SolidTemperature_3, CH4_3, CO_3, O2_3, CO2_3, H2_3, H2O_3, AR_3, H(s)_3, O(s)_3, CH4(s)_3, H2O(s)_3, CO2(s)_3, CO(s)_3, OH(s)_3, C(s)_3, HCO(s)_3, CH(s)_3, CH3(s)_3, CH2(s)_3, COOH(s)_3, Ni(s)_3, Velocity_4, GasTemperature_4, SolidTemperature_4, CH4_4, CO_4, O2_4, CO2_4, H2_4, H2O_4, AR_4, H(s)_4, O(s)_4, CH4(s)_4, H2O(s)_4, CO2(s)_4, CO(s)_4, OH(s)_4, C(s)_4, HCO(s)_4, CH(s)_4, CH3(s)_4, CH2(s)_4, COOH(s)_4, Ni(s)_4, Velocity_5, GasTemperature_5, SolidTemperature_5, CH4_5, CO_5, O2_5, CO2_5, H2_5, H2O_5, AR_5, H(s)_5, O(s)_5, CH4(s)_5, H2O(s)_5, CO2(s)_5, CO(s)_5, OH(s)_5, C(s)_5, HCO(s)_5, CH(s)_5, CH3(s)_5, CH2(s)_5, COOH(s)_5, Ni(s)_5, Velocity_6, GasTemperature_6, SolidTemperature_6, CH4_6, CO_6, O2_6, CO2_6, H2_6, H2O_6, AR_6, H(s)_6, O(s)_6, CH4(s)_6, H2O(s)_6, CO2(s)_6, CO(s)_6, OH(s)_6, C(s)_6, HCO(s)_6, CH(s)_6, CH3(s)_6, CH2(s)_6, COOH(s)_6, Ni(s)_6, Velocity_7, GasTemperature_7, SolidTemperature_7, CH4_7, CO_7, O2_7, CO2_7, H2_7, H2O_7, AR_7, H(s)_7, O(s)_7, CH4(s)_7, H2O(s)_7, CO2(s)_7, CO(s)_7, OH(s)_7, C(s)_7, HCO(s)_7, CH(s)_7, CH3(s)_7, CH2(s)_7, COOH(s)_7, Ni(s)_7, Velocity_8, GasTemperature_8, SolidTemperature_8, CH4_8, CO_8, O2_8, CO2_8, H2_8, H2O_8, AR_8, H(s)_8, O(s)_8, CH4(s)_8, H2O(s)_8, CO2(s)_8, CO(s)_8, OH(s)_8, C(s)_8, HCO(s)_8, CH(s)_8, CH3(s)_8, CH2(s)_8, COOH(s)_8, Ni(s)_8, Velocity_9, GasTemperature_9, SolidTemperature_9, CH4_9, CO_9, O2_9, CO2_9, H2_9, H2O_9, AR_9, H(s)_9, O(s)_9, CH4(s)_9, H2O(s)_9, CO2(s)_9, CO(s)_9, OH(s)_9, C(s)_9, HCO(s)_9, CH(s)_9, CH3(s)_9, CH2(s)_9, COOH(s)_9, Ni(s)_9, 
0.000526316, 1.00023e+06, 1.00023e+06, 1.00023e+06, 1.00023e+06, 1.00023e+06, 1.00023e+06, 1.00022e+06, 1.00022e+06, 1.00022e+06, 1.00014e+06, 0.141848, 1173, 1173, 0.17421, 0.0183437, 4.7934e-17, 0.0286927, 0.190117, 0.588628, 8.87197e-06, 0.256465, 0.00750062, 4.24967e-09, 0.00427921, 2.36592e-05, 0.26054, 0.000236794, 8.38976e-08, 6.43358e-11, 1.47125e-11, 1.22568e-09, 3.79283e-10, 4.9167e-08, 0.470954, 0.141981, 1173, 1173, 0.174276, 0.01831, 4.79684e-17, 0.0286304, 0.190072, 0.588703, 8.87163e-06, 0.256505, 0.00750541, 4.25243e-09, 0.00428093, 2.36308e-05, 0.260365, 0.000236917, 8.3737e-08, 6.42276e-11, 1.47242e-11, 1.22655e-09, 3.79579e-10, 4.91024e-08, 0.471083, 0.142048, 1173, 1173, 0.174324, 0.0182841, 4.79758e-17, 0.0285733, 0.190058, 0.588751, 8.87101e-06, 0.256546, 0.00750802, 4.25444e-09, 0.00428211, 2.36055e-05, 0.260229, 0.00023699, 8.36227e-08, 6.41469e-11, 1.47319e-11, 1.22716e-09, 3.79778e-10, 4.90481e-08, 0.471174, 0.142347, 1173, 1173, 0.174344, 0.018268, 4.79813e-17, 0.0285329, 0.19007, 0.588776, 8.87013e-06, 0.256581, 0.00750866, 4.25538e-09, 0.00428274, 2.35866e-05, 0.260143, 0.000237018, 8.356e-08, 6.40991e-11, 1.47348e-11, 1.22745e-09, 3.79858e-10, 4.90105e-08, 0.471224, 0.142014, 1173, 1173, 0.174274, 0.0182999, 4.7931e-17, 0.0285688, 0.190151, 0.588698, 8.86974e-06, 0.256562, 0.00750232, 4.25243e-09, 0.00428094, 2.36079e-05, 0.260305, 0.000236868, 8.37276e-08, 6.42063e-11, 1.47213e-11, 1.2265e-09, 3.79517e-10, 4.90651e-08, 0.471089, 0.1422, 1173, 1173, 0.174308, 0.0182828, 4.79785e-17, 0.0285404, 0.19008, 0.58878, 8.87069e-06, 0.256558, 0.00750746, 4.25399e-09, 0.00428228, 2.36019e-05, 0.26022, 0.000236986, 8.36214e-08, 6.41453e-11, 1.47298e-11, 1.22704e-09, 3.79728e-10, 4.90435e-08, 0.471171, 0.141924, 1173, 1173, 0.174278, 0.0183084, 4.80556e-17, 0.0286018, 0.189949, 0.588854, 8.87418e-06, 0.256447, 0.00751292, 4.25289e-09, 0.00428244, 2.36521e-05, 0.260367, 0.000237077, 8.36629e-08, 6.42075e-11, 1.47313e-11, 1.22685e-09, 3.79746e-10, 4.91311e-08, 0.47113, 0.142073, 1173, 1173, 0.174329, 0.0183124, 4.83205e-17, 0.0286864, 0.189521, 0.589143, 8.8824e-06, 0.256231, 0.00753573, 4.25534e-09, 0.00428575, 2.37289e-05, 0.260422, 0.000237528, 8.3476e-08, 6.4167e-11, 1.47574e-11, 1.22799e-09, 3.80353e-10, 4.92351e-08, 0.471264, 0.141764, 1173, 1173, 0.174203, 0.0184412, 4.87281e-17, 0.0290574, 0.18883, 0.589459, 8.89783e-06, 0.255658, 0.00756425, 4.25052e-09, 0.00428629, 2.39863e-05, 0.261158, 0.000237992, 8.36756e-08, 6.44739e-11, 1.47686e-11, 1.2272e-09, 3.80525e-10, 4.96782e-08, 0.471071, 0.143801, 1173, 1173, 0.174204, 0.0186006, 4.96581e-17, 0.0295447, 0.187327, 0.590314, 8.92486e-06, 0.254628, 0.00763597, 4.25018e-09, 0.00429213, 2.44207e-05, 0.262111, 0.000239281, 8.35988e-08, 6.47637e-11, 1.48296e-11, 1.22853e-09, 3.81852e-10, 5.03746e-08, 0.47107, 
0.00157895, 1.00022e+06, 1.00022e+06, 1.00022e+06, 1.00022e+06, 1.00022e+06, 1.00021e+06, 1.00021e+06, 1.00021e+06, 1.00021e+06, 1.00013e+06, 0.150825, 1173, 1173, 0.132299, 0.0344065, 1.62072e-17, 0.042347, 0.282665, 0.508274, 8.37334e-06, 0.26989, 0.00376006, 2.78542e-09, 0.00318906, 2.22767e-05, 0.316528, 0.000144737, 2.32949e-07, 1.26987e-10, 7.97542e-12, 7.64875e-10, 2.09509e-10, 5.63848e-08, 0.406466, 0.150858, 1173, 1173, 0.132244, 0.0344505, 1.62061e-17, 0.0424175, 0.282592, 0.508288, 8.3754e-06, 0.269814, 0.00376057, 2.78384e-09, 0.00318867, 2.23082e-05, 0.316664, 0.000144738, 2.33144e-07, 1.27114e-10, 7.97202e-12, 7.64445e-10, 2.09409e-10, 5.64573e-08, 0.406406, 0.150795, 1173, 1173, 0.132215, 0.0344962, 1.62457e-17, 0.0425182, 0.282346, 0.508416, 8.38017e-06, 0.269681, 0.00376457, 2.78307e-09, 0.00318928, 2.23615e-05, 0.316816, 0.000144828, 2.33178e-07, 1.27219e-10, 7.97297e-12, 7.64262e-10, 2.09417e-10, 5.65675e-08, 0.406381, 0.150564, 1173, 1173, 0.13223, 0.0345384, 1.63144e-17, 0.0426555, 0.281865, 0.508703, 8.38849e-06, 0.269475, 0.00377346, 2.78363e-09, 0.00319137, 2.24417e-05, 0.316975, 0.000145047, 2.32954e-07, 1.27277e-10, 7.9805e-12, 7.64479e-10, 2.09591e-10, 5.6722e-08, 0.406418, 0.150499, 1173, 1173, 0.132401, 0.0345094, 1.64595e-17, 0.0427797, 0.28097, 0.509332, 8.40123e-06, 0.269217, 0.00379256, 2.789e-09, 0.00319733, 2.25363e-05, 0.31695, 0.000145549, 2.31882e-07, 1.27049e-10, 8.00644e-12, 7.66092e-10, 2.10247e-10, 5.68707e-08, 0.406675, 0.150332, 1173, 1173, 0.132495, 0.0345676, 1.66513e-17, 0.0430827, 0.27976, 0.510086, 8.42032e-06, 0.268754, 0.00381625, 2.79219e-09, 0.00320346, 2.27151e-05, 0.317206, 0.000146143, 2.31032e-07, 1.27044e-10, 8.03046e-12, 7.67139e-10, 2.10825e-10, 5.71988e-08, 0.406852, 0.15014, 1173, 1173, 0.132732, 0.0345968, 1.69577e-17, 0.0434799, 0.277886, 0.511296, 8.44809e-06, 0.268104, 0.00385473, 2.79982e-09, 0.00321408, 2.29635e-05, 0.317421, 0.000147121, 2.29353e-07, 1.26844e-10, 8.07538e-12, 7.69516e-10, 2.11932e-10, 5.76304e-08, 0.407235, 0.149775, 1173, 1173, 0.132995, 0.0346983, 1.73931e-17, 0.0441308, 0.275242, 0.512925, 8.4877e-06, 0.267113, 0.00390835, 2.80837e-09, 0.00322779, 2.3351e-05, 0.317905, 0.000148456, 2.27361e-07, 1.26746e-10, 8.13328e-12, 7.7226e-10, 2.13336e-10, 5.83238e-08, 0.407674, 0.149023, 1173, 1173, 0.133593, 0.0347502, 1.80652e-17, 0.0449175, 0.271307, 0.515423, 8.54351e-06, 0.26574, 0.00399251, 2.82678e-09, 0.00325015, 2.3889e-05, 0.318333, 0.000150565, 2.23821e-07, 1.26282e-10, 8.23694e-12, 7.7796e-10, 2.15897e-10, 5.92403e-08, 0.408509, 0.141845, 1173, 1173, 0.134399, 0.0349382, 1.90773e-17, 0.0459499, 0.265828, 0.518877, 8.61897e-06, 0.263667, 0.004112, 2.85044e-09, 0.00327955, 2.47336e-05, 0.319268, 0.00015349, 2.19538e-07, 1.25964e-10, 8.37976e-12, 7.85431e-10, 2.1939e-10, 6.07123e-08, 0.409495, 
0.00263158, 1.00021e+06, 1.00021e+06, 1.00021e+06, 1.0002e+06, 1.0002e+06, 1.0002e+06, 1.0002e+06, 1.0002e+06, 1.0002e+06, 1.00011e+06, 0.156088, 1173, 1173, 0.108655, 0.0461785, 9.9644e-18, 0.0478856, 0.33067, 0.466603, 8.12032e-06, 0.271893, 0.00274848, 2.13079e-09, 0.00272686, 2.18627e-05, 0.343895, 0.000114428, 3.70835e-07, 1.71697e-10, 5.83729e-12, 5.81243e-10, 1.51541e-10, 5.98334e-08, 0.3786, 0.156005, 1173, 1173, 0.108675, 0.0462019, 9.99277e-18, 0.0479728, 0.330338, 0.466804, 8.12576e-06, 0.27178, 0.00275266, 2.13135e-09, 0.00272828, 2.1907e-05, 0.343969, 0.000114544, 3.70524e-07, 1.71713e-10, 5.84085e-12, 5.81399e-10, 1.51631e-10, 5.99248e-08, 0.378633, 0.155883, 1173, 1173, 0.10875, 0.0462201, 1.00597e-17, 0.0481322, 0.329623, 0.467266, 8.13677e-06, 0.271567, 0.00276219, 2.13347e-09, 0.00273179, 2.19915e-05, 0.344056, 0.000114817, 3.69613e-07, 1.71646e-10, 5.85075e-12, 5.81988e-10, 1.51891e-10, 6.00908e-08, 0.378746, 0.155763, 1173, 1173, 0.10888, 0.0462452, 1.01663e-17, 0.0483855, 0.32848, 0.468001, 8.15446e-06, 0.271229, 0.00277753, 2.13706e-09, 0.00273744, 2.21256e-05, 0.344185, 0.000115254, 3.68135e-07, 1.71526e-10, 5.86713e-12, 5.82984e-10, 1.52322e-10, 6.03524e-08, 0.378933, 0.155514, 1173, 1173, 0.109, 0.0463362, 1.0303e-17, 0.0487971, 0.326877, 0.468982, 8.18029e-06, 0.270703, 0.00279841, 2.14049e-09, 0.00274455, 2.23356e-05, 0.344492, 0.000115836, 3.66477e-07, 1.71529e-10, 5.88633e-12, 5.8394e-10, 1.52815e-10, 6.07766e-08, 0.379124, 0.155061, 1173, 1173, 0.109176, 0.0464587, 1.05144e-17, 0.0493785, 0.324644, 0.470334, 8.21572e-06, 0.269971, 0.00282781, 2.14549e-09, 0.00275445, 2.26299e-05, 0.34491, 0.000116653, 3.6415e-07, 1.71518e-10, 5.91386e-12, 5.85336e-10, 1.53521e-10, 6.13668e-08, 0.379397, 0.154518, 1173, 1173, 0.109419, 0.0466261, 1.07967e-17, 0.0501746, 0.321646, 0.472126, 8.26284e-06, 0.268981, 0.00286781, 2.15234e-09, 0.00276761, 2.30325e-05, 0.345479, 0.000117755, 3.61064e-07, 1.71504e-10, 5.95159e-12, 5.87251e-10, 1.54488e-10, 6.21698e-08, 0.379763, 0.153855, 1173, 1173, 0.10978, 0.0468287, 1.11584e-17, 0.0512174, 0.317668, 0.474497, 8.32367e-06, 0.267678, 0.00292229, 2.16239e-09, 0.00278531, 2.35718e-05, 0.34619, 0.000119248, 3.56847e-07, 1.71415e-10, 6.00488e-12, 5.90066e-10, 1.55854e-10, 6.32312e-08, 0.380282, 0.153082, 1173, 1173, 0.110359, 0.0470543, 1.16988e-17, 0.0524942, 0.312451, 0.477633, 8.40091e-06, 0.265989, 0.00299656, 2.17804e-09, 0.00280919, 2.42868e-05, 0.347033, 0.00012127, 3.51052e-07, 1.71154e-10, 6.08267e-12, 5.94465e-10, 1.57857e-10, 6.46131e-08, 0.381026, 0.145413, 1173, 1173, 0.111201, 0.0474243, 1.24283e-17, 0.0539475, 0.305728, 0.481691, 8.49826e-06, 0.263713, 0.00309563, 2.19957e-09, 0.0028394, 2.52834e-05, 0.348291, 0.00012392, 3.44059e-07, 1.71009e-10, 6.18989e-12, 6.00562e-10, 1.60601e-10, 6.65371e-08, 0.381911, 
0.00368421, 1.00019e+06, 1.00019e+06, 1.00019e+06, 1.00019e+06, 1.00019e+06, 1.00019e+06, 1.00019e+06, 1.00019e+06, 1.00019e+06, 1.0001e+06, 0.159343, 1173, 1173, 0.0926726, 0.0554788, 7.52777e-18, 0.0512387, 0.359716, 0.440886, 7.99145e-06, 0.271388, 0.00228469, 1.7392e-09, 0.00246576, 2.18362e-05, 0.361418, 9.92076e-05, 4.90735e-07, 2.05891e-10, 4.76943e-12, 4.75209e-10, 1.20767e-10, 6.23235e-08, 0.362322, 0.159239, 1173, 1173, 0.0927164, 0.0554992, 7.55494e-18, 0.0513619, 0.359213, 0.441201, 7.99939e-06, 0.271247, 0.00228993, 1.74034e-09, 0.00246797, 2.18944e-05, 0.361487, 9.93659e-05, 4.89966e-07, 2.0586e-10, 4.77398e-12, 4.755e-10, 1.20896e-10, 6.24459e-08, 0.362387, 0.159081, 1173, 1173, 0.0927704, 0.0555727, 7.63498e-18, 0.0516341, 0.358211, 0.441804, 8.01588e-06, 0.270938, 0.00230008, 1.7418e-09, 0.00247198, 2.20205e-05, 0.361687, 9.96666e-05, 4.88705e-07, 2.05898e-10, 4.78133e-12, 4.75867e-10, 1.21099e-10, 6.27178e-08, 0.36248, 0.158769, 1173, 1173, 0.0928449, 0.0556971, 7.71e-18, 0.0520688, 0.356652, 0.442729, 8.04154e-06, 0.270449, 0.00231583, 1.74385e-09, 0.00247808, 2.22209e-05, 0.362018, 0.000100131, 4.86832e-07, 2.05986e-10, 4.79232e-12, 4.76377e-10, 1.21401e-10, 6.31508e-08, 0.362616, 0.158348, 1173, 1173, 0.092987, 0.0558419, 7.86916e-18, 0.0526701, 0.354434, 0.444059, 8.07703e-06, 0.269777, 0.0023388, 1.74762e-09, 0.0024871, 2.24996e-05, 0.362427, 0.000100809, 4.83915e-07, 2.06008e-10, 4.81002e-12, 4.77336e-10, 1.21892e-10, 6.37438e-08, 0.362846, 0.157887, 1173, 1173, 0.0932112, 0.0560128, 8.05032e-18, 0.0534686, 0.351465, 0.445834, 8.12386e-06, 0.268893, 0.00237017, 1.75345e-09, 0.00249934, 2.2871e-05, 0.362932, 0.000101732, 4.79859e-07, 2.05962e-10, 4.8358e-12, 4.78832e-10, 1.22607e-10, 6.45244e-08, 0.36318, 0.157241, 1173, 1173, 0.0935012, 0.0562504, 8.30111e-18, 0.0545235, 0.347653, 0.448064, 8.18427e-06, 0.267737, 0.0024109, 1.76092e-09, 0.00251471, 2.33626e-05, 0.363614, 0.000102918, 4.74841e-07, 2.05946e-10, 4.86948e-12, 4.80752e-10, 1.23533e-10, 6.5553e-08, 0.363596, 0.156421, 1173, 1173, 0.0938882, 0.0565543, 8.65633e-18, 0.0558641, 0.342839, 0.450846, 8.25967e-06, 0.266264, 0.00246351, 1.77078e-09, 0.00253401, 2.40012e-05, 0.364483, 0.000104433, 4.68575e-07, 2.05919e-10, 4.91396e-12, 4.83305e-10, 1.2475e-10, 6.68773e-08, 0.364126, 0.155324, 1173, 1173, 0.0943956, 0.0569682, 9.10852e-18, 0.0575051, 0.336856, 0.454267, 8.35224e-06, 0.264389, 0.00253068, 1.78344e-09, 0.00255768, 2.48355e-05, 0.365631, 0.00010634, 4.61078e-07, 2.05965e-10, 4.97185e-12, 4.8661e-10, 1.26318e-10, 6.85967e-08, 0.364759, 0.136673, 1173, 1173, 0.0950787, 0.0576013, 9.69654e-18, 0.0593308, 0.32947, 0.458511, 8.46384e-06, 0.261954, 0.00261647, 1.79956e-09, 0.00258619, 2.59588e-05, 0.367266, 0.000108728, 4.52575e-07, 2.06319e-10, 5.04759e-12, 4.90868e-10, 1.2834e-10, 7.09097e-08, 0.365443, 
0.00473684, 1.00018e+06, 1.00018e+06, 1.00018e+06, 1.00018e+06, 1.00018e+06, 1.00018e+06, 1.00018e+06, 1.00018e+06, 1.00018e+06, 1.00009e+06, 0.161399, 1173, 1173, 0.080941, 0.063038, 6.28718e-18, 0.0538308, 0.378287, 0.423895, 7.93679e-06, 0.270077, 0.00202708, 1.47412e-09, 0.00230063, 2.2015e-05, 0.373871, 9.02645e-05, 5.91772e-07, 2.32812e-10, 4.1312e-12, 4.0467e-10, 1.01402e-10, 6.44317e-08, 0.351612, 0.161339, 1173, 1173, 0.0809675, 0.0630882, 6.3179e-18, 0.0540021, 0.37768, 0.424255, 7.94682e-06, 0.269898, 0.00203236, 1.47481e-09, 0.00230291, 2.20899e-05, 0.373991, 9.04266e-05, 5.90876e-07, 2.32843e-10, 4.13418e-12, 4.04826e-10, 1.01494e-10, 6.45989e-08, 0.351662, 0.161094, 1173, 1173, 0.0810275, 0.0631871, 6.37968e-18, 0.0543511, 0.376441, 0.424986, 7.96718e-06, 0.269537, 0.00204318, 1.47635e-09, 0.00230758, 2.22422e-05, 0.374231, 9.07588e-05, 5.89024e-07, 2.32896e-10, 4.14055e-12, 4.05179e-10, 1.0169e-10, 6.49377e-08, 0.351768, 0.16073, 1173, 1173, 0.0811296, 0.0633338, 6.4796e-18, 0.0548906, 0.37453, 0.426108, 7.99847e-06, 0.268982, 0.00206002, 1.47893e-09, 0.00231479, 2.24776e-05, 0.37459, 9.12744e-05, 5.86133e-07, 2.32956e-10, 4.15092e-12, 4.05778e-10, 1.02006e-10, 6.54583e-08, 0.351939, 0.160292, 1173, 1173, 0.0812606, 0.063551, 6.61771e-18, 0.0556535, 0.371903, 0.427624, 8.04174e-06, 0.268206, 0.00208326, 1.48225e-09, 0.00232449, 2.28092e-05, 0.37511, 9.198e-05, 5.82315e-07, 2.3308e-10, 4.16492e-12, 4.06543e-10, 1.0243e-10, 6.61905e-08, 0.352161, 0.159672, 1173, 1173, 0.08142, 0.0638521, 6.8031e-18, 0.0566749, 0.368485, 0.42956, 8.0981e-06, 0.267179, 0.00211376, 1.48631e-09, 0.00233684, 2.32526e-05, 0.375817, 9.28964e-05, 5.77538e-07, 2.33288e-10, 4.18292e-12, 4.07473e-10, 1.0297e-10, 6.71666e-08, 0.352436, 0.158812, 1173, 1173, 0.0816453, 0.0642252, 7.04322e-18, 0.0579784, 0.364168, 0.431975, 8.16873e-06, 0.265882, 0.00215304, 1.49195e-09, 0.00235239, 2.38231e-05, 0.376697, 9.40671e-05, 5.71482e-07, 2.33511e-10, 4.2073e-12, 4.08787e-10, 1.03695e-10, 6.84103e-08, 0.352797, 0.157868, 1173, 1173, 0.0819468, 0.0646884, 7.35511e-18, 0.0595977, 0.358834, 0.434925, 8.2549e-06, 0.264267, 0.00220279, 1.49939e-09, 0.00237149, 2.45491e-05, 0.377786, 9.55333e-05, 5.64055e-07, 2.33767e-10, 4.23931e-12, 4.10546e-10, 1.04635e-10, 6.99775e-08, 0.353251, 0.156759, 1173, 1173, 0.0823691, 0.0652603, 7.75672e-18, 0.0615159, 0.352332, 0.438515, 8.35765e-06, 0.262279, 0.00226556, 1.50951e-09, 0.00239487, 2.54712e-05, 0.379124, 9.73611e-05, 5.55041e-07, 2.34059e-10, 4.28217e-12, 4.12997e-10, 1.05878e-10, 7.19463e-08, 0.353814, 0.136463, 1173, 1173, 0.0829615, 0.066069, 8.27203e-18, 0.0635932, 0.344487, 0.442881, 8.47901e-06, 0.259772, 0.00234419, 1.52282e-09, 0.00242263, 2.66778e-05, 0.380919, 9.96081e-05, 5.44877e-07, 2.34675e-10, 4.33926e-12, 4.16291e-10, 1.07498e-10, 7.45117e-08, 0.354415, 
0.00578947, 1.00017e+06, 1.00017e+06, 1.00017e+06, 1.00017e+06, 1.00017e+06, 1.00017e+06, 1.00017e+06, 1.00017e+06, 1.00016e+06, 1.00008e+06, 0.16268, 1173, 1173, 0.0716758, 0.0695498, 5.57244e-18, 0.0562565, 0.390489, 0.412021, 7.93108e-06, 0.268338, 0.00186661, 1.27655e-09, 0.00218679, 2.23667e-05, 0.383652, 8.44479e-05, 6.78012e-07, 2.55204e-10, 3.6978e-12, 3.52606e-10, 8.76862e-11, 6.65063e-08, 0.343849, 0.162524, 1173, 1173, 0.0716934, 0.0696218, 5.60309e-18, 0.0564658, 0.389799, 0.412412, 7.94282e-06, 0.268135, 0.00187192, 1.27702e-09, 0.00218915, 2.24537e-05, 0.383802, 8.46136e-05, 6.7696e-07, 2.55276e-10, 3.69978e-12, 3.52691e-10, 8.7757e-11, 6.67058e-08, 0.343893, 0.162281, 1173, 1173, 0.0717338, 0.069764, 5.6632e-18, 0.0568901, 0.388401, 0.413203, 7.96647e-06, 0.267727, 0.00188278, 1.27809e-09, 0.00219395, 2.263e-05, 0.384101, 8.49515e-05, 6.74799e-07, 2.55407e-10, 3.704e-12, 3.52889e-10, 8.79071e-11, 6.7109e-08, 0.343987, 0.161879, 1173, 1173, 0.0717969, 0.0699823, 5.76212e-18, 0.0575454, 0.386264, 0.414404, 8.00253e-06, 0.2671, 0.00189949, 1.27975e-09, 0.00220124, 2.29022e-05, 0.384559, 8.54693e-05, 6.71516e-07, 2.55607e-10, 3.71061e-12, 3.53201e-10, 8.81398e-11, 6.77292e-08, 0.34413, 0.161301, 1173, 1173, 0.0718934, 0.0702765, 5.89611e-18, 0.058451, 0.383338, 0.416033, 8.05162e-06, 0.266244, 0.00192265, 1.28222e-09, 0.0022112, 2.32789e-05, 0.385179, 8.6183e-05, 6.67003e-07, 2.55858e-10, 3.72028e-12, 3.53686e-10, 8.84746e-11, 6.85818e-08, 0.344333, 0.160626, 1173, 1173, 0.0720303, 0.070653, 6.07759e-18, 0.0596354, 0.379563, 0.41811, 8.11465e-06, 0.265137, 0.00195299, 1.28567e-09, 0.00222397, 2.37729e-05, 0.385972, 8.7111e-05, 6.61192e-07, 2.56159e-10, 3.7336e-12, 3.5438e-10, 8.89278e-11, 6.96917e-08, 0.344603, 0.159752, 1173, 1173, 0.0722173, 0.0711193, 6.30399e-18, 0.0611295, 0.374862, 0.420664, 8.19258e-06, 0.263753, 0.00199155, 1.29029e-09, 0.00223979, 2.44022e-05, 0.386954, 8.82791e-05, 6.53977e-07, 2.56504e-10, 3.75141e-12, 3.55339e-10, 8.95226e-11, 7.10921e-08, 0.344948, 0.158666, 1173, 1173, 0.0724754, 0.0716846, 6.59552e-18, 0.0629549, 0.36914, 0.423736, 8.28651e-06, 0.262061, 0.00203974, 1.29653e-09, 0.00225898, 2.51911e-05, 0.388144, 8.97226e-05, 6.45219e-07, 2.56884e-10, 3.77522e-12, 3.56678e-10, 9.02996e-11, 7.28288e-08, 0.34538, 0.157395, 1173, 1173, 0.072816, 0.0723991, 6.96461e-18, 0.0651039, 0.362287, 0.427386, 8.39769e-06, 0.259995, 0.00209927, 1.30452e-09, 0.00228175, 2.61841e-05, 0.389621, 9.14801e-05, 6.35018e-07, 2.57399e-10, 3.80629e-12, 3.58442e-10, 9.12871e-11, 7.49949e-08, 0.345884, 0.125457, 1173, 1173, 0.0732662, 0.0734005, 7.43962e-18, 0.0674246, 0.35414, 0.43176, 8.52695e-06, 0.257421, 0.00217271, 1.31439e-09, 0.00230829, 2.74707e-05, 0.391588, 9.36056e-05, 6.23813e-07, 2.58354e-10, 3.84666e-12, 3.60678e-10, 9.25245e-11, 7.77915e-08, 0.346389, 
0.00684211, 1.00016e+06, 1.00016e+06, 1.00016e+06, 1.00016e+06, 1.00016e+06, 1.00016e+06, 1.00016e+06, 1.00015e+06, 1.00015e+06, 1.00008e+06, 0.163309, 1173, 1173, 0.06409, 0.0752535, 5.13699e-18, 0.0586567, 0.398352, 0.40364, 7.96275e-06, 0.2664, 0.00176197, 1.12196e-09, 0.00210574, 2.28445e-05, 0.391645, 8.05121e-05, 7.5084e-07, 2.74136e-10, 3.3809e-12, 3.12085e-10, 7.73426e-11, 6.8606e-08, 0.337983, 0.163205, 1173, 1173, 0.0641018, 0.075342, 5.16965e-18, 0.0588969, 0.397598, 0.404053, 7.97572e-06, 0.266181, 0.00176734, 1.1223e-09, 0.00210815, 2.29411e-05, 0.391814, 8.06808e-05, 7.49627e-07, 2.74233e-10, 3.38209e-12, 3.12124e-10, 7.73984e-11, 6.88307e-08, 0.338025, 0.162893, 1173, 1173, 0.0641297, 0.0755168, 5.2311e-18, 0.059382, 0.396076, 0.404887, 8.00177e-06, 0.265741, 0.00177826, 1.12308e-09, 0.00211306, 2.31363e-05, 0.39215, 8.10237e-05, 7.47143e-07, 2.74414e-10, 3.3847e-12, 3.12225e-10, 7.75172e-11, 6.92835e-08, 0.338113, 0.162428, 1173, 1173, 0.0641747, 0.075782, 5.32534e-18, 0.0601267, 0.393761, 0.406147, 8.04128e-06, 0.26507, 0.001795, 1.12433e-09, 0.00212049, 2.34362e-05, 0.392659, 8.15472e-05, 7.43374e-07, 2.74683e-10, 3.38886e-12, 3.12394e-10, 7.77026e-11, 6.99761e-08, 0.33825, 0.161876, 1173, 1173, 0.0642432, 0.0761394, 5.45669e-18, 0.0611501, 0.390615, 0.407844, 8.09477e-06, 0.264158, 0.00181804, 1.12616e-09, 0.00213055, 2.38489e-05, 0.393346, 8.22634e-05, 7.38247e-07, 2.75028e-10, 3.39498e-12, 3.12665e-10, 7.79664e-11, 7.09235e-08, 0.338441, 0.161116, 1173, 1173, 0.0643412, 0.0765942, 5.62955e-18, 0.0624785, 0.386588, 0.40999, 8.16297e-06, 0.262988, 0.00184802, 1.12871e-09, 0.00214335, 2.43869e-05, 0.39422, 8.31876e-05, 7.31698e-07, 2.75446e-10, 3.40355e-12, 3.1307e-10, 7.83222e-11, 7.21486e-08, 0.338692, 0.160106, 1173, 1173, 0.0644755, 0.0771543, 5.85141e-18, 0.0641421, 0.381617, 0.412603, 8.24669e-06, 0.261539, 0.0018858, 1.13214e-09, 0.00215905, 2.50674e-05, 0.395294, 8.43409e-05, 7.23646e-07, 2.7593e-10, 3.41516e-12, 3.13646e-10, 7.87863e-11, 7.36837e-08, 0.339012, 0.159004, 1173, 1173, 0.0646624, 0.0778306, 6.1322e-18, 0.0661593, 0.375623, 0.415716, 8.34679e-06, 0.25978, 0.00193261, 1.13675e-09, 0.00217788, 2.59146e-05, 0.396587, 8.57527e-05, 7.1398e-07, 2.76477e-10, 3.43091e-12, 3.1448e-10, 7.93889e-11, 7.55736e-08, 0.339409, 0.157687, 1173, 1173, 0.0649182, 0.078668, 6.48108e-18, 0.0685117, 0.36851, 0.419383, 8.46424e-06, 0.257659, 0.00198999, 1.14279e-09, 0.00220008, 2.69704e-05, 0.398165, 8.74586e-05, 7.02762e-07, 2.77169e-10, 3.45213e-12, 3.15642e-10, 8.01614e-11, 7.79059e-08, 0.339871, 0.123761, 1173, 1173, 0.0652629, 0.079813, 6.92834e-18, 0.0710359, 0.360137, 0.423742, 8.5997e-06, 0.255046, 0.00206016, 1.15031e-09, 0.00222575, 2.83237e-05, 0.400224, 8.95047e-05, 6.90499e-07, 2.7833e-10, 3.48037e-12, 3.17154e-10, 8.11306e-11, 8.08813e-08, 0.340326, 
0.00789474, 1.00015e+06, 1.00015e+06, 1.00015e+06, 1.00014e+06, 1.00014e+06, 1.00014e+06, 1.00014e+06, 1.00014e+06, 1.00014e+06, 1.00007e+06, 0.163513, 1173, 1173, 0.0576797, 0.080419, 4.87293e-18, 0.0611731, 0.403046, 0.397674, 8.02024e-06, 0.264294, 0.00169222, 9.95898e-10, 0.00204617, 2.34462e-05, 0.398512, 7.77785e-05, 8.12686e-07, 2.90633e-10, 3.13461e-12, 2.7911e-10, 6.91348e-11, 7.08254e-08, 0.333354, 0.163326, 1173, 1173, 0.0576881, 0.0805184, 4.90211e-18, 0.0614377, 0.402245, 0.398103, 8.03411e-06, 0.264065, 0.00169764, 9.9617e-10, 0.00204864, 2.35503e-05, 0.39869, 7.79499e-05, 8.113e-07, 2.9074e-10, 3.13519e-12, 2.79121e-10, 6.91803e-11, 7.10691e-08, 0.333397, 0.163035, 1173, 1173, 0.0577036, 0.0807201, 4.96705e-18, 0.0619746, 0.400632, 0.398961, 8.06201e-06, 0.263602, 0.00170858, 9.96692e-10, 0.00205358, 2.37615e-05, 0.399051, 7.8295e-05, 8.08536e-07, 2.90958e-10, 3.13634e-12, 2.79136e-10, 6.92706e-11, 7.15626e-08, 0.333482, 0.162564, 1173, 1173, 0.0577296, 0.0810253, 5.05715e-18, 0.0627964, 0.398187, 0.400254, 8.10425e-06, 0.2629, 0.00172532, 9.97533e-10, 0.00206105, 2.4085e-05, 0.399597, 7.88205e-05, 8.04351e-07, 2.91279e-10, 3.13827e-12, 2.79173e-10, 6.9412e-11, 7.23153e-08, 0.333613, 0.161902, 1173, 1173, 0.0577668, 0.0814396, 5.1942e-18, 0.0639243, 0.394878, 0.401983, 8.16131e-06, 0.261946, 0.00174823, 9.98713e-10, 0.00207107, 2.45297e-05, 0.400337, 7.95347e-05, 7.98729e-07, 2.91707e-10, 3.14113e-12, 2.79237e-10, 6.96083e-11, 7.33437e-08, 0.333793, 0.161123, 1173, 1173, 0.0578222, 0.0819641, 5.35727e-18, 0.065382, 0.390664, 0.40416, 8.23369e-06, 0.26073, 0.00177793, 1.00038e-09, 0.00208376, 2.51069e-05, 0.401272, 8.04527e-05, 7.91571e-07, 2.92222e-10, 3.14537e-12, 2.79365e-10, 6.98728e-11, 7.46679e-08, 0.33403, 0.160137, 1173, 1173, 0.0579079, 0.0825998, 5.57315e-18, 0.0671931, 0.385491, 0.4068, 8.322e-06, 0.259235, 0.00181522, 1.00278e-09, 0.00209929, 2.58322e-05, 0.402407, 8.15945e-05, 7.82755e-07, 2.928e-10, 3.1517e-12, 2.79622e-10, 7.02268e-11, 7.63148e-08, 0.334336, 0.158932, 1173, 1173, 0.0580319, 0.0833634, 5.84665e-18, 0.0693776, 0.379294, 0.409925, 8.42707e-06, 0.257433, 0.00186114, 1.00606e-09, 0.0021178, 2.67304e-05, 0.403764, 8.29835e-05, 7.7224e-07, 2.93452e-10, 3.1608e-12, 2.80047e-10, 7.06877e-11, 7.83312e-08, 0.334713, 0.15751, 1173, 1173, 0.0582101, 0.0842974, 6.18843e-18, 0.0719103, 0.371988, 0.413586, 8.54957e-06, 0.255275, 0.00191714, 1.01047e-09, 0.00213951, 2.78426e-05, 0.405403, 8.46533e-05, 7.60068e-07, 2.94253e-10, 3.17383e-12, 2.80712e-10, 7.12835e-11, 8.08023e-08, 0.335152, 0.111785, 1173, 1173, 0.0584609, 0.0855547, 6.61399e-18, 0.0746174, 0.363451, 0.417908, 8.69024e-06, 0.252642, 0.0019852, 1.01604e-09, 0.00216447, 2.92567e-05, 0.407512, 8.66434e-05, 7.46809e-07, 2.95538e-10, 3.19221e-12, 2.81637e-10, 7.20369e-11, 8.39277e-08, 0.335579, 
0.00894737, 1.00013e+06, 1.00013e+06, 1.00013e+06, 1.00013e+06, 1.00013e+06, 1.00013e+06, 1.00013e+06, 1.00013e+06, 1.00013e+06, 1.00006e+06, 0.163324, 1173, 1173, 0.0521837, 0.0850541, 4.72026e-18, 0.0637521, 0.405415, 0.393587, 8.1006e-06, 0.26215, 0.00164673, 8.91078e-10, 0.00200284, 2.41308e-05, 0.404414, 7.59091e-05, 8.63904e-07, 3.04887e-10, 2.9351e-12, 2.51684e-10, 6.24374e-11, 7.31063e-08, 0.329685, 0.163203, 1173, 1173, 0.0521841, 0.0851673, 4.74789e-18, 0.0640412, 0.404578, 0.394021, 8.11523e-06, 0.261912, 0.00165215, 8.91192e-10, 0.00200528, 2.42424e-05, 0.404605, 7.60805e-05, 8.62423e-07, 3.05015e-10, 2.93497e-12, 2.51646e-10, 6.24677e-11, 7.33688e-08, 0.329725, 0.162856, 1173, 1173, 0.0521845, 0.0853957, 4.8082e-18, 0.0646267, 0.402897, 0.394888, 8.14463e-06, 0.26143, 0.0016631, 8.91417e-10, 0.00201019, 2.44686e-05, 0.404989, 7.64255e-05, 8.59459e-07, 3.05271e-10, 2.93474e-12, 2.5157e-10, 6.25289e-11, 7.38992e-08, 0.329806, 0.162344, 1173, 1173, 0.0521877, 0.0857393, 4.90142e-18, 0.0655206, 0.400351, 0.396193, 8.189e-06, 0.260702, 0.00167984, 8.91808e-10, 0.00201759, 2.48143e-05, 0.405568, 7.69505e-05, 8.54966e-07, 3.05645e-10, 2.93454e-12, 2.51468e-10, 6.26257e-11, 7.47062e-08, 0.32993, 0.161725, 1173, 1173, 0.0522, 0.0861968, 5.0163e-18, 0.0667393, 0.396916, 0.397939, 8.24868e-06, 0.25972, 0.00170276, 8.92494e-10, 0.00202757, 2.5287e-05, 0.406339, 7.76648e-05, 8.48868e-07, 3.06119e-10, 2.93472e-12, 2.51375e-10, 6.27685e-11, 7.58021e-08, 0.330107, 0.160893, 1173, 1173, 0.0522238, 0.0867736, 5.20039e-18, 0.0683084, 0.392558, 0.400128, 8.32424e-06, 0.258472, 0.00173235, 8.93529e-10, 0.00204015, 2.58987e-05, 0.407311, 7.85796e-05, 8.41133e-07, 3.06686e-10, 2.93552e-12, 2.51304e-10, 6.29638e-11, 7.72081e-08, 0.330339, 0.159805, 1173, 1173, 0.0522618, 0.0874768, 5.41478e-18, 0.0702562, 0.38723, 0.402766, 8.41631e-06, 0.25694, 0.00176934, 8.94976e-10, 0.00205544, 2.66659e-05, 0.408494, 7.97109e-05, 8.31705e-07, 3.0734e-10, 2.93725e-12, 2.51272e-10, 6.322e-11, 7.89542e-08, 0.330634, 0.158608, 1173, 1173, 0.0523256, 0.0883166, 5.6845e-18, 0.0725971, 0.380877, 0.405875, 8.52542e-06, 0.255104, 0.00181473, 8.97052e-10, 0.00207358, 2.76123e-05, 0.409901, 8.10822e-05, 8.20488e-07, 3.08072e-10, 2.94061e-12, 2.51336e-10, 6.35572e-11, 8.10833e-08, 0.330997, 0.157197, 1173, 1173, 0.052427, 0.0893377, 6.01933e-18, 0.0753035, 0.373424, 0.409499, 8.65223e-06, 0.252917, 0.00186984, 8.99931e-10, 0.00209474, 2.87792e-05, 0.411589, 8.27232e-05, 8.0756e-07, 3.08961e-10, 2.94653e-12, 2.51549e-10, 6.39967e-11, 8.36804e-08, 0.331418, 0.109473, 1173, 1173, 0.0525787, 0.0906961, 6.43949e-18, 0.0781962, 0.364756, 0.413764, 8.79715e-06, 0.250262, 0.00193658, 9.03579e-10, 0.00211901, 3.02553e-05, 0.413741, 8.46726e-05, 7.93478e-07, 3.10346e-10, 2.95611e-12, 2.51912e-10, 6.45537e-11, 8.69471e-08, 0.331825, 
0.01, 1.00012e+06, 1.00012e+06, 1.00012e+06, 1.00012e+06, 1.00012e+06, 1.00012e+06, 1.00012e+06, 1.00012e+06, 1.00012e+06, 1.00005e+06, 0.162882, 1173, 1173, 0.0473323, 0.0894077, 4.64101e-18, 0.0665407, 0.405884, 0.390827, 8.19661e-06, 0.259885, 0.00161826, 8.00786e-10, 0.00197046, 2.49273e-05, 0.409775, 7.46395e-05, 9.07131e-07, 3.17721e-10, 2.76552e-12, 2.28001e-10, 5.67459e-11, 7.55622e-08, 0.32665, 0.162683, 1173, 1173, 0.0473261, 0.0895312, 4.67124e-18, 0.0668516, 0.40502, 0.391263, 8.21187e-06, 0.25964, 0.00162371, 8.00778e-10, 0.00197289, 2.50458e-05, 0.409973, 7.48112e-05, 9.05551e-07, 3.17859e-10, 2.76479e-12, 2.27926e-10, 5.6764e-11, 7.58406e-08, 0.326689, 0.162363, 1173, 1173, 0.0473143, 0.0897788, 4.73247e-18, 0.0674801, 0.403285, 0.392134, 8.24251e-06, 0.259146, 0.00163472, 8.00772e-10, 0.00197776, 2.52854e-05, 0.410371, 7.51572e-05, 9.02378e-07, 3.18132e-10, 2.76337e-12, 2.27777e-10, 5.68013e-11, 7.64021e-08, 0.326769, 0.161859, 1173, 1173, 0.0472984, 0.0901513, 4.8304e-18, 0.0684383, 0.400664, 0.39344, 8.28875e-06, 0.2584, 0.00165152, 8.00805e-10, 0.0019851, 2.56513e-05, 0.410968, 7.56824e-05, 8.97582e-07, 3.18532e-10, 2.76136e-12, 2.27566e-10, 5.68613e-11, 7.72552e-08, 0.326892, 0.161161, 1173, 1173, 0.04728, 0.0906502, 4.95699e-18, 0.0697455, 0.397134, 0.395182, 8.35089e-06, 0.257395, 0.00167446, 8.00914e-10, 0.00199494, 2.61515e-05, 0.411768, 7.63948e-05, 8.91122e-07, 3.19048e-10, 2.75891e-12, 2.273e-10, 5.69479e-11, 7.84139e-08, 0.327064, 0.160328, 1173, 1173, 0.0472635, 0.0912756, 5.12854e-18, 0.0714247, 0.392664, 0.397364, 8.42931e-06, 0.256121, 0.00170406, 8.01193e-10, 0.00200735, 2.67973e-05, 0.412771, 7.73064e-05, 8.82915e-07, 3.19659e-10, 2.75627e-12, 2.27005e-10, 5.70697e-11, 7.98969e-08, 0.327292, 0.159283, 1173, 1173, 0.0472579, 0.0920274, 5.34129e-18, 0.0734977, 0.387217, 0.399991, 8.52445e-06, 0.254567, 0.00174102, 8.01817e-10, 0.00202244, 2.76039e-05, 0.413977, 7.84332e-05, 8.72858e-07, 3.20336e-10, 2.75393e-12, 2.26726e-10, 5.72413e-11, 8.17291e-08, 0.327586, 0.158016, 1173, 1173, 0.0472722, 0.092917, 5.61135e-18, 0.0759782, 0.380746, 0.403078, 8.63692e-06, 0.252712, 0.00178626, 8.02953e-10, 0.00204031, 2.85948e-05, 0.415401, 7.9796e-05, 8.60892e-07, 3.21076e-10, 2.75249e-12, 2.2651e-10, 5.74786e-11, 8.39529e-08, 0.327952, 0.156503, 1173, 1173, 0.0473096, 0.0939957, 5.95119e-18, 0.0788426, 0.373183, 0.406661, 8.76733e-06, 0.25051, 0.00184101, 8.04617e-10, 0.00206109, 2.98128e-05, 0.417104, 8.14212e-05, 8.47152e-07, 3.21973e-10, 2.75245e-12, 2.26365e-10, 5.77911e-11, 8.66567e-08, 0.328372, 0.0971594, 1173, 1173, 0.0473811, 0.0954194, 6.36622e-18, 0.0819052, 0.364418, 0.410867, 8.91586e-06, 0.247851, 0.00190715, 8.06783e-10, 0.00208486, 3.13473e-05, 0.41926, 8.3347e-05, 8.32176e-07, 3.23359e-10, 2.75482e-12, 2.26297e-10, 5.81923e-11, 9.00425e-08, 0.328781, 
0.0110526, 1.00011e+06, 1.00011e+06, 1.00011e+06, 1.00011e+06, 1.00011e+06, 1.00011e+06, 1.00011e+06, 1.00011e+06, 1.00011e+06, 1.00004e+06, 0.16219, 1173, 1173, 0.0430818, 0.0933137, 4.62744e-18, 0.0693799, 0.404944, 0.389272, 8.30892e-06, 0.257662, 0.00160361, 7.23474e-10, 0.00194807, 2.57805e-05, 0.414452, 7.38777e-05, 9.41299e-07, 3.28761e-10, 2.61905e-12, 2.07642e-10, 5.1907e-11, 7.80575e-08, 0.324234, 0.16206, 1173, 1173, 0.0430691, 0.0934465, 4.65632e-18, 0.069712, 0.404059, 0.389705, 8.32468e-06, 0.257411, 0.00160911, 7.23346e-10, 0.00195047, 2.59057e-05, 0.414656, 7.40498e-05, 9.39642e-07, 3.28907e-10, 2.61778e-12, 2.07532e-10, 5.19136e-11, 7.83507e-08, 0.324272, 0.161697, 1173, 1173, 0.0430462, 0.0937103, 4.71859e-18, 0.0703806, 0.402281, 0.390574, 8.35626e-06, 0.256908, 0.00162022, 7.23141e-10, 0.0019553, 2.61582e-05, 0.415063, 7.4397e-05, 9.36295e-07, 3.29191e-10, 2.61535e-12, 2.07323e-10, 5.19303e-11, 7.89402e-08, 0.324352, 0.161159, 1173, 1173, 0.0430116, 0.0941081, 4.81386e-18, 0.0714009, 0.399598, 0.391873, 8.4039e-06, 0.256147, 0.00163715, 7.22833e-10, 0.00196255, 2.65438e-05, 0.415675, 7.49231e-05, 9.31254e-07, 3.29609e-10, 2.61173e-12, 2.0701e-10, 5.19566e-11, 7.9836e-08, 0.324476, 0.160507, 1173, 1173, 0.0429709, 0.0946361, 4.94487e-18, 0.0727876, 0.39599, 0.393607, 8.4678e-06, 0.255125, 0.00166026, 7.22535e-10, 0.00197229, 2.70695e-05, 0.41649, 7.5637e-05, 9.24434e-07, 3.30135e-10, 2.60718e-12, 2.06621e-10, 5.20008e-11, 8.10488e-08, 0.324649, 0.159648, 1173, 1173, 0.0429269, 0.0952951, 5.11723e-18, 0.0745641, 0.391433, 0.395772, 8.54835e-06, 0.253833, 0.00169003, 7.22309e-10, 0.00198455, 2.77468e-05, 0.417506, 7.6549e-05, 9.15776e-07, 3.30751e-10, 2.6019e-12, 2.06174e-10, 5.20689e-11, 8.25973e-08, 0.324881, 0.158528, 1173, 1173, 0.0428796, 0.0960936, 5.34187e-18, 0.0767591, 0.385895, 0.398364, 8.64632e-06, 0.252258, 0.00172706, 7.22161e-10, 0.00199934, 2.85923e-05, 0.418736, 7.76709e-05, 9.05276e-07, 3.31453e-10, 2.59604e-12, 2.05671e-10, 5.21643e-11, 8.451e-08, 0.325173, 0.157279, 1173, 1173, 0.0428316, 0.0970427, 5.60498e-18, 0.0793906, 0.379328, 0.401398, 8.76196e-06, 0.250378, 0.00177229, 7.2215e-10, 0.0020168, 2.96308e-05, 0.420191, 7.90242e-05, 8.92851e-07, 3.32232e-10, 2.58986e-12, 2.05128e-10, 5.22948e-11, 8.68315e-08, 0.325532, 0.155792, 1173, 1173, 0.0428026, 0.0981742, 5.94061e-18, 0.0824167, 0.371673, 0.404925, 8.89529e-06, 0.24816, 0.00182706, 7.22595e-10, 0.00203715, 3.09018e-05, 0.421909, 8.06397e-05, 8.78462e-07, 3.33128e-10, 2.58439e-12, 2.04635e-10, 5.24881e-11, 8.96392e-08, 0.325954, 0.0947116, 1173, 1173, 0.0427965, 0.099653, 6.36096e-18, 0.0856536, 0.362832, 0.409056, 9.04685e-06, 0.245495, 0.00189306, 7.23366e-10, 0.00206043, 3.24962e-05, 0.424066, 8.25506e-05, 8.62743e-07, 3.34494e-10, 2.58036e-12, 2.04171e-10, 5.27488e-11, 9.31384e-08, 0.326369, 
0.0121053, 1.0001e+06, 1.0001e+06, 1.0001e+06, 1.0001e+06, 1.0001e+06, 1.0001e+06, 1.00009e+06, 1.00009e+06, 1.00009e+06, 1.00004e+06, 0.16132, 1173, 1173, 0.0391809, 0.0971271, 4.65894e-18, 0.0725236, 0.402677, 0.388483, 8.43214e-06, 0.255293, 0.00159907, 6.53745e-10, 0.00193165, 2.67578e-05, 0.418918, 7.34614e-05, 9.69979e-07, 3.39045e-10, 2.48541e-12, 1.89183e-10, 4.75614e-11, 8.07887e-08, 0.322157, 0.161116, 1173, 1173, 0.0391638, 0.0972649, 4.69018e-18, 0.0728741, 0.401775, 0.388914, 8.44835e-06, 0.255039, 0.00160464, 6.53541e-10, 0.00193403, 2.68891e-05, 0.419123, 7.36346e-05, 9.68228e-07, 3.39188e-10, 2.4837e-12, 1.89049e-10, 4.75595e-11, 8.10941e-08, 0.322198, 0.160784, 1173, 1173, 0.0391277, 0.0975421, 4.75628e-18, 0.0735836, 0.399964, 0.389774, 8.48086e-06, 0.254528, 0.00161588, 6.53104e-10, 0.0019388, 2.71547e-05, 0.419536, 7.39832e-05, 9.64722e-07, 3.39473e-10, 2.48022e-12, 1.88773e-10, 4.75543e-11, 8.17101e-08, 0.322279, 0.160267, 1173, 1173, 0.0390796, 0.0979534, 4.85163e-18, 0.0746585, 0.397236, 0.391064, 8.52976e-06, 0.25376, 0.00163301, 6.52561e-10, 0.001946, 2.75583e-05, 0.42015, 7.45123e-05, 9.59391e-07, 3.39876e-10, 2.47525e-12, 1.88389e-10, 4.75545e-11, 8.26414e-08, 0.322408, 0.159555, 1173, 1173, 0.0390166, 0.0985024, 4.98479e-18, 0.0761213, 0.393573, 0.392778, 8.59546e-06, 0.252728, 0.00165635, 6.51872e-10, 0.00195561, 2.81089e-05, 0.420968, 7.52281e-05, 9.5223e-07, 3.4039e-10, 2.46875e-12, 1.87886e-10, 4.75585e-11, 8.3903e-08, 0.322588, 0.158717, 1173, 1173, 0.0389402, 0.099187, 5.16045e-18, 0.0779966, 0.388948, 0.394919, 8.67807e-06, 0.251424, 0.00168643, 6.51075e-10, 0.00196773, 2.88183e-05, 0.42199, 7.61428e-05, 9.43138e-07, 3.40988e-10, 2.46079e-12, 1.87274e-10, 4.75706e-11, 8.55134e-08, 0.322826, 0.157625, 1173, 1173, 0.0388604, 0.100004, 5.38197e-18, 0.0803024, 0.383337, 0.397488, 8.77796e-06, 0.249841, 0.00172388, 6.50359e-10, 0.00198241, 2.97007e-05, 0.423211, 7.72703e-05, 9.32015e-07, 3.4163e-10, 2.45186e-12, 1.86604e-10, 4.76051e-11, 8.7494e-08, 0.323133, 0.156323, 1173, 1173, 0.0387823, 0.100965, 5.65743e-18, 0.0830524, 0.376707, 0.400484, 8.89591e-06, 0.247962, 0.00176952, 6.49812e-10, 0.00199969, 3.07799e-05, 0.424646, 7.86269e-05, 9.18862e-07, 3.42321e-10, 2.44234e-12, 1.85903e-10, 4.76713e-11, 8.98859e-08, 0.323512, 0.154769, 1173, 1173, 0.0387019, 0.102121, 5.99964e-18, 0.0862259, 0.368995, 0.403946, 9.03218e-06, 0.245743, 0.00182458, 6.49343e-10, 0.00201971, 3.21004e-05, 0.42635, 8.02393e-05, 9.03779e-07, 3.43142e-10, 2.43236e-12, 1.85151e-10, 4.77694e-11, 9.27792e-08, 0.32395, 0.0824028, 1173, 1173, 0.0386333, 0.103622, 6.42451e-18, 0.0896244, 0.360107, 0.408004, 9.18639e-06, 0.243086, 0.00189093, 6.49029e-10, 0.00204264, 3.37524e-05, 0.428477, 8.21473e-05, 8.87219e-07, 3.44399e-10, 2.42292e-12, 1.8438e-10, 4.79159e-11, 9.63741e-08, 0.324387, 
0.0131579, 1.00008e+06, 1.00008e+06, 1.00008e+06, 1.00008e+06, 1.00008e+06, 1.00008e+06, 1.00008e+06, 1.00008e+06, 1.00008e+06, 1.00003e+06, 0.160309, 1173, 1173, 0.0357824, 0.100438, 4.73492e-18, 0.0756263, 0.399557, 0.388588, 8.56713e-06, 0.253057, 0.00160412, 5.94114e-10, 0.00192271, 2.7757e-05, 0.422731, 7.34069e-05, 9.90114e-07, 3.47528e-10, 2.36676e-12, 1.73291e-10, 4.38389e-11, 8.34796e-08, 0.320583, 0.160169, 1173, 1173, 0.0357597, 0.100582, 4.76693e-18, 0.0759963, 0.39864, 0.389014, 8.58368e-06, 0.2528, 0.00160977, 5.93814e-10, 0.00192506, 2.78947e-05, 0.422939, 7.35812e-05, 9.88301e-07, 3.4767e-10, 2.36463e-12, 1.7313e-10, 4.38279e-11, 8.37974e-08, 0.320624, 0.159813, 1173, 1173, 0.0357169, 0.100867, 4.83231e-18, 0.0767401, 0.396804, 0.389864, 8.61682e-06, 0.252284, 0.00162119, 5.93262e-10, 0.00192978, 2.81722e-05, 0.423352, 7.39322e-05, 9.84645e-07, 3.47944e-10, 2.36045e-12, 1.72819e-10, 4.38092e-11, 8.44357e-08, 0.32071, 0.159266, 1173, 1173, 0.035651, 0.101296, 4.93162e-18, 0.0778738, 0.394037, 0.391134, 8.6669e-06, 0.251506, 0.00163856, 5.92408e-10, 0.00193686, 2.85953e-05, 0.423974, 7.44633e-05, 9.79156e-07, 3.48347e-10, 2.35416e-12, 1.72347e-10, 4.37804e-11, 8.54044e-08, 0.320841, 0.158582, 1173, 1173, 0.0355637, 0.101867, 5.06844e-18, 0.0794158, 0.390323, 0.392822, 8.73399e-06, 0.25046, 0.00166224, 5.91295e-10, 0.00194633, 2.91721e-05, 0.424802, 7.51825e-05, 9.71758e-07, 3.48855e-10, 2.34583e-12, 1.71725e-10, 4.37448e-11, 8.67155e-08, 0.321024, 0.157732, 1173, 1173, 0.0354598, 0.102574, 5.24938e-18, 0.0813862, 0.385642, 0.394928, 8.81825e-06, 0.249144, 0.00169273, 5.90018e-10, 0.00195826, 2.99134e-05, 0.425829, 7.6101e-05, 9.62348e-07, 3.49431e-10, 2.33567e-12, 1.70977e-10, 4.37098e-11, 8.83843e-08, 0.321269, 0.156633, 1173, 1173, 0.0353412, 0.10342, 5.47658e-18, 0.0838103, 0.379972, 0.397448, 8.92023e-06, 0.247547, 0.00173064, 5.88617e-10, 0.00197267, 3.08353e-05, 0.427058, 7.72312e-05, 9.50879e-07, 3.50052e-10, 2.32384e-12, 1.70117e-10, 4.368e-11, 9.0436e-08, 0.321582, 0.155328, 1173, 1173, 0.0352131, 0.10441, 5.75876e-18, 0.0867016, 0.373278, 0.400388, 9.04026e-06, 0.245654, 0.00177684, 5.87193e-10, 0.00198967, 3.19617e-05, 0.428497, 7.85918e-05, 9.37284e-07, 3.50702e-10, 2.31066e-12, 1.69173e-10, 4.36648e-11, 9.29106e-08, 0.321971, 0.153782, 1173, 1173, 0.0350801, 0.105588, 6.10891e-18, 0.09003, 0.36551, 0.403782, 9.17854e-06, 0.243427, 0.00183257, 5.85799e-10, 0.00200937, 3.33352e-05, 0.430191, 8.02086e-05, 9.21632e-07, 3.51444e-10, 2.29653e-12, 1.68165e-10, 4.36728e-11, 9.58912e-08, 0.322426, 0.0800983, 1173, 1173, 0.0349487, 0.107109, 6.54365e-18, 0.0936007, 0.356583, 0.407749, 9.33499e-06, 0.240771, 0.00189958, 5.84403e-10, 0.00203188, 3.50479e-05, 0.432295, 8.2118e-05, 9.04443e-07, 3.52599e-10, 2.28221e-12, 1.67097e-10, 4.3712e-11, 9.95816e-08, 0.322884, 
0.0142105, 1.00007e+06, 1.00007e+06, 1.00007e+06, 1.00007e+06, 1.00007e+06, 1.00007e+06, 1.00007e+06, 1.00007e+06, 1.00007e+06, 1.00002e+06, 0.159129, 1173, 1173, 0.0324873, 0.103878, 4.84814e-18, 0.0792053, 0.395321, 0.3891, 8.71266e-06, 0.250585, 0.00161617, 5.36983e-10, 0.0019166, 2.89231e-05, 0.426631, 7.35652e-05, 1.00728e-06, 3.55913e-10, 2.25036e-12, 1.57967e-10, 4.02651e-11, 8.65237e-08, 0.319148, 0.15893, 1173, 1173, 0.0324617, 0.104022, 4.88214e-18, 0.0795918, 0.394396, 0.38952, 8.72955e-06, 0.250327, 0.00162194, 5.36636e-10, 0.00191894, 2.90667e-05, 0.426835, 7.37413e-05, 1.00538e-06, 3.5604e-10, 2.24788e-12, 1.57792e-10, 4.02481e-11, 8.68513e-08, 0.319193, 0.158599, 1173, 1173, 0.0324093, 0.104311, 4.94987e-18, 0.0803727, 0.392541, 0.390357, 8.76344e-06, 0.249808, 0.00163358, 5.35923e-10, 0.00192361, 2.93567e-05, 0.427246, 7.40955e-05, 1.00156e-06, 3.56291e-10, 2.2429e-12, 1.57436e-10, 4.02131e-11, 8.75112e-08, 0.319284, 0.15807, 1173, 1173, 0.0323322, 0.104743, 5.05354e-18, 0.0815588, 0.389747, 0.39161, 8.81442e-06, 0.249029, 0.0016513, 5.34885e-10, 0.00193065, 2.97979e-05, 0.427858, 7.46324e-05, 9.95797e-07, 3.56648e-10, 2.23549e-12, 1.56911e-10, 4.01632e-11, 8.85098e-08, 0.319426, 0.157354, 1173, 1173, 0.0322327, 0.105312, 5.19646e-18, 0.0831669, 0.386003, 0.393277, 8.88258e-06, 0.247984, 0.00167547, 5.33572e-10, 0.00194007, 3.03982e-05, 0.428668, 7.53598e-05, 9.88001e-07, 3.57082e-10, 2.22575e-12, 1.5623e-10, 4.01022e-11, 8.9858e-08, 0.319626, 0.156526, 1173, 1173, 0.0321124, 0.106016, 5.37951e-18, 0.0852199, 0.381291, 0.395352, 8.96823e-06, 0.24667, 0.00170653, 5.32021e-10, 0.00195192, 3.11689e-05, 0.429672, 7.62871e-05, 9.78121e-07, 3.57565e-10, 2.21377e-12, 1.55404e-10, 4.00336e-11, 9.15721e-08, 0.31989, 0.155435, 1173, 1173, 0.031971, 0.106857, 5.6162e-18, 0.0877455, 0.375588, 0.397829, 9.07184e-06, 0.245077, 0.00174514, 5.30236e-10, 0.00196623, 3.21267e-05, 0.430874, 7.74272e-05, 9.66102e-07, 3.58072e-10, 2.19962e-12, 1.54436e-10, 3.99592e-11, 9.36776e-08, 0.320228, 0.154122, 1173, 1173, 0.0318127, 0.107838, 5.90702e-18, 0.0907582, 0.368862, 0.40072, 9.19342e-06, 0.243189, 0.0017922, 5.28298e-10, 0.00198309, 3.32959e-05, 0.432277, 7.88003e-05, 9.51847e-07, 3.58576e-10, 2.18352e-12, 1.5335e-10, 3.98868e-11, 9.6214e-08, 0.320646, 0.152545, 1173, 1173, 0.0316469, 0.108996, 6.2682e-18, 0.0942193, 0.361074, 0.404054, 9.33317e-06, 0.240976, 0.00184891, 5.26349e-10, 0.00200265, 3.47178e-05, 0.43392, 8.0431e-05, 9.3542e-07, 3.5913e-10, 2.16607e-12, 1.52189e-10, 3.98299e-11, 9.92596e-08, 0.321136, 0.0679993, 1173, 1173, 0.0314744, 0.110493, 6.71642e-18, 0.0979394, 0.352141, 0.407943, 9.49118e-06, 0.238342, 0.00191704, 5.24272e-10, 0.00202499, 3.64872e-05, 0.435959, 8.23545e-05, 9.17375e-07, 3.60064e-10, 2.14778e-12, 1.50935e-10, 3.97902e-11, 1.03022e-07, 0.321637, 
0.0152632, 1.00006e+06, 1.00006e+06, 1.00006e+06, 1.00006e+06, 1.00006e+06, 1.00006e+06, 1.00006e+06, 1.00006e+06, 1.00006e+06, 1.00002e+06, 0.157934, 1173, 1173, 0.0297699, 0.106606, 4.9967e-18, 0.0825082, 0.39073, 0.390377, 8.86303e-06, 0.248403, 0.00163579, 4.90637e-10, 0.0019173, 3.00426e-05, 0.429715, 7.40238e-05, 1.01542e-06, 3.62076e-10, 2.14962e-12, 1.45412e-10, 3.73405e-11, 8.93487e-08, 0.318224, 0.15779, 1173, 1173, 0.0297359, 0.106757, 5.03093e-18, 0.0829179, 0.389793, 0.390788, 8.88029e-06, 0.24814, 0.00164168, 4.90147e-10, 0.00191959, 3.01935e-05, 0.429924, 7.42013e-05, 1.0135e-06, 3.62205e-10, 2.14668e-12, 1.45198e-10, 3.73122e-11, 8.96897e-08, 0.31827, 0.157437, 1173, 1173, 0.0296729, 0.107053, 5.10122e-18, 0.083737, 0.387918, 0.39161, 8.91473e-06, 0.247616, 0.00165357, 4.89254e-10, 0.0019242, 3.04968e-05, 0.430336, 7.4559e-05, 1.0096e-06, 3.62444e-10, 2.14098e-12, 1.44794e-10, 3.7261e-11, 9.03724e-08, 0.318364, 0.15689, 1173, 1173, 0.0295792, 0.107495, 5.20859e-18, 0.0849811, 0.385097, 0.392838, 8.96654e-06, 0.246828, 0.00167168, 4.87934e-10, 0.00193113, 3.09581e-05, 0.430951, 7.5101e-05, 1.00371e-06, 3.62782e-10, 2.13247e-12, 1.44193e-10, 3.7186e-11, 9.14051e-08, 0.318511, 0.156215, 1173, 1173, 0.0294567, 0.108078, 5.3568e-18, 0.0866672, 0.381319, 0.39447, 9.03584e-06, 0.245773, 0.00169635, 4.86228e-10, 0.0019404, 3.15853e-05, 0.431764, 7.58346e-05, 9.95766e-07, 3.6319e-10, 2.12121e-12, 1.43406e-10, 3.70902e-11, 9.27983e-08, 0.318717, 0.15537, 1173, 1173, 0.0293068, 0.108797, 5.55085e-18, 0.0888184, 0.376569, 0.396499, 9.12283e-06, 0.244447, 0.00172808, 4.84169e-10, 0.00195206, 3.239e-05, 0.432771, 7.67699e-05, 9.85683e-07, 3.63634e-10, 2.10727e-12, 1.42445e-10, 3.69765e-11, 9.4568e-08, 0.318991, 0.154259, 1173, 1173, 0.0291304, 0.10965, 5.793e-18, 0.0914616, 0.370826, 0.398922, 9.22778e-06, 0.242843, 0.0017675, 4.81782e-10, 0.00196615, 3.33888e-05, 0.433969, 7.79203e-05, 9.7339e-07, 3.6408e-10, 2.09072e-12, 1.41316e-10, 3.68478e-11, 9.67379e-08, 0.319342, 0.152976, 1173, 1173, 0.0289327, 0.110641, 6.09542e-18, 0.0946079, 0.364068, 0.401741, 9.35095e-06, 0.240947, 0.0018155, 4.79163e-10, 0.00198273, 3.46052e-05, 0.435363, 7.93036e-05, 9.58821e-07, 3.64502e-10, 2.07184e-12, 1.40049e-10, 3.67123e-11, 9.93446e-08, 0.319776, 0.151409, 1173, 1173, 0.0287148, 0.111809, 6.4688e-18, 0.0982307, 0.356252, 0.404984, 9.49257e-06, 0.238727, 0.00187329, 4.76313e-10, 0.00200193, 3.6083e-05, 0.436993, 8.09448e-05, 9.4205e-07, 3.64955e-10, 2.05086e-12, 1.3865e-10, 3.65739e-11, 1.02471e-07, 0.320286, 0.0660363, 1173, 1173, 0.028484, 0.113305, 6.93355e-18, 0.102133, 0.347303, 0.408766, 9.65235e-06, 0.236093, 0.00194268, 4.73244e-10, 0.00202387, 3.79164e-05, 0.439004, 8.28807e-05, 9.23552e-07, 3.65743e-10, 2.0285e-12, 1.37135e-10, 3.64412e-11, 1.06319e-07, 0.320814, 
0.0163158, 1.00005e+06, 1.00005e+06, 1.00005e+06, 1.00005e+06, 1.00005e+06, 1.00005e+06, 1.00005e+06, 1.00005e+06, 1.00005e+06, 1.00001e+06, 0.156484, 1173, 1173, 0.0268119, 0.109823, 5.18713e-18, 0.0866822, 0.384874, 0.3918, 9.03142e-06, 0.245774, 0.00166161, 4.40523e-10, 0.00191835, 3.14374e-05, 0.433293, 7.46263e-05, 1.02346e-06, 3.6905e-10, 2.0386e-12, 1.31775e-10, 3.41594e-11, 9.27926e-08, 0.317246, 0.156301, 1173, 1173, 0.0267836, 0.109963, 5.22397e-18, 0.0870975, 0.38394, 0.392206, 9.04857e-06, 0.245518, 0.00166766, 4.40131e-10, 0.00192066, 3.15922e-05, 0.433488, 7.4807e-05, 1.0214e-06, 3.69136e-10, 2.03566e-12, 1.31587e-10, 3.41345e-11, 9.31365e-08, 0.317299, 0.155973, 1173, 1173, 0.0267196, 0.11025, 5.29661e-18, 0.0879454, 0.382063, 0.393013, 9.08326e-06, 0.244999, 0.00167986, 4.39227e-10, 0.00192526, 3.19063e-05, 0.433883, 7.51698e-05, 1.0173e-06, 3.69316e-10, 2.02951e-12, 1.31179e-10, 3.40772e-11, 9.38321e-08, 0.317405, 0.155454, 1173, 1173, 0.026626, 0.110675, 5.40907e-18, 0.0892295, 0.379242, 0.394219, 9.13536e-06, 0.244219, 0.00169843, 4.37916e-10, 0.00193217, 3.23835e-05, 0.434471, 7.57199e-05, 1.0111e-06, 3.6956e-10, 2.02038e-12, 1.3058e-10, 3.39946e-11, 9.48831e-08, 0.31757, 0.154747, 1173, 1173, 0.0265016, 0.111236, 5.56305e-18, 0.0909709, 0.375464, 0.395818, 9.20519e-06, 0.243175, 0.00172372, 4.36184e-10, 0.00194141, 3.30324e-05, 0.435249, 7.64637e-05, 1.00277e-06, 3.69847e-10, 2.00822e-12, 1.29787e-10, 3.3886e-11, 9.63012e-08, 0.3178, 0.153931, 1173, 1173, 0.0263458, 0.111928, 5.76404e-18, 0.0931958, 0.370714, 0.397808, 9.29277e-06, 0.241863, 0.00175626, 4.34034e-10, 0.00195303, 3.38653e-05, 0.436213, 7.74127e-05, 9.92201e-07, 3.70137e-10, 1.99301e-12, 1.28802e-10, 3.37524e-11, 9.81025e-08, 0.318103, 0.152871, 1173, 1173, 0.0261654, 0.112741, 6.01789e-18, 0.0959214, 0.364979, 0.400184, 9.39819e-06, 0.240277, 0.0017967, 4.31587e-10, 0.00196709, 3.48968e-05, 0.437353, 7.85802e-05, 9.79302e-07, 3.70383e-10, 1.97503e-12, 1.27659e-10, 3.36027e-11, 1.00306e-07, 0.318491, 0.151563, 1173, 1173, 0.0259607, 0.113683, 6.333e-18, 0.0991647, 0.358238, 0.402944, 9.52195e-06, 0.238405, 0.0018459, 4.28853e-10, 0.00198363, 3.61519e-05, 0.438679, 7.9983e-05, 9.64053e-07, 3.70569e-10, 1.95438e-12, 1.26365e-10, 3.34393e-11, 1.0295e-07, 0.318969, 0.149982, 1173, 1173, 0.0257349, 0.114789, 6.72257e-18, 0.102896, 0.350452, 0.406119, 9.66393e-06, 0.236216, 0.00190513, 4.25872e-10, 0.00200278, 3.7674e-05, 0.440224, 8.16473e-05, 9.46494e-07, 3.70736e-10, 1.93135e-12, 1.24936e-10, 3.32682e-11, 1.06113e-07, 0.319531, 0.0542652, 1173, 1173, 0.025493, 0.116209, 7.2056e-18, 0.106918, 0.341551, 0.409819, 9.82391e-06, 0.233623, 0.0019762, 4.22632e-10, 0.00202468, 3.95594e-05, 0.442132, 8.36095e-05, 9.27121e-07, 3.71191e-10, 1.90658e-12, 1.23382e-10, 3.30959e-11, 1.10003e-07, 0.32012, 
0.0173684, 1.00004e+06, 1.00004e+06, 1.00004e+06, 1.00004e+06, 1.00004e+06, 1.00004e+06, 1.00004e+06, 1.00003e+06, 1.00003e+06, 1.00001e+06, 0.155272, 1173, 1173, 0.0247689, 0.111878, 5.39394e-18, 0.0899641, 0.37951, 0.39387, 9.18458e-06, 0.243768, 0.00169201, 4.06474e-10, 0.0019262, 3.26113e-05, 0.43563, 7.54598e-05, 1.02147e-06, 3.72885e-10, 1.95517e-12, 1.22356e-10, 3.19643e-11, 9.55843e-08, 0.316874, 0.155109, 1173, 1173, 0.0247276, 0.112028, 5.42909e-18, 0.0904101, 0.37856, 0.394266, 9.20242e-06, 0.243504, 0.00169825, 4.05864e-10, 0.00192846, 3.27752e-05, 0.435832, 7.56431e-05, 1.01942e-06, 3.72978e-10, 1.95164e-12, 1.2211e-10, 3.19238e-11, 9.59444e-08, 0.316927, 0.154771, 1173, 1173, 0.0246516, 0.11232, 5.50649e-18, 0.0912979, 0.376664, 0.395058, 9.23783e-06, 0.242978, 0.00171082, 4.04757e-10, 0.00193301, 3.3104e-05, 0.43623, 7.60121e-05, 1.01527e-06, 3.73142e-10, 1.94482e-12, 1.2165e-10, 3.18502e-11, 9.66638e-08, 0.317038, 0.154232, 1173, 1173, 0.0245355, 0.112756, 5.62539e-18, 0.0926492, 0.373811, 0.396239, 9.29118e-06, 0.242186, 0.00172996, 4.03067e-10, 0.00193983, 3.36044e-05, 0.436825, 7.65707e-05, 1.00902e-06, 3.73371e-10, 1.93451e-12, 1.20951e-10, 3.1738e-11, 9.77525e-08, 0.317208, 0.153547, 1173, 1173, 0.0243823, 0.113329, 5.7862e-18, 0.0944789, 0.369995, 0.397805, 9.36232e-06, 0.241127, 0.00175602, 4.0085e-10, 0.00194895, 3.42841e-05, 0.43761, 7.73267e-05, 1.00059e-06, 3.73627e-10, 1.9208e-12, 1.20031e-10, 3.15912e-11, 9.92192e-08, 0.317445, 0.152732, 1173, 1173, 0.0241946, 0.114031, 5.99742e-18, 0.0968076, 0.365207, 0.39975, 9.45136e-06, 0.239799, 0.00178952, 3.98159e-10, 0.00196042, 3.51543e-05, 0.438577, 7.829e-05, 9.89902e-07, 3.7387e-10, 1.90379e-12, 1.18906e-10, 3.14136e-11, 1.01077e-07, 0.31776, 0.151649, 1173, 1173, 0.0239715, 0.114858, 6.26366e-18, 0.0996641, 0.359432, 0.402065, 9.55863e-06, 0.238195, 0.0018311, 3.94984e-10, 0.00197426, 3.62321e-05, 0.439722, 7.94734e-05, 9.76892e-07, 3.74062e-10, 1.88346e-12, 1.17574e-10, 3.12053e-11, 1.03349e-07, 0.31816, 0.150365, 1173, 1173, 0.023715, 0.11581, 6.59399e-18, 0.103065, 0.35265, 0.40475, 9.68422e-06, 0.236304, 0.0018817, 3.91365e-10, 0.00199053, 3.7542e-05, 0.441049, 8.08953e-05, 9.61493e-07, 3.74171e-10, 1.85993e-12, 1.16051e-10, 3.09702e-11, 1.06071e-07, 0.318655, 0.148802, 1173, 1173, 0.0234309, 0.116919, 7.00182e-18, 0.106978, 0.344832, 0.407831, 9.82802e-06, 0.234099, 0.00194257, 3.87386e-10, 0.00200937, 3.91268e-05, 0.442587, 8.2581e-05, 9.43737e-07, 3.74228e-10, 1.83356e-12, 1.14365e-10, 3.07166e-11, 1.09317e-07, 0.31924, 0.0527739, 1173, 1173, 0.0231228, 0.118332, 7.5071e-18, 0.11121, 0.335915, 0.41141, 9.99009e-06, 0.231497, 0.00201551, 3.83023e-10, 0.00203087, 4.10833e-05, 0.444472, 8.45659e-05, 9.24117e-07, 3.74531e-10, 1.80491e-12, 1.12522e-10, 3.0449e-11, 1.13293e-07, 0.319858, 
0.0184211, 1.00002e+06, 1.00002e+06, 1.00002e+06, 1.00002e+06, 1.00002e+06, 1.00002e+06, 1.00002e+06, 1.00002e+06, 1.00002e+06, 1.00001e+06, 0.153474, 1173, 1173, 0.021854, 0.115049, 5.68045e-18, 0.0951418, 0.371824, 0.396121, 9.38985e-06, 0.24082, 0.00173351, 3.57942e-10, 0.00193345, 3.43581e-05, 0.439138, 7.65233e-05, 1.0213e-06, 3.78812e-10, 1.83706e-12, 1.08963e-10, 2.88136e-11, 9.96777e-08, 0.316263, 0.153319, 1173, 1173, 0.0218187, 0.115186, 5.72104e-18, 0.0955925, 0.370889, 0.396504, 9.40724e-06, 0.240564, 0.0017399, 3.57432e-10, 0.00193569, 3.45257e-05, 0.439325, 7.67086e-05, 1.01915e-06, 3.78858e-10, 1.83357e-12, 1.08746e-10, 2.87769e-11, 1.00038e-07, 0.316324, 0.152993, 1173, 1173, 0.0217459, 0.115459, 5.80134e-18, 0.0965038, 0.369014, 0.397267, 9.44216e-06, 0.240049, 0.00175279, 3.5638e-10, 0.00194018, 3.4864e-05, 0.439697, 7.70814e-05, 1.01485e-06, 3.78944e-10, 1.82652e-12, 1.08303e-10, 2.87017e-11, 1.00762e-07, 0.316448, 0.152489, 1173, 1173, 0.0216393, 0.115862, 5.92519e-18, 0.0978826, 0.366198, 0.398408, 9.49455e-06, 0.239276, 0.00177242, 3.54848e-10, 0.00194693, 3.53775e-05, 0.44025, 7.76466e-05, 1.00834e-06, 3.79042e-10, 1.81603e-12, 1.07652e-10, 2.8592e-11, 1.01855e-07, 0.31664, 0.151814, 1173, 1173, 0.0215, 0.116388, 6.09496e-18, 0.0997459, 0.362435, 0.399922, 9.56455e-06, 0.238245, 0.00179914, 3.52861e-10, 0.00195598, 3.6074e-05, 0.440977, 7.84113e-05, 9.99558e-07, 3.79122e-10, 1.80214e-12, 1.068e-10, 2.84498e-11, 1.03326e-07, 0.316907, 0.151027, 1173, 1173, 0.0213284, 0.11703, 6.31574e-18, 0.102117, 0.357714, 0.4018, 9.65235e-06, 0.236951, 0.00183349, 3.50435e-10, 0.00196735, 3.69655e-05, 0.441872, 7.93859e-05, 9.88438e-07, 3.79143e-10, 1.78485e-12, 1.05754e-10, 2.82764e-11, 1.05187e-07, 0.317259, 0.149998, 1173, 1173, 0.0211273, 0.117779, 6.59433e-18, 0.10502, 0.352023, 0.40404, 9.75803e-06, 0.23539, 0.00187615, 3.4762e-10, 0.00198111, 3.80677e-05, 0.442926, 8.05846e-05, 9.74884e-07, 3.79056e-10, 1.76426e-12, 1.0453e-10, 2.80759e-11, 1.07459e-07, 0.317707, 0.148728, 1173, 1173, 0.0209011, 0.118633, 6.94027e-18, 0.108464, 0.34535, 0.406642, 9.88175e-06, 0.233554, 0.00192806, 3.44494e-10, 0.00199733, 3.94044e-05, 0.44414, 8.20255e-05, 9.58839e-07, 3.78825e-10, 1.74062e-12, 1.03152e-10, 2.78548e-11, 1.10173e-07, 0.318259, 0.147187, 1173, 1173, 0.0206501, 0.119625, 7.36684e-18, 0.112422, 0.337663, 0.409629, 1.00236e-05, 0.231412, 0.0019905, 3.41054e-10, 0.00201611, 4.10201e-05, 0.445546, 8.3734e-05, 9.40365e-07, 3.78491e-10, 1.71407e-12, 1.01625e-10, 2.76154e-11, 1.13408e-07, 0.31891, 0.041381, 1173, 1173, 0.0203796, 0.120901, 7.89583e-18, 0.116698, 0.328897, 0.413115, 1.01828e-05, 0.228884, 0.00206541, 3.37314e-10, 0.00203767, 4.30146e-05, 0.447279, 8.57496e-05, 9.19897e-07, 3.78341e-10, 1.68523e-12, 9.99678e-11, 2.73646e-11, 1.17373e-07, 0.319604, 
0.0194737, 1.00001e+06, 1.00001e+06, 1.00001e+06, 1.00001e+06, 1.00001e+06, 1.00001e+06, 1.00001e+06, 1.00001e+06, 1.00001e+06, 1e+06, 0.152516, 1173, 1173, 0.0206543, 0.116265, 5.89509e-18, 0.0977115, 0.36704, 0.398319, 9.51256e-06, 0.239296, 0.00176608, 3.38333e-10, 0.00194441, 3.53726e-05, 0.440575, 7.74573e-05, 1.01331e-06, 3.80388e-10, 1.78101e-12, 1.0338e-10, 2.75093e-11, 1.01959e-07, 0.316304, 0.152348, 1173, 1173, 0.0206137, 0.116403, 5.93818e-18, 0.0981826, 0.366088, 0.398703, 9.53056e-06, 0.239035, 0.00177274, 3.37738e-10, 0.00194668, 3.5548e-05, 0.440763, 7.76486e-05, 1.01111e-06, 3.80422e-10, 1.77723e-12, 1.0314e-10, 2.74661e-11, 1.02332e-07, 0.316369, 0.152025, 1173, 1173, 0.020531, 0.116677, 6.02295e-18, 0.0991345, 0.364181, 0.399467, 9.56666e-06, 0.23851, 0.00178619, 3.36522e-10, 0.00195123, 3.5902e-05, 0.441137, 7.80334e-05, 1.0067e-06, 3.80481e-10, 1.76962e-12, 1.02653e-10, 2.73783e-11, 1.03081e-07, 0.316501, 0.151499, 1173, 1173, 0.0204068, 0.117083, 6.15311e-18, 0.100578, 0.361314, 0.400608, 9.62096e-06, 0.237722, 0.00180666, 3.347e-10, 0.00195805, 3.644e-05, 0.441694, 7.86165e-05, 1.00004e-06, 3.80545e-10, 1.75817e-12, 1.01925e-10, 2.72467e-11, 1.04213e-07, 0.316703, 0.150825, 1173, 1173, 0.0202386, 0.117618, 6.33297e-18, 0.102538, 0.357478, 0.402118, 9.69361e-06, 0.236666, 0.00183455, 3.32236e-10, 0.00196718, 3.71716e-05, 0.44243, 7.94054e-05, 9.91088e-07, 3.80584e-10, 1.74279e-12, 1.00946e-10, 2.70691e-11, 1.0574e-07, 0.316984, 0.150025, 1173, 1173, 0.0200281, 0.118271, 6.56849e-18, 0.105034, 0.352667, 0.40399, 9.7846e-06, 0.235341, 0.0018704, 3.29162e-10, 0.00197863, 3.81086e-05, 0.443338, 8.04106e-05, 9.79762e-07, 3.80556e-10, 1.72353e-12, 9.97284e-11, 2.68479e-11, 1.07673e-07, 0.317352, 0.148974, 1173, 1173, 0.019773, 0.119037, 6.86522e-18, 0.108099, 0.346869, 0.406212, 9.89417e-06, 0.233741, 0.00191494, 3.25446e-10, 0.00199243, 3.92687e-05, 0.444411, 8.16456e-05, 9.66004e-07, 3.80416e-10, 1.70029e-12, 9.82658e-11, 2.65812e-11, 1.10035e-07, 0.317818, 0.147695, 1173, 1173, 0.0194725, 0.119914, 7.23307e-18, 0.111755, 0.340067, 0.40878, 1.00223e-05, 0.231855, 0.00196913, 3.21078e-10, 0.00200864, 4.06774e-05, 0.445651, 8.31288e-05, 9.49757e-07, 3.80128e-10, 1.67305e-12, 9.65599e-11, 2.62692e-11, 1.12859e-07, 0.318391, 0.146113, 1173, 1173, 0.0191283, 0.120931, 7.68666e-18, 0.115979, 0.332244, 0.411708, 1.01691e-05, 0.229659, 0.00203423, 3.16072e-10, 0.00202732, 4.23779e-05, 0.447084, 8.48837e-05, 9.31091e-07, 3.79718e-10, 1.64201e-12, 9.46218e-11, 2.59145e-11, 1.16218e-07, 0.319067, 0.0404992, 1173, 1173, 0.0187414, 0.12222, 8.24771e-18, 0.120594, 0.323346, 0.415088, 1.03341e-05, 0.227079, 0.00211216, 3.10381e-10, 0.00204861, 4.44682e-05, 0.448834, 8.69471e-05, 9.10429e-07, 3.79452e-10, 1.60755e-12, 9.24523e-11, 2.55184e-11, 1.2031e-07, 0.319794, 
0.0205263, 1e+06, 1e+06, 1e+06, 1e+06, 1e+06, 1e+06, 1e+06, 1e+06, 1e+06, 1e+06, 0.150058, 1173, 1173, 0.0173842, 0.119573, 6.39739e-18, 0.105098, 0.355757, 0.402179, 9.80492e-06, 0.235525, 0.00183927, 2.84687e-10, 0.0019627, 3.78869e-05, 0.444335, 7.94171e-05, 1.00012e-06, 3.8504e-10, 1.63402e-12, 8.83171e-11, 2.39191e-11, 1.07512e-07, 0.31622, 0.149904, 1173, 1173, 0.0173423, 0.1197, 6.44275e-18, 0.105586, 0.354827, 0.402535, 9.82257e-06, 0.23527, 0.00184613, 2.84065e-10, 0.00196488, 3.80687e-05, 0.444509, 7.96094e-05, 9.97906e-07, 3.85031e-10, 1.63007e-12, 8.80742e-11, 2.38716e-11, 1.07887e-07, 0.316291, 0.149596, 1173, 1173, 0.01726, 0.11995, 6.5334e-18, 0.106567, 0.352969, 0.403244, 9.85776e-06, 0.234761, 0.00185997, 2.82847e-10, 0.00196925, 3.84343e-05, 0.444854, 7.9996e-05, 9.9346e-07, 3.85001e-10, 1.62221e-12, 8.75959e-11, 2.37784e-11, 1.08637e-07, 0.316436, 0.149104, 1173, 1173, 0.0171374, 0.120318, 6.67284e-18, 0.108052, 0.350183, 0.4043, 9.91051e-06, 0.233997, 0.00188101, 2.81034e-10, 0.0019758, 3.89885e-05, 0.445366, 8.05808e-05, 9.86757e-07, 3.84927e-10, 1.61045e-12, 8.6884e-11, 2.36396e-11, 1.09768e-07, 0.316659, 0.148465, 1173, 1173, 0.0169775, 0.120796, 6.86374e-18, 0.110051, 0.346471, 0.405695, 9.98061e-06, 0.232981, 0.00190958, 2.78685e-10, 0.00198455, 3.97377e-05, 0.446035, 8.137e-05, 9.77751e-07, 3.84775e-10, 1.5949e-12, 8.59554e-11, 2.34591e-11, 1.11282e-07, 0.316968, 0.147717, 1173, 1173, 0.016782, 0.121371, 7.11079e-18, 0.112585, 0.341835, 0.407417, 1.0068e-05, 0.231711, 0.00194617, 2.75825e-10, 0.00199551, 4.0692e-05, 0.446853, 8.23723e-05, 9.66393e-07, 3.84501e-10, 1.57563e-12, 8.48204e-11, 2.3239e-11, 1.1319e-07, 0.317371, 0.146735, 1173, 1173, 0.016557, 0.12203, 7.42118e-18, 0.115666, 0.33628, 0.409457, 1.01722e-05, 0.230188, 0.0019914, 2.72562e-10, 0.00200871, 4.18641e-05, 0.447806, 8.35992e-05, 9.52616e-07, 3.8405e-10, 1.5529e-12, 8.35106e-11, 2.29867e-11, 1.155e-07, 0.317879, 0.145544, 1173, 1173, 0.0163116, 0.122765, 7.80448e-18, 0.119293, 0.329812, 0.411809, 1.02929e-05, 0.228411, 0.00204612, 2.69049e-10, 0.00202421, 4.32732e-05, 0.448887, 8.50663e-05, 9.36379e-07, 3.83377e-10, 1.52713e-12, 8.20723e-11, 2.27137e-11, 1.18234e-07, 0.318502, 0.144065, 1173, 1173, 0.0160618, 0.123595, 8.27215e-18, 0.1234, 0.322435, 0.414498, 1.04293e-05, 0.226362, 0.00211145, 2.65539e-10, 0.00204211, 4.4956e-05, 0.450117, 8.67949e-05, 9.17753e-07, 3.82506e-10, 1.49913e-12, 8.05801e-11, 2.24393e-11, 1.21452e-07, 0.319235, 0.0294358, 1173, 1173, 0.0158347, 0.124663, 8.84716e-18, 0.127718, 0.314126, 0.417647, 1.05801e-05, 0.223973, 0.00218909, 2.62425e-10, 0.00206266, 4.70096e-05, 0.451622, 8.88196e-05, 8.97232e-07, 3.81742e-10, 1.47053e-12, 7.91533e-11, 2.21964e-11, 1.25358e-07, 0.320016, 
